name,state,lat,lon,population,country
New York,NY,40.6943,-73.9249,19268388,US
Los Angeles,CA,34.1141,-118.4068,11984083,US
Chicago,IL,41.8375,-87.6866,8609571,US
Miami,FL,25.784,-80.2101,6391670,US
Houston,TX,29.786,-95.3885,6227666,US
Dallas,TX,32.7935,-96.7667,5968322,US
Philadelphia,PA,40.0077,-75.1339,5782653,US
Toronto,ON,43.7417,-79.3733,5647656,CA
Atlanta,GA,33.7628,-84.422,5298788,US
Washington,DC,38.9047,-77.0163,5230370,US
Boston,MA,42.3188,-71.0852,4453352,US
Phoenix,AZ,33.5722,-112.0892,4121103,US
Detroit,MI,42.3834,-83.1024,3773725,US
Montreal,QC,45.5089,-73.5617,3675219,CA
Seattle,WA,47.6211,-122.3244,3642006,US
San Francisco,CA,37.7558,-122.4449,3417736,US
San Diego,CA,32.8313,-117.1222,3064435,US
Tampa,FL,27.9945,-82.4447,2957531,US
Minneapolis,MN,44.9635,-93.2678,2937866,US
Brooklyn,NY,40.6501,-73.9496,2736074,US
Denver,CO,39.762,-104.8758,2714768,US
Vancouver,BC,49.25,-123.1,2426160,CA
Queens,NY,40.7498,-73.7976,2405464,US
Riverside,CA,33.9381,-117.3949,2333040,US
Las Vegas,NV,36.2333,-115.2654,2299189,US
Baltimore,MD,39.3051,-76.6144,2201673,US
St. Louis,MO,38.6359,-90.2451,2129918,US
Portland,OR,45.5371,-122.65,2115140,US
San Antonio,TX,29.4632,-98.5238,2096390,US
Sacramento,CA,38.5677,-121.4685,1975489,US
Orlando,FL,28.4773,-81.337,1948155,US
Austin,TX,30.3005,-97.7522,1940039,US
San Jose,CA,37.3012,-121.848,1827643,US
San Juan,PR,18.3985,-66.061,1813477,US
Indianapolis,IN,39.7771,-86.1458,1767321,US
Pittsburgh,PA,40.4397,-79.9763,1729616,US
Cincinnati,OH,39.1413,-84.506,1726642,US
Kansas City,MO,39.1238,-94.5541,1714910,US
Cleveland,OH,41.4764,-81.6805,1695555,US
Manhattan,NY,40.7834,-73.9662,1694263,US
Columbus,OH,39.9862,-82.9855,1635039,US
Charlotte,NC,35.2083,-80.8303,1488249,US
Bronx,NY,40.8501,-73.8662,1472654,US
Virginia Beach,VA,36.7335,-76.0435,1441893,US
Jacksonville,FL,30.3322,-81.6749,1335714,US
Calgary,AB,51.05,-114.0667,1306784,CA
Providence,RI,41.823,-71.4187,1292041,US
Milwaukee,WI,43.0642,-87.9675,1291752,US
Nashville,TN,36.1715,-86.7842,1201962,US
Salt Lake City,UT,40.7776,-111.9311,1183003,US
Raleigh,NC,35.8324,-78.6429,1179118,US
Edmonton,AB,53.5344,-113.4903,1151635,CA
Richmond,VA,37.5295,-77.4756,1098457,US
Ottawa,ON,45.4247,-75.695,1068821,CA
Memphis,TN,35.1087,-89.9663,1037125,US
Oklahoma City,OK,35.4676,-97.5136,1017828,US
Hartford,CT,41.7661,-72.6834,990793,US
Louisville,KY,38.1663,-85.6485,988018,US
Fort Worth,TX,32.7817,-97.3474,963194,US
Bridgeport,CT,41.1918,-73.1954,945974,US
Buffalo,NY,42.9018,-78.8487,934832,US
New Orleans,LA,30.0687,-89.9288,928503,US
Tucson,AZ,32.1541,-110.8787,890860,US
El Paso,TX,31.8476,-106.43,866309,US
Omaha,NE,41.2627,-96.0529,836740,US
McAllen,TX,26.2252,-98.2467,820752,US
Birmingham,AL,33.5279,-86.7971,773997,US
Albuquerque,NM,35.1054,-106.6465,765360,US
Winnipeg,MB,49.8844,-97.1464,758515,CA
Tulsa,OK,36.1283,-95.9042,747529,US
Charleston,SC,32.8168,-79.9687,734681,US
Quebec City,QC,46.8139,-71.2081,733156,CA
Fresno,CA,36.783,-119.7939,732197,US
Hamilton,ON,43.2567,-79.8692,729560,CA
Mississauga,ON,43.6,-79.65,717961,CA
Rochester,NY,43.168,-77.6162,697898,US
Cape Coral,FL,26.6443,-81.9957,675797,US
Dayton,OH,39.7805,-84.2003,672634,US
Brampton,ON,43.6833,-79.7667,656480,CA
Baton Rouge,LA,30.442,-91.1311,654357,US
Mission Viejo,CA,33.6096,-117.6551,647990,US
Allentown,PA,40.5961,-75.4756,644758,US
Colorado Springs,CO,38.8674,-104.7605,643336,US
Provo,UT,40.2457,-111.6457,641732,US
Ogden,UT,41.2279,-111.9682,630643,US
Knoxville,TN,35.9692,-83.9496,627090,US
Grand Rapids,MI,42.9619,-85.6562,622168,US
Columbia,SC,34.0378,-80.9036,610536,US
Albany,NY,42.6664,-73.7987,607238,US
Des Moines,IA,41.5725,-93.6105,570091,US
Surrey,BC,49.19,-122.8489,568322,CA
New Haven,CT,41.3113,-72.9246,567250,US
Bakersfield,CA,35.3529,-119.0359,566351,US
Palm Bay,FL,27.9631,-80.6593,553332,US
Akron,OH,41.0798,-81.5219,537241,US
Concord,CA,37.9722,-122.0016,531305,US
Kitchener,ON,43.4186,-80.4728,522888,CA
Wichita,KS,37.6895,-97.3443,519036,US
Mesa,AZ,33.4015,-111.7178,511764,US
Harrisburg,PA,40.2752,-76.8843,510827,US
Worcester,MA,42.2705,-71.8079,496386,US
Staten Island,NY,40.5834,-74.1496,495747,US
Toledo,OH,41.6638,-83.5827,494010,US
Port St. Lucie,FL,27.2796,-80.3884,493825,US
Madison,WI,43.0822,-89.393,470689,US
Kissimmee,FL,28.3041,-81.4169,470667,US
Reno,NV,39.5497,-119.8483,466706,US
Little Rock,AR,34.7256,-92.3577,466334,US
Denton,TX,33.2175,-97.1418,464461,US
Spokane,WA,47.6671,-117.433,462286,US
Long Beach,CA,33.7977,-118.167,455548,US
Bonita Springs,FL,26.3558,-81.7859,452793,US
Boise,ID,43.6005,-116.2308,448305,US
Winston-Salem,NC,36.1029,-80.261,443598,US
Halifax,NS,44.6475,-63.5906,439819,CA
Oakland,CA,37.7904,-122.2166,439418,US
Augusta,GA,33.3645,-82.0708,439238,US
Springfield,MA,42.1155,-72.5395,439199,US
Laval,QC,45.5833,-73.75,438366,CA
London,ON,42.9836,-81.2497,423369,CA
Durham,NC,35.9792,-78.9022,420564,US
Pensacola,FL,30.4413,-87.1911,418489,US
Chattanooga,TN,35.066,-85.2481,415927,US
Stockton,CA,37.9765,-121.3109,410053,US
Fayetteville,AR,36.0714,-94.1661,408133,US
Lancaster,PA,40.042,-76.3012,407719,US
Greenville,SC,34.8354,-82.3646,402612,US
Syracuse,NY,43.0407,-76.1437,402509,US
Arlington,TX,32.6998,-97.125,397742,US
Aurora,CO,39.7083,-104.7237,394432,US
Trenton,NJ,40.2237,-74.7641,375343,US
Oxnard,CA,34.1964,-119.1815,369935,US
Huntsville,AL,34.6981,-86.6412,368074,US
Indio,CA,33.7346,-116.2346,366757,US
Scranton,PA,41.4044,-75.6649,366238,US
Victoria,BC,48.4283,-123.3647,363222,CA
Victorville,CA,34.5277,-117.3536,362549,US
Modesto,CA,37.6375,-121.0028,359115,US
Myrtle Beach,SC,33.7094,-78.8844,348669,US
Honolulu,HI,21.3294,-157.846,345482,US
Anaheim,CA,33.839,-117.8574,344521,US
Greensboro,NC,36.0956,-79.8271,342060,US
Corpus Christi,TX,27.7254,-97.3767,341912,US
Fort Wayne,IN,41.0888,-85.1436,339694,US
Markham,ON,43.8767,-79.2633,338503,CA
Fort Collins,CO,40.5477,-105.0656,336364,US
Oshawa,ON,43.9,-78.85,335949,CA
Antioch,CA,37.9787,-121.796,335183,US
Jackson,MS,32.3157,-90.2125,333212,US
Henderson,NV,36.0133,-115.0381,332141,US
Lansing,MI,42.7142,-84.5601,328527,US
Fayetteville,NC,35.085,-78.9772,325349,US
Savannah,GA,32.0286,-81.1821,324227,US
Lexington,KY,38.0423,-84.4587,323725,US
Vaughan,ON,43.8333,-79.5,323103,CA
Ann Arbor,MI,42.2759,-83.731,318688,US
Poughkeepsie,NY,41.695,-73.9211,318383,US
Mobile,AL,30.6782,-88.1162,316714,US
Youngstown,OH,41.0993,-80.6463,313898,US
Santa Ana,CA,33.7367,-117.8819,312534,US
Irvine,CA,33.6772,-117.7738,311690,US
Newark,NJ,40.7245,-74.1725,310178,US
St. Paul,MN,44.9478,-93.1039,307284,US
Windsor,ON,42.2833,-83.0,306519,CA
Winter Haven,FL,28.0118,-81.7014,300369,US
Springfield,MO,37.1943,-93.2916,300073,US
Concord,NC,35.3933,-80.6369,299345,US
Lincoln,NE,40.8099,-96.6784,298056,US
Flint,MI,43.0236,-83.6921,295285,US
Asheville,NC,35.5707,-82.5537,295184,US
Jersey City,NJ,40.7184,-74.0686,294078,US
Santa Rosa,CA,38.4458,-122.7067,292251,US
Gatineau,QC,45.4833,-75.65,291041,CA
Plano,TX,33.0502,-96.7486,290594,US
Lakeland,FL,28.0557,-81.9545,290540,US
Anchorage,AK,61.1508,-149.1091,288976,US
Canton,OH,40.8078,-81.3676,287351,US
Wilmington,NC,34.2099,-77.8866,285611,US
Lubbock,TX,33.5657,-101.8879,283565,US
Reading,PA,40.34,-75.9267,283546,US
Davenport,IA,41.5565,-90.6053,281044,US
Gilbert,AZ,33.31,-111.7463,280262,US
Chandler,AZ,33.2825,-111.8514,280136,US
South Bend,IN,41.6767,-86.2696,279977,US
North Las Vegas,NV,36.2883,-115.0888,278595,US
Chula Vista,CA,32.6281,-117.0144,276375,US
Shreveport,LA,32.4653,-93.7955,276074,US
Eugene,OR,44.0564,-123.1174,272404,US
Rockford,IL,42.2596,-89.064,271411,US
Santa Clarita,CA,34.4175,-118.4964,270147,US
Salem,OR,44.9233,-123.0244,268719,US
Saskatoon,SK,52.1333,-106.6833,266141,CA
Round Lake Beach,IL,42.3791,-88.0811,264501,US
Killeen,TX,31.0753,-97.7297,264379,US
St. Petersburg,FL,27.7931,-82.6652,262732,US
Tallahassee,FL,30.4551,-84.2527,260687,US
Kennewick,WA,46.1978,-119.1732,259487,US
Laredo,TX,27.5625,-99.4874,257619,US
Columbus,GA,32.51,-84.8771,256672,US
Irving,TX,32.8583,-96.9702,256492,US
Peoria,IL,40.752,-89.6154,255063,US
Montgomery,AL,32.3482,-86.2668,254752,US
Longueuil,QC,45.5333,-73.5167,254483,CA
Glendale,AZ,33.5791,-112.2311,252833,US
Chesapeake,VA,36.6778,-76.3023,252583,US
Burnaby,BC,49.2667,-122.9667,249125,CA
Garland,TX,32.91,-96.6304,246844,US
Gulfport,MS,30.4274,-89.0704,244766,US
York,PA,39.9651,-76.7315,244270,US
Scottsdale,AZ,33.6872,-111.8651,243821,US
St. Catharines,ON,43.1833,-79.2333,242460,CA
Lafayette,LA,30.2082,-92.0325,242063,US
Nashua,NH,42.7491,-71.491,240705,US
Enterprise,NV,36.0091,-115.2278,240464,US
Rock Hill,SC,34.9415,-81.0241,240159,US
Arlington,VA,38.8786,-77.1011,236254,US
Norfolk,VA,36.8945,-76.259,233596,US
Fargo,ND,46.8651,-96.8292,231541,US
Appleton,WI,44.278,-88.3892,230473,US
Fremont,CA,37.5265,-121.9843,228295,US
Clarksville,TN,36.5692,-87.3413,227059,US
Regina,SK,50.4547,-104.6067,226404,CA
Hialeah,FL,25.8696,-80.3045,226165,US
Aguadilla,PR,18.4382,-67.1537,225238,US
Bremerton,WA,47.5436,-122.7121,224760,US
Deltona,FL,28.905,-81.2137,223506,US
Brownsville,TX,25.9975,-97.458,223205,US
Tacoma,WA,47.2431,-122.4531,222758,US
San Bernardino,CA,34.1416,-117.2943,222724,US
Green Bay,WI,44.5148,-87.9895,222170,US
College Station,TX,30.5852,-96.2959,219936,US
Frisco,TX,33.156,-96.8216,219304,US
Spring Valley,NV,36.0952,-115.2636,219187,US
Spartanburg,SC,34.9442,-81.9251,218799,US
Roanoke,VA,37.2785,-79.9581,218060,US
Olympia,WA,47.0417,-122.8959,217647,US
Gainesville,FL,29.6804,-82.3459,216479,US
Kalamazoo,MI,42.2749,-85.5882,215288,US
Fontana,CA,34.0968,-117.4599,214169,US
Oakville,ON,43.45,-79.6833,213759,CA
Hickory,NC,35.741,-81.3223,213375,US
Moreno Valley,CA,33.9244,-117.2045,211666,US
Portland,ME,43.6773,-70.2715,210907,US
McKinney,TX,33.2016,-96.667,210600,US
Yonkers,NY,40.9466,-73.8673,209978,US
Richmond,BC,49.1667,-123.1333,209937,CA
Ocala,FL,29.178,-82.1511,208245,US
Sioux Falls,SD,43.5396,-96.7311,207648,US
Thousand Oaks,CA,34.1914,-118.8756,207637,US
Amarillo,TX,35.1984,-101.8316,205856,US
Hagerstown,MD,39.6401,-77.7217,204653,US
Evansville,IN,37.9881,-87.5341,204607,US
Waterbury,CT,41.5582,-73.0361,202514,US
Santa Barbara,CA,34.4285,-119.7202,202039,US
Richmond Hill,ON,43.8667,-79.4333,202022,CA
Lorain,OH,41.4409,-82.184,201994,US
Nampa,ID,43.5844,-116.5638,201956,US
Grand Prairie,TX,32.6871,-97.0208,201883,US
Overland Park,KS,38.887,-94.687,200306,US
Sunrise Manor,NV,36.1783,-115.0487,200218,US
Galveston,TX,29.2484,-94.8913,199112,US
Peoria,AZ,33.7843,-112.2989,196906,US
Cedar Rapids,IA,41.9662,-91.6783,195323,US
Vancouver,WA,45.6366,-122.5967,195300,US
Huntington Beach,CA,33.696,-118.0018,195240,US
Frederick,MD,39.4337,-77.4141,195161,US
Murfreesboro,TN,35.849,-86.4121,194551,US
Waco,TX,31.5599,-97.1882,193768,US
Huntington,WV,38.4109,-82.4345,192569,US
Glendale,CA,34.1819,-118.2468,190748,US
Mauldin,SC,34.7821,-82.3032,189546,US
Tempe,AZ,33.3881,-111.9319,188065,US
Fredericksburg,VA,38.2992,-77.4872,187349,US
Burlington,ON,43.3167,-79.8,186948,CA
Paradise,NV,36.0872,-115.1355,185913,US
Fort Lauderdale,FL,26.1412,-80.1464,185604,US
St. John's,NL,47.4817,-52.7971,185565,CA
Hemet,CA,33.7341,-116.9969,185006,US
Erie,PA,42.1167,-80.0733,184712,US
Gainesville,GA,34.2902,-83.8294,184237,US
Newport News,VA,37.1051,-76.5185,184216,US
Kelowna,BC,49.8881,-119.4956,181380,CA
Gastonia,NC,35.2494,-81.1854,181152,US
Spring Hill,FL,28.4798,-82.53,181097,US
Ontario,CA,34.0393,-117.6064,180547,US
Aurora,IL,41.7638,-88.2902,179898,US
Cary,NC,35.7819,-78.8195,179306,US
Elk Grove,CA,38.4161,-121.3842,179155,US
Panama City,FL,30.1995,-85.6003,177998,US
Rancho Cucamonga,CA,34.1247,-117.5667,175411,US
High Point,NC,35.991,-79.9937,175377,US
Danbury,CT,41.4015,-73.4709,174548,US
Salinas,CA,36.6883,-121.6317,173715,US
Pembroke Pines,FL,26.0128,-80.3382,173194,US
Sherbrooke,QC,45.4,-71.9,172950,CA
Vallejo,CA,38.1125,-122.2342,172800,US
Oceanside,CA,33.2247,-117.3083,172242,US
Leesburg,FL,28.7672,-81.8962,171283,US
Garden Grove,CA,33.7787,-117.9601,170964,US
Muskegon,MI,43.2281,-86.2562,170561,US
Medford,OR,42.3372,-122.854,170502,US
Tuscaloosa,AL,33.2348,-87.5268,170416,US
Lancaster,CA,34.6935,-118.1753,169169,US
Visalia,CA,36.3276,-119.3269,167944,US
Manchester,NH,42.9848,-71.4447,167888,US
Norwich,CT,41.5495,-72.0882,166930,US
Bayamon,PR,18.3794,-66.1635,166923,US
Marysville,WA,48.0809,-122.1561,166250,US
Sudbury,ON,46.49,-81.01,166004,CA
Lafayette,IN,40.3991,-86.8593,165110,US
Palmdale,CA,34.5944,-118.1057,164634,US
Santa Cruz,CA,36.9789,-122.0346,163368,US
Odessa,TX,31.8801,-102.3448,160628,US
New Bedford,MA,41.6697,-70.9428,160431,US
Merced,CA,37.3057,-120.4779,159942,US
Corona,CA,33.8616,-117.5649,159670,US
Hayward,CA,37.6328,-122.0766,158801,US
Paterson,NJ,40.9147,-74.1624,158735,US
Binghamton,NY,42.1014,-75.9093,157696,US
Springfield,IL,39.7709,-89.654,157178,US
Alexandria,VA,38.8185,-77.0861,156976,US
Lakewood,CO,39.6977,-105.1172,156583,US
Macon,GA,32.8065,-83.6974,156578,US
Roseville,CA,38.7703,-121.3196,155955,US
Kansas City,KS,39.1235,-94.7443,155135,US
Hollywood,FL,26.0293,-80.1679,155082,US
Surprise,AZ,33.6815,-112.4515,154948,US
Barrie,ON,44.3711,-79.6769,154676,CA
Sunnyvale,CA,37.3836,-122.0255,154236,US
Champaign,IL,40.1142,-88.2737,153687,US
Lake Charles,LA,30.201,-93.2111,153662,US
Abbotsford,BC,49.05,-122.3167,153524,CA
Burlington,NC,36.076,-79.4685,152375,US
Bellevue,WA,47.5951,-122.1535,151847,US
Fairfield,CA,38.2583,-122.0335,151672,US
Naperville,IL,41.748,-88.1659,150692,US
Joliet,IL,41.5188,-88.1499,150445,US
Elkhart,IN,41.6916,-85.9627,149701,US
Levis,QC,46.8,-71.1833,149683,CA
Escondido,CA,33.1348,-117.0723,149668,US
Pasadena,TX,29.6575,-95.1498,149433,US
Mesquite,TX,32.7602,-96.5865,149299,US
Midland,TX,32.0243,-102.1147,148848,US
Columbia,MO,38.9472,-92.3268,148781,US
Coquitlam,BC,49.2839,-122.7919,148625,CA
Warner Robins,GA,32.5961,-83.6527,148466,US
St. George,UT,37.0758,-113.5752,148405,US
Pomona,CA,34.0585,-117.7626,147943,US
Topeka,KS,39.0346,-95.6955,147144,US
Beaumont,TX,30.0849,-94.1451,146974,US
South Lyon,MI,42.4614,-83.6526,146383,US
Yuma,AZ,32.5995,-114.5491,145839,US
Olathe,KS,38.8833,-94.82,145057,US
Santa Maria,CA,34.9333,-120.4431,144941,US
Saguenay,QC,48.4167,-71.0667,144723,CA
Guelph,ON,43.55,-80.25,144356,CA
Thornton,CO,39.9197,-104.9438,144187,US
Athens,GA,33.9508,-83.3689,143681,US
Torrance,CA,33.8346,-118.3416,142130,US
Fullerton,CA,33.8841,-117.9279,140968,US
Grand Junction,CO,39.0877,-108.5673,140777,US
Greeley,CO,40.4152,-104.7706,139842,US
Metairie,LA,29.9977,-90.178,139729,US
Las Cruces,NM,32.3265,-106.7893,139530,US
Houma,LA,29.58,-90.7059,139352,US
Trois-Rivieres,QC,46.35,-72.55,139163,CA
Carolina,PR,18.4054,-65.9792,138633,US
Miramar,FL,25.9773,-80.3351,138600,US
Whitby,ON,43.8833,-78.9417,138501,CA
Cambridge,ON,43.3972,-80.3114,138479,CA
West Valley City,UT,40.6886,-112.0123,138437,US
Orange,CA,33.8038,-117.8218,138266,US
Warren,MI,42.4934,-83.027,137928,US
Charleston,WV,38.3484,-81.6322,137865,US
Hampton,VA,37.0551,-76.363,137557,US
Elizabeth,NJ,40.6658,-74.1913,137302,US
Stamford,CT,41.1039,-73.5585,137144,US
Pasadena,CA,34.1597,-118.139,136969,US
Racine,WI,42.7274,-87.8135,136637,US
Yakima,WA,46.5923,-120.5496,136518,US
Coral Springs,FL,26.2702,-80.2591,136103,US
Kent,WA,47.3887,-122.2128,135603,US
Bellingham,WA,48.7548,-122.469,135591,US
Bloomington,IL,40.4757,-88.9703,135296,US
Tyler,TX,32.3184,-95.3062,134739,US
Carrollton,TX,32.989,-96.8999,133740,US
Sterling Heights,MI,42.5809,-83.0305,133573,US
Iowa City,IA,41.6559,-91.5303,133565,US
Milton,ON,43.5083,-79.8833,132979,CA
Lehigh Acres,FL,26.612,-81.6388,132353,US
Johnson City,TN,36.3406,-82.3806,131898,US
Coeur d'Alene,ID,47.704,-116.7936,131592,US
Dover,DE,39.161,-75.5202,131461,US
Lewisville,TX,33.0454,-96.9815,131080,US
Santa Clara,CA,37.3646,-121.968,130256,US
Meridian,ID,43.6116,-116.3977,130138,US
Temple,TX,31.1068,-97.3891,129969,US
Norman,OK,35.2335,-97.3471,129672,US
Kailua,HI,21.392,-157.7396,129469,US
Billings,MT,45.7891,-108.5526,129267,US
Arecibo,PR,18.4491,-66.7387,128203,US
Abilene,TX,32.4543,-99.7384,128053,US
Round Rock,TX,30.527,-97.6642,127786,US
Greenville,NC,35.5943,-77.376,127632,US
Pearland,TX,29.5581,-95.3218,127514,US
Simi Valley,CA,34.2663,-118.749,127125,US
Kenosha,WI,42.5865,-87.8773,126951,US
Lynchburg,VA,37.4003,-79.1909,126860,US
Ajax,ON,43.8583,-79.0364,126666,CA
Waldorf,MD,38.6085,-76.9194,126400,US
Clovis,CA,36.8278,-119.683,124725,US
Yuba City,CA,39.1357,-121.6383,124653,US
Seaside,CA,36.6224,-121.8199,124566,US
Logan,UT,41.7399,-111.8422,124449,US
Fort Smith,AR,35.3495,-94.3695,124220,US
Rochester,MN,44.0154,-92.478,122867,US
Burlington,VT,44.4876,-73.2316,122833,US
Arvada,CO,39.832,-105.151,122634,US
Mandeville,LA,30.3751,-90.0904,122591,US
West Palm Beach,FL,26.7469,-80.132,122290,US
Pueblo,CO,38.2701,-104.6114,121976,US
Independence,MO,39.0871,-94.3501,121740,US
Waterloo,ON,43.4667,-80.5167,121436,CA
Monroe,LA,32.5185,-92.0774,121132,US
The Woodlands,TX,30.1738,-95.5134,121002,US
Boulder,CO,40.0248,-105.2524,120289,US
Berkeley,CA,37.8722,-122.276,120257,US
Terrebonne,QC,45.7,-73.6333,119944,CA
North Charleston,SC,32.9067,-80.0722,119913,US
Moncton,NB,46.1328,-64.7714,119785,CA
Brandon,FL,27.9367,-82.3,119767,US
Waterloo,IA,42.4918,-92.3522,119632,US
Duluth,MN,46.7756,-92.1393,119372,US
Cambridge,MA,42.3759,-71.1185,118796,US
Richardson,TX,32.9716,-96.7093,118731,US
Lowell,MA,42.6389,-71.3217,118368,US
Broken Arrow,OK,36.038,-95.7806,118180,US
Utica,NY,43.0962,-75.2261,117943,US
Saanich,BC,48.484,-123.381,117735,CA
Redding,CA,40.5698,-122.365,117275,US
Clearwater,FL,27.979,-82.7623,117247,US
St. Cloud,MN,45.534,-94.1718,116999,US
Harlingen,TX,26.1916,-97.6977,116926,US
Gilroy,CA,37.0046,-121.5854,116882,US
West Jordan,UT,40.6024,-112.0008,116692,US
League City,TX,29.4874,-95.1087,116215,US
Port Arthur,TX,29.8554,-93.9264,116142,US
Richmond,CA,37.9477,-122.3389,115505,US
Westminster,CO,39.8837,-105.0624,115484,US
Elgin,IL,42.0383,-88.324,114934,US
Carlsbad,CA,33.1246,-117.2834,114373,US
Pompano Beach,FL,26.2428,-80.1312,114147,US
Riverview,FL,27.8227,-82.3023,113697,US
Miami Gardens,FL,25.9433,-80.2426,113177,US
Bend,OR,44.0563,-121.3095,113075,US
Sioux City,IA,42.4959,-96.3901,112803,US
Gresham,OR,45.5021,-122.4413,112378,US
Murrieta,CA,33.5719,-117.1909,112064,US
Saginaw,MI,43.4199,-83.9501,112042,US
Everett,WA,47.9525,-122.1669,111845,US
East Los Angeles,CA,34.0326,-118.1691,111647,US
Jacksonville,NC,34.7289,-77.3941,111529,US
Ponce,PR,18.0127,-66.6212,111224,US
Temecula,CA,33.4928,-117.1315,111167,US
Idaho Falls,ID,43.4871,-112.0362,111137,US
Downey,CA,33.9379,-118.1311,110939,US
South Fulton,GA,33.6273,-84.58,110471,US
Costa Mesa,CA,33.6667,-117.9135,110330,US
Menifee,CA,33.6909,-117.1849,110305,US
Allen,TX,33.1088,-96.6735,110265,US
Sparks,NV,39.5736,-119.7161,110024,US
Leominster,MA,42.5209,-71.7717,110022,US
Sugar Land,TX,29.5935,-95.6358,110016,US
Eau Claire,WI,44.8197,-91.4948,109971,US
San Buenaventura,CA,34.2741,-119.2314,109857,US
San Tan Valley,AZ,33.1786,-111.5629,109189,US
White Rock,BC,49.025,-122.8028,109167,CA
Thunder Bay,ON,48.3822,-89.2461,108843,CA
Auburn,AL,32.6087,-85.4903,108605,US
Rio Rancho,NM,35.2873,-106.6982,108515,US
Delta,BC,49.0847,-123.0586,108455,CA
Davie,FL,26.0789,-80.287,108346,US
Chico,CA,39.7578,-121.8161,108267,US
Hillsboro,OR,45.5273,-122.936,108231,US
Centennial,CO,39.5926,-104.8673,108201,US
Bloomington,IN,39.1637,-86.5257,107655,US
Goodyear,AZ,33.2614,-112.3622,107645,US
Dearborn,MI,42.3127,-83.213,107423,US
Holland,MI,42.7677,-86.0984,107348,US
Sandy Springs,GA,33.9366,-84.3703,107087,US
West Covina,CA,34.0555,-117.9113,107037,US
Jurupa Valley,CA,34.001,-117.4706,107011,US
Bowling Green,KY,36.9716,-86.4378,106928,US
Longview,TX,32.5193,-94.7622,106896,US
Spokane Valley,WA,47.6626,-117.2346,106365,US
El Monte,CA,34.0739,-118.0291,106109,US
Nanaimo,BC,49.1642,-123.9364,106079,CA
Brockton,MA,42.0821,-71.0242,105386,US
Renton,WA,47.4784,-122.1918,105317,US
Buckeye,AZ,33.4314,-112.6429,104923,US
Brantford,ON,43.1667,-80.25,104688,CA
New Braunfels,TX,29.6994,-98.1148,104643,US
Inglewood,CA,33.9566,-118.3444,104569,US
Edinburg,TX,26.3196,-98.1597,104550,US
Burbank,CA,34.1879,-118.3235,104546,US
El Cajon,CA,32.8017,-116.9604,104449,US
Columbia,MD,39.2004,-76.859,104338,US
Rialto,CA,34.1175,-117.3892,104143,US
Portsmouth,NH,43.058,-70.7826,104019,US
Chatham,ON,42.4229,-82.1324,103988,CA
Lee's Summit,MO,38.9171,-94.3816,103656,US
Kingsport,TN,36.5224,-82.5454,103542,US
Charlottesville,VA,38.0375,-78.4855,103155,US
San Mateo,CA,37.5522,-122.3121,103105,US
Vacaville,CA,38.3587,-121.9673,102596,US
Wichita Falls,TX,33.9072,-98.5291,102581,US
Longmont,CO,40.1686,-105.1005,102512,US
Conroe,TX,30.3238,-95.4824,102360,US
Fishers,IN,39.9588,-85.9659,102337,US
Highlands Ranch,CO,39.5419,-104.9708,102257,US
Quincy,MA,42.2506,-71.0187,102114,US
Daly City,CA,37.6862,-122.4685,101964,US
Lynn,MA,42.4781,-70.9664,101709,US
Carmel,IN,39.965,-86.146,101651,US
Clarington,ON,43.935,-78.6083,101427,CA
Saint-Jerome,QC,45.7833,-74.0,100859,CA
Red Deer,AB,52.2681,-113.8111,100844,CA
Hesperia,CA,34.3975,-117.3147,100775,US
Bismarck,ND,46.8143,-100.7694,100537,US
Santa Fe,NM,35.6619,-105.9819,100264,US
Boca Raton,FL,26.3752,-80.108,100234,US
Norwalk,CA,33.9069,-118.0829,99789,US
San Angelo,TX,31.4424,-100.4504,99674,US
Lafayette,CO,39.9946,-105.0998,99552,US
Federal Way,WA,47.3091,-122.3358,99493,US
Atascocita,TX,29.9777,-95.1953,99354,US
Pickering,ON,43.8354,-79.089,99186,CA
Vista,CA,33.1896,-117.2386,99114,US
Prescott Valley,AZ,34.598,-112.3185,98921,US
Suffolk,VA,36.6953,-76.6398,98796,US
Lethbridge,AB,49.6942,-112.8328,98406,CA
Palm Coast,FL,29.5389,-81.2457,98258,US
Williamsburg,VA,37.2693,-76.7076,97985,US
Sunrise,FL,26.1547,-80.2997,97918,US
Kamloops,BC,50.6761,-120.3408,97902,CA
Saint-Jean-sur-Richelieu,QC,45.3167,-73.2667,97873,CA
Beaverton,OR,45.4779,-122.8168,97812,US
Middletown,OH,39.5033,-84.3659,97529,US
Lawrence,KS,38.9597,-95.2642,97387,US
La Crosse,WI,43.8241,-91.2268,97218,US
Portsmouth,VA,36.8468,-76.354,97190,US
Orem,UT,40.2981,-111.6994,97182,US
Tracy,CA,37.7269,-121.4523,96966,US
Edmond,OK,35.6689,-97.416,96825,US
Plantation,FL,26.1259,-80.2617,96293,US
Fort Myers,FL,26.6194,-81.8302,95051,US
Arden-Arcade,CA,38.6017,-121.3845,94994,US
San Marcos,CA,33.135,-117.1743,94882,US
San German,PR,18.0827,-67.046,94548,US
Niagara Falls,ON,43.06,-79.1067,94415,CA
Sandy,UT,40.5709,-111.8506,94291,US
Manteca,CA,37.7927,-121.2264,94158,US
Fall River,MA,41.7136,-71.1015,94082,US
Mount Pleasant,SC,32.8537,-79.8203,93993,US
Livonia,MI,42.3972,-83.3733,93851,US
O'Fallon,MO,38.785,-90.7175,93801,US
Cape Breton,NS,46.1389,-60.1931,93694,CA
Chilliwack,BC,49.1577,-121.9509,93203,CA
Rapid City,SD,44.0716,-103.2204,92897,US
Carson,CA,33.8374,-118.2559,92871,US
Compton,CA,33.893,-118.2274,92698,US
Chino,CA,33.9836,-117.6654,92652,US
Hoover,AL,33.3763,-86.8068,92642,US
Roswell,GA,34.0391,-84.3513,92621,US
Kirkland,WA,47.697,-122.2057,92621,US
Avondale,AZ,33.3873,-112.3235,92477,US
Alafaya,FL,28.528,-81.1868,92449,US
Norwalk,CT,41.1144,-73.4215,92187,US
Brossard,QC,45.4667,-73.45,91525,CA
South Gate,CA,33.9447,-118.1926,91483,US
Santa Monica,CA,34.0235,-118.481,91169,US
Maple Ridge,BC,49.2167,-122.6,90990,CA
Slidell,LA,30.2887,-89.7828,90755,US
Florence,SC,34.178,-79.7898,90753,US
Germantown,MD,39.1755,-77.2643,90719,US
Lawton,OK,34.6175,-98.4202,90595,US
Missoula,MT,46.8751,-114.0214,90522,US
Mayaguez,PR,18.2003,-67.1397,90228,US
Westminster,CA,33.7523,-117.9938,89860,US
Joplin,MO,37.0757,-94.5018,89808,US
Clifton,NJ,40.863,-74.1575,89379,US
Waukegan,IL,42.3698,-87.8716,89076,US
Newton,MA,42.3316,-71.2085,89044,US
Lawrence,MA,42.7002,-71.1626,88736,US
Bloomington,MN,44.8306,-93.3151,88665,US
St. Augustine,FL,29.8976,-81.31,88385,US
Springdale,AR,36.1901,-94.1574,88160,US
Deerfield Beach,FL,26.305,-80.1277,88093,US
Newmarket,ON,44.05,-79.4667,87942,CA
Bryan,TX,30.665,-96.3807,87939,US
Troy,MI,42.5817,-83.1457,87898,US
San Leandro,CA,37.7074,-122.1599,87826,US
Franklin,TN,35.92,-86.8516,87133,US
Mission,TX,26.2039,-98.3256,87038,US
Citrus Heights,CA,38.6948,-121.288,86995,US
Melbourne,FL,28.1086,-80.6627,86576,US
Lake Forest,CA,33.6605,-117.6714,86281,US
Whittier,CA,33.9678,-118.0188,86165,US
Repentigny,QC,45.7333,-73.4667,86100,CA
Winchester,VA,39.1735,-78.1746,86067,US
Georgetown,TX,30.666,-97.6966,85999,US
San Ramon,CA,37.7624,-121.9365,85993,US
Town 'n' Country,FL,28.0106,-82.5763,85928,US
Auburn,WA,47.3039,-122.2108,85676,US
Livermore,CA,37.6868,-121.7607,85522,US
Muncie,IN,40.1989,-85.395,85519,US
Baytown,TX,29.7587,-94.9671,85205,US
Hawthorne,CA,33.9147,-118.3476,85191,US
Lehi,UT,40.4136,-111.8725,85173,US
Wenatchee,WA,47.436,-120.3295,85048,US
Peterborough,ON,44.3,-78.3167,84793,CA
North Port,FL,27.0576,-82.1977,84605,US
State College,PA,40.7909,-77.8567,84463,US
Vineland,NJ,39.4653,-74.9981,84416,US
Folsom,CA,38.6668,-121.1422,83916,US
Brooklyn Park,MN,45.1112,-93.3505,83876,US
Newport Beach,CA,33.6151,-117.8668,83845,US
Mountain View,CA,37.4001,-122.0796,83732,US
Westland,MI,42.3192,-83.3805,83633,US
Farmington Hills,MI,42.486,-83.3771,83515,US
The Villages,FL,28.9034,-81.9887,83498,US
Layton,UT,41.077,-111.962,83286,US
Cranston,RI,41.7658,-71.4858,83250,US
Warwick,RI,41.7062,-71.4334,83175,US
Madera,CA,36.963,-120.0778,83104,US
Buena Park,CA,33.8572,-118.0046,82871,US
Homestead,FL,25.4665,-80.4472,82807,US
Cicero,IL,41.8445,-87.7593,82797,US
New Rochelle,NY,40.9304,-73.7836,82769,US
South Jordan,UT,40.557,-111.9784,82686,US
Largo,FL,27.9088,-82.7712,82617,US
Redwood City,CA,37.5025,-122.2253,82447,US
Newark,OH,40.0706,-82.425,82292,US
Napa,CA,38.2975,-122.301,82103,US
Miami Beach,FL,25.8171,-80.1396,82031,US
Johns Creek,GA,34.0333,-84.2027,81988,US
Rancho Cordova,CA,38.5737,-121.2527,81849,US
Silver Spring,MD,39.0028,-77.0207,81462,US
Boynton Beach,FL,26.5281,-80.0811,81435,US
Elizabethtown,KY,37.7031,-85.8773,81379,US
Flagstaff,AZ,35.1872,-111.6194,81235,US
Somerville,MA,42.3908,-71.1014,81036,US
Alhambra,CA,34.084,-118.1355,81022,US
Springfield,OH,39.93,-83.7959,80812,US
Albany,GA,31.5776,-84.1762,80684,US
Anderson,IN,40.0891,-85.6892,80597,US
Terre Haute,IN,39.466,-87.3751,80554,US
Perris,CA,33.7898,-117.2233,80511,US
Jackson,MI,42.2431,-84.4038,80503,US
Florence,AL,34.8303,-87.6655,80501,US
Pharr,TX,26.1685,-98.1904,80333,US
Alton,IL,38.9037,-90.152,80162,US
Anniston,AL,33.6712,-85.8135,80156,US
Jonesboro,AR,35.8212,-90.6791,80137,US
Decatur,IL,39.8557,-88.9342,80124,US
Pine Hills,FL,28.5818,-81.4692,80105,US
Cheyenne,WY,41.135,-104.7902,79986,US
Port Huron,MI,42.9821,-82.4388,79899,US
Parma,OH,41.3843,-81.7286,79870,US
Lakewood,CA,33.8471,-118.1222,79850,US
Hattiesburg,MS,31.3074,-89.317,79749,US
Turlock,CA,37.5053,-120.8588,79611,US
Pasco,WA,46.2506,-119.1305,79575,US
Kendall,FL,25.6697,-80.3556,79562,US
Drummondville,QC,45.8833,-72.4833,79258,CA
Upland,CA,34.1178,-117.6604,79257,US
Kawartha Lakes,ON,44.35,-78.75,79247,CA
Plymouth,MN,45.0225,-93.4617,79220,US
Doral,FL,25.8152,-80.3565,79216,US
Castle Rock,CO,39.3763,-104.8535,79123,US
Valdosta,GA,30.8502,-83.2788,79120,US
Daytona Beach,FL,29.1995,-81.0982,78992,US
Tustin,CA,33.7311,-117.8107,78981,US
New Westminster,BC,49.2069,-122.9111,78916,CA
Milpitas,CA,37.4336,-121.8921,78578,US
Loveland,CO,40.4166,-105.0623,78410,US
Flower Mound,TX,33.0343,-97.1146,78389,US
Woodbury,MN,44.9057,-92.923,78305,US
Cedar Park,TX,30.5105,-97.8197,78301,US
Bethlehem,PA,40.6266,-75.3679,77956,US
Chino Hills,CA,33.9508,-117.7254,77927,US
Wausau,WI,44.962,-89.6459,77888,US
Morgantown,WV,39.6383,-79.9464,77875,US
Davis,CA,38.5553,-121.737,77858,US
Mableton,GA,33.8133,-84.5655,77678,US
Mansfield,TX,32.569,-97.1213,77510,US
Wyoming,MI,42.8908,-85.7066,77353,US
Redmond,WA,47.6763,-122.1169,77353,US
Alameda,CA,37.7668,-122.267,77238,US
Saratoga Springs,NY,43.0674,-73.7775,77152,US
Rochester Hills,MI,42.6645,-83.1563,77089,US
Pleasanton,CA,37.6663,-121.8805,76960,US
Carmichael,CA,38.6318,-121.3263,76948,US
Camarillo,CA,34.223,-119.0321,76945,US
Schaumburg,IL,42.0308,-88.0838,76868,US
Bellflower,CA,33.888,-118.1271,76819,US
Texarkana,TX,33.45,-94.0847,76783,US
Hammond,IN,41.6168,-87.4909,76768,US
Prince George,BC,53.9169,-122.7494,76708,CA
Salisbury,MD,38.3756,-75.5865,76593,US
Caledon,ON,43.8667,-79.8667,76581,CA
Missouri City,TX,29.563,-95.5365,76558,US
Dothan,AL,31.2336,-85.407,76419,US
Alexandria,LA,31.2923,-92.4702,76381,US
Evanston,IL,42.0464,-87.6943,76340,US
Broomfield,CO,39.9542,-105.0526,76304,US
Pittsburg,CA,38.0182,-121.8965,76257,US
Southfield,MI,42.4765,-83.2605,76236,US
Wesley Chapel,FL,28.2106,-82.3238,76011,US
Arlington Heights,IL,42.0955,-87.9826,76005,US
Pawtucket,RI,41.8744,-71.3743,75893,US
Chateauguay,QC,45.38,-73.75,75891,CA
Apple Valley,CA,34.5352,-117.2109,75473,US
Sheboygan,WI,43.7403,-87.7316,75453,US
Oshkosh,WI,44.0227,-88.5619,75313,US
Ellicott City,MD,39.2774,-76.8345,75257,US
Mansfield,OH,40.7656,-82.5275,75233,US
Poinciana,FL,28.1217,-81.4821,75068,US
Belleville,ON,44.1667,-77.3833,75052,CA
Lodi,CA,38.1218,-121.2932,75044,US
Battle Creek,MI,42.2985,-85.2296,74983,US
Lauderhill,FL,26.1605,-80.2241,74896,US
Lebanon,PA,40.3412,-76.4228,74675,US
Lakeville,MN,44.6774,-93.252,74354,US
Dover,NH,43.1887,-70.8845,74236,US
New Britain,CT,41.6759,-72.7862,74223,US
Airdrie,AB,51.2917,-114.0144,74100,CA
Bolingbrook,IL,41.6901,-88.1021,74096,US
Leander,TX,30.5728,-97.8618,74067,US
Sarnia,ON,42.9994,-82.3089,73944,CA
Owensboro,KY,37.7575,-87.1172,73882,US
Conway,AR,35.0753,-92.4692,73817,US
Harrisonburg,VA,38.4362,-78.8735,73815,US
Redlands,CA,34.0512,-117.1712,73375,US
Noblesville,IN,40.0355,-86.0042,73362,US
Rocklin,CA,38.8075,-121.2489,73327,US
St. Joseph,MO,39.7598,-94.821,73256,US
Tamarac,FL,26.2056,-80.2539,73019,US
Rogers,AR,36.317,-94.1531,72981,US
Pocatello,ID,42.8724,-112.4647,72963,US
Caguas,PR,18.2319,-66.0388,72922,US
Morristown,TN,36.2043,-83.3001,72890,US
Altoona,PA,40.5082,-78.4007,72876,US
San Marcos,TX,29.8734,-97.9356,72811,US
Jackson,TN,35.6538,-88.8354,72781,US
Ankeny,IA,41.7288,-93.6031,72615,US
Glen Burnie,MD,39.156,-76.6071,72590,US
Bristol,TN,36.5572,-82.2154,72565,US
Blaine,MN,45.1696,-93.2077,72488,US
Lake Elsinore,CA,33.6847,-117.3344,72461,US
Maricopa,AZ,33.0408,-112.0011,72459,US
Mount Vernon,NY,40.9136,-73.8291,72427,US
Framingham,MA,42.3085,-71.4368,72399,US
Wood Buffalo,AB,57.6042,-111.3284,72326,CA
Michigan City,IN,41.7092,-86.869,72294,US
Casas Adobes,AZ,32.3423,-111.0113,72059,US
Sault Ste. Marie,ON,46.5333,-84.35,72051,CA
Cleveland,TN,35.1817,-84.8707,72049,US
Janesville,WI,42.6854,-89.0135,71973,US
Queen Creek,AZ,33.2454,-111.6173,71867,US
Wilmington,DE,39.7415,-75.5416,71727,US
Centreville,VA,38.839,-77.4389,71706,US
Bayonne,NJ,40.6668,-74.1158,71553,US
Sumter,SC,33.9392,-80.393,71541,US
St. Charles,MO,38.7954,-90.5157,71508,US
Sherman,TX,33.6273,-96.6221,71496,US
Camden,NJ,39.9361,-75.1073,71496,US
Longview,WA,46.1461,-122.963,71347,US
Waukesha,WI,43.0087,-88.2464,71233,US
Maple Grove,MN,45.1089,-93.4626,71173,US
West Des Moines,IA,41.5521,-93.7806,71083,US
Dale City,VA,38.6473,-77.3459,71016,US
Tulare,CA,36.1995,-119.34,70945,US
Dublin,CA,37.7161,-121.8963,70803,US
North Richland Hills,TX,32.8604,-97.218,70780,US
Eastvale,CA,33.9617,-117.5803,70633,US
Apex,NC,35.7237,-78.8743,70630,US
Guaynabo,PR,18.3832,-66.1134,70599,US
Hammond,LA,30.5061,-90.4563,70502,US
Blacksburg,VA,37.23,-80.4279,70313,US
Baldwin Park,CA,34.0829,-117.9722,70138,US
East Orange,NJ,40.7651,-74.2117,70090,US
Walnut Creek,CA,37.9024,-122.0399,70088,US
Passaic,NJ,40.8574,-74.1282,70002,US
Saint John,NB,45.2806,-66.0761,69895,CA
Gaithersburg,MD,39.1346,-77.2131,69825,US
Porterville,CA,36.0643,-119.0338,69819,US
Dubuque,IA,42.5002,-90.707,69698,US
Mount Vernon,WA,48.4203,-122.3115,69561,US
Bethesda,MD,38.9866,-77.1188,69397,US
Welland,ON,42.9833,-79.2333,69302,CA
Redondo Beach,CA,33.8577,-118.3765,69291,US
Corvallis,OR,44.5698,-123.2779,69209,US
Glens Falls,NY,43.3109,-73.6458,69209,US
Watsonville,CA,36.9206,-121.7708,69089,US
Granby,QC,45.4,-72.7333,69025,CA
Fairbanks,AK,64.8353,-147.6533,68976,US
Fajardo,PR,18.3331,-65.6589,68857,US
Schenectady,NY,42.8025,-73.9275,68847,US
Brunswick,GA,31.1449,-81.4746,68845,US
Weston,FL,26.1006,-80.4054,68837,US
Hanford,CA,36.3274,-119.6549,68594,US
Great Falls,MT,47.5022,-111.2996,68580,US
Spring,TX,30.0613,-95.383,68580,US
Shawnee,KS,39.0158,-94.8076,68542,US
Ames,IA,42.0256,-93.6217,68494,US
Grand Forks,ND,47.9214,-97.0884,68373,US
St. Albert,AB,53.6303,-113.6258,68232,CA
Gary,IN,41.5905,-87.3473,68113,US
South Hill,WA,47.1198,-122.2853,68025,US
Eagan,MN,44.817,-93.1638,68000,US
Delray Beach,FL,26.455,-80.0905,67979,US
Spring Hill,TN,35.7437,-86.9116,67964,US
Haverhill,MA,42.7838,-71.0871,67698,US
Rockville,MD,39.0834,-77.1553,67671,US
Sebring,FL,27.477,-81.453,67549,US
Union City,CA,37.6032,-122.0181,67464,US
Horizon West,FL,28.4417,-81.6146,67416,US
El Paso de Robles,CA,35.6394,-120.656,67346,US
Palo Alto,CA,37.3905,-122.1468,67237,US
Yorba Linda,CA,33.889,-117.7714,67170,US
Bay City,MI,43.5902,-83.8887,67120,US
Alpharetta,GA,34.0704,-84.2738,66855,US
Novi,MI,42.4786,-83.4893,66717,US
DeKalb,IL,41.9314,-88.7481,66570,US
Caldwell,ID,43.6453,-116.6594,66516,US
Sammamish,WA,47.6017,-122.0416,66463,US
Union City,NJ,40.7675,-74.0323,66463,US
Commerce City,CO,39.8641,-104.843,66445,US
Lima,OH,40.741,-84.112,66412,US
Juana Diaz,PR,18.0532,-66.5044,66308,US
Palatine,IL,42.118,-88.043,66293,US
Skokie,IL,42.036,-87.74,66219,US
Port Charlotte,FL,26.9918,-82.114,66133,US
Dalton,GA,34.769,-84.972,66117,US
Greenwood,IN,39.6019,-86.1073,66029,US
Pflugerville,TX,30.4515,-97.6018,65971,US
Dundalk,MD,39.2704,-76.4942,65969,US
Malden,MA,42.4305,-71.0576,65906,US
Victoria,TX,28.8287,-96.9849,65886,US
Casper,WY,42.842,-106.3208,65842,US
Kankakee,IL,41.102,-87.8643,65635,US
Albany,OR,44.6272,-123.0965,65601,US
Rowlett,TX,32.9155,-96.5489,65463,US
Beaufort,SC,32.4597,-80.7235,65303,US
Brentwood,CA,37.9356,-121.719,65208,US
St. Cloud,FL,28.2363,-81.2779,65130,US
Castro Valley,CA,37.7088,-122.0626,65001,US
Kenner,LA,30.0109,-90.2549,64904,US
Waltham,MA,42.3889,-71.2423,64902,US
Port Orange,FL,29.1085,-81.0137,64767,US
Fredericton,NB,45.9636,-66.6431,64614,CA
Lynwood,CA,33.924,-118.2016,64578,US
North Little Rock,AR,34.7807,-92.2371,64538,US
Bellevue,NE,41.1485,-95.939,64510,US
Burnsville,MN,44.7648,-93.2793,64463,US
Reston,VA,38.9497,-77.3461,64414,US
South San Francisco,CA,37.6538,-122.4196,64305,US
Grande Prairie,AB,55.1708,-118.7947,64141,CA
Laguna Niguel,CA,33.5275,-117.705,64139,US
Huntersville,NC,35.406,-80.8716,63969,US
Sanford,FL,28.7891,-81.2757,63730,US
Millcreek,UT,40.6892,-111.8292,63648,US
Coon Rapids,MN,45.1755,-93.3094,63468,US
Hamilton,OH,39.3939,-84.5653,63468,US
Moore,OK,35.3293,-97.4757,63420,US
Medicine Hat,AB,50.0417,-110.6775,63382,CA
San Clemente,CA,33.4499,-117.6102,63273,US
Hendersonville,TN,36.3063,-86.5997,63091,US
Eden Prairie,MN,44.8488,-93.4595,63051,US
Halton Hills,ON,43.63,-79.95,62951,CA
Lakewood,WA,47.1628,-122.5299,62937,US
Bossier City,LA,32.5224,-93.6668,62901,US
Richland,WA,46.2824,-119.2939,62753,US
Council Bluffs,IA,41.2369,-95.8516,62586,US
Marietta,GA,33.9533,-84.5422,62263,US
Bozeman,MT,45.6833,-111.0558,62258,US
Wellington,FL,26.6461,-80.2699,62146,US
Pontiac,MI,42.6493,-83.2878,62104,US
Taylor,MI,42.226,-83.2688,62081,US
Aurora,ON,44.0,-79.4667,62057,CA
La Habra,CA,33.9282,-117.9515,61970,US
Jupiter,FL,26.92,-80.1128,61883,US
Woodland,CA,38.6712,-121.75,61854,US
Parker,CO,39.5084,-104.7753,61783,US
Dearborn Heights,MI,42.3164,-83.2769,61771,US
Chapel Hill,NC,35.9271,-79.0391,61607,US
Palm Harbor,FL,28.0847,-82.7481,61512,US
Springfield,OR,44.0538,-122.9811,61499,US
Port Coquitlam,BC,49.2625,-122.7811,61498,CA
Encinitas,CA,33.0492,-117.261,61480,US
Bristol,CT,41.6812,-72.9407,61462,US
Shoreline,WA,47.7564,-122.3426,61431,US
Mirabel,QC,45.65,-74.0833,61108,CA
Montebello,CA,34.0155,-118.1108,61045,US
Palm Beach Gardens,FL,26.8466,-80.1679,60959,US
Casa Grande,AZ,32.9069,-111.7624,60905,US
La Mesa,CA,32.7703,-117.0204,60797,US
Florence-Graham,CA,33.9682,-118.2447,60690,US
White Plains,NY,41.022,-73.7547,60666,US
Meriden,CT,41.5369,-72.7946,60545,US
Stonecrest,GA,33.6842,-84.1372,60501,US
San Rafael,CA,37.9905,-122.5221,60433,US
Taunton,MA,41.9036,-71.0943,60433,US
Euless,TX,32.8508,-97.08,60421,US
North Miami,FL,25.9008,-80.1686,60344,US
Wylie,TX,33.0362,-96.5161,60334,US
Pico Rivera,CA,33.9901,-118.0888,60272,US
Madison,AL,34.7114,-86.7626,60106,US
Revere,MA,42.4189,-71.004,60012,US
Blue Springs,MO,39.0124,-94.2721,59965,US
Blainville,QC,45.67,-73.88,59819,CA
West Allis,WI,43.0068,-88.0296,59612,US
Gardena,CA,33.8943,-118.3072,59422,US
Medford,MA,42.4234,-71.1087,59354,US
Herriman,UT,40.4899,-112.017,59346,US
Santee,CA,32.8554,-116.9851,59332,US
Petaluma,CA,38.2423,-122.6266,59247,US
Margate,FL,26.2466,-80.2119,59198,US
Des Plaines,IL,42.0345,-87.9008,59156,US
Monterey Park,CA,34.0497,-118.1326,59132,US
Kokomo,IN,40.464,-86.1277,59122,US
St. Peters,MO,38.7825,-90.6061,59092,US
National City,CA,32.6654,-117.0983,58893,US
Lac-Brome,QC,45.2167,-72.5167,58889,CA
The Hammocks,FL,25.67,-80.4482,58838,US
Towson,MD,39.3944,-76.619,58679,US
Taylorsville,UT,40.6569,-111.9493,58678,US
Hoboken,NJ,40.7452,-74.0281,58668,US
Cupertino,CA,37.3168,-122.0466,58566,US
Severn,MD,39.1355,-76.6956,58402,US
Carson City,NV,39.1511,-119.7476,58384,US
Lenexa,KS,38.9609,-94.8018,58384,US
Lake Havasu City,AZ,34.5006,-114.3113,58359,US
Coconut Creek,FL,26.2803,-80.1842,58330,US
Midwest City,OK,35.463,-97.371,58297,US
Bentonville,AR,36.3547,-94.2305,58249,US
Apopka,FL,28.7015,-81.5316,58232,US
St. Clair Shores,MI,42.4925,-82.8961,58140,US
Bel Air South,MD,39.5022,-76.3113,58137,US
North Vancouver,BC,49.3202,-123.0699,58120,CA
Royal Oak,MI,42.5084,-83.1539,57950,US
Bowie,MD,38.9549,-76.7406,57926,US
Orland Park,IL,41.6075,-87.8619,57916,US
Kannapolis,NC,35.4764,-80.6408,57890,US
Brookhaven,GA,33.8743,-84.3314,57855,US
Lacey,WA,47.0462,-122.7933,57737,US
Decatur,AL,34.5731,-86.9905,57361,US
Saint-Hyacinthe,QC,45.6167,-72.95,57239,CA
Kettering,OH,39.6956,-84.1494,57206,US
Bradenton,FL,27.4901,-82.5757,57014,US
Sarasota,FL,27.3387,-82.5432,56970,US
Marana,AZ,32.4355,-111.1558,56938,US
Bartlett,TN,35.2337,-89.8195,56876,US
Oak Lawn,IL,41.7139,-87.7528,56861,US
Kyle,TX,29.9932,-97.8852,56823,US
Smyrna,TN,35.9687,-86.5264,56692,US
Highland,CA,34.1113,-117.165,56675,US
Smyrna,GA,33.8633,-84.5168,56633,US
New Brunswick,NJ,40.487,-74.445,56345,US
Beaumont,CA,33.9076,-116.9766,56266,US
Fountain Valley,CA,33.7105,-117.9514,56258,US
Southaven,MS,34.9514,-89.9786,56226,US
DeSoto,TX,32.5992,-96.8633,56211,US
Tigard,OR,45.4237,-122.7845,56011,US
Perth Amboy,NJ,40.5202,-74.2724,55855,US
Apple Valley,MN,44.7457,-93.2004,55679,US
Fountainebleau,FL,25.7723,-80.346,55665,US
South Whittier,CA,33.9336,-118.0312,55650,US
Berwyn,IL,41.8433,-87.7909,55595,US
Mount Prospect,IL,42.0641,-87.9375,55472,US
Texas City,TX,29.4154,-94.9682,55364,US
West Haven,CT,41.2739,-72.9672,55351,US
Chicopee,MA,42.1764,-72.5719,55295,US
Plainfield,NJ,40.6154,-74.4157,55236,US
San Jacinto,CA,33.797,-116.9916,55180,US
Arcadia,CA,34.1342,-118.0373,55170,US
West Sacramento,CA,38.5557,-121.5505,54927,US
Tinley Park,IL,41.567,-87.8049,54842,US
Little Elm,TX,33.1858,-96.9295,54820,US
Peabody,MA,42.5335,-70.9725,54695,US
Westfield,IN,40.0341,-86.1529,54677,US
Yucaipa,CA,34.0336,-117.0429,54421,US
Rocky Mount,NC,35.9685,-77.804,54297,US
Kentwood,MI,42.8852,-85.5926,54296,US
Hacienda Heights,CA,33.997,-117.9727,54291,US
Manhattan,KS,39.1886,-96.6048,54239,US
Twin Falls,ID,42.5645,-114.4613,54164,US
Colton,CA,34.0538,-117.3255,53772,US
Normal,IL,40.5217,-88.9884,53569,US
Pinellas Park,FL,27.8589,-82.7078,53560,US
Wheaton,IL,41.8561,-88.1085,53557,US
Diamond Bar,CA,33.9992,-117.8161,53355,US
Oak Park,IL,41.8872,-87.7899,53292,US
Eagle Mountain,UT,40.3137,-112.0114,53290,US
Aspen Hill,MD,39.0927,-77.0826,53279,US
Edina,MN,44.8914,-93.3602,53262,US
Huntington Park,CA,33.98,-118.2167,53108,US
Minnetonka,MN,44.9322,-93.4598,53064,US
Elyria,OH,41.376,-82.106,53035,US
Beloeil,QC,45.5667,-73.2,52959,CA
Lincoln,CA,38.8774,-121.2937,52956,US
Wheaton,MD,39.0492,-77.0573,52926,US
Burleson,TX,32.517,-97.3344,52918,US
Grand Island,NE,40.9218,-98.3586,52884,US
Wake Forest,NC,35.9632,-78.514,52844,US
Placentia,CA,33.8807,-117.8553,52826,US
North Bay,ON,46.3,-79.45,52662,CA
Kendale Lakes,FL,25.7081,-80.4078,52622,US
Catalina Foothills,AZ,32.3046,-110.8838,52593,US
Novato,CA,38.092,-122.5575,52546,US
Charlottetown,PE,46.2403,-63.1347,52390,CA
Aloha,OR,45.492,-122.8725,52389,US
Mooresville,NC,35.5847,-80.8266,52381,US
Cathedral City,CA,33.8362,-116.4642,52267,US
Paramount,CA,33.8977,-118.1651,52050,US
Westchester,FL,25.7471,-80.3523,52032,US
West New York,NJ,40.7857,-74.0094,52004,US
Palm Desert,CA,33.7378,-116.3695,51990,US
Levittown,NY,40.7241,-73.5125,51904,US
Vernon,BC,50.267,-119.272,51896,CA
Columbus,IN,39.2093,-85.9183,51824,US
Florissant,MO,38.7996,-90.3269,51773,US
Dunwoody,GA,33.9418,-84.3122,51758,US
Delano,CA,35.7662,-119.2635,51679,US
Summerville,SC,33.0016,-80.1799,51654,US
Collierville,TN,35.047,-89.6987,51515,US
Burien,WA,47.4762,-122.3394,51513,US
East Honolulu,HI,21.2975,-157.7211,51360,US
Brandon,MB,49.8483,-99.95,51313,CA
Country Club,FL,25.9407,-80.3102,51296,US
Mascouche,QC,45.75,-73.6,51183,CA
Hoffman Estates,IL,42.064,-88.1468,51175,US
Rockwall,TX,32.9169,-96.4374,51168,US
Grapevine,TX,32.9343,-97.0742,51139,US
Aliso Viejo,CA,33.5792,-117.7289,51113,US
Jeffersonville,IN,38.3376,-85.7026,51043,US
Troy,NY,42.7354,-73.6751,51033,US
El Dorado Hills,CA,38.675,-121.049,51026,US
Milford city ,CT,41.2255,-73.0625,51023,US
Mishawaka,IN,41.6742,-86.1666,51021,US
Levittown,PA,40.1533,-74.8531,50926,US
Glendora,CA,34.1449,-117.8467,50926,US
Cuyahoga Falls,OH,41.1641,-81.5207,50909,US
Enid,OK,36.4063,-97.87,50653,US
Hilo,HI,19.6883,-155.0863,50404,US
Draper,UT,40.4957,-111.8605,50278,US
Florin,CA,38.4832,-121.4043,50211,US
Murray,UT,40.6498,-111.8874,50188,US
Downers Grove,IL,41.7949,-88.0172,50054,US
Everett,MA,42.4064,-71.0545,50045,US
Rosemead,CA,34.0689,-118.0823,50013,US
Lakewood,OH,41.4822,-81.8008,50007,US
Covina,CA,34.0903,-117.8818,49888,US
Stouffville,ON,43.9667,-79.25,49864,CA
Coral Gables,FL,25.7037,-80.2715,49802,US
Tamiami,FL,25.7556,-80.4016,49752,US
North Bethesda,MD,39.0393,-77.1191,49677,US
McLean,VA,38.9436,-77.1943,49627,US
Shawinigan,QC,46.5667,-72.75,49620,CA
Bothell,WA,47.7735,-122.2044,49610,US
St. Louis Park,MN,44.9488,-93.3649,49594,US
Chesterfield,MO,38.6589,-90.5803,49574,US
Lawrence,IN,39.8674,-85.9904,49517,US
Cypress,CA,33.8171,-118.0386,49498,US
Titusville,FL,28.5727,-80.8193,49385,US
Ceres,CA,37.5952,-120.962,49342,US
Dublin,OH,40.1112,-83.1454,49294,US
Stillwater,OK,36.1317,-97.0742,49269,US
Portage,MI,42.2,-85.5906,49259,US
Joliette,QC,46.0167,-73.45,49246,CA
Tuckahoe,VA,37.5878,-77.5858,49183,US
Leesburg,VA,39.1057,-77.5544,49171,US
Bedford,TX,32.8464,-97.135,49085,US
Fort Pierce,FL,27.4255,-80.3431,49082,US
Ocoee,FL,28.5796,-81.5332,49033,US
Azusa,CA,34.1386,-117.9124,49031,US
Rimouski,QC,48.45,-68.53,48935,CA
Courtenay,BC,49.6878,-124.9944,48917,CA
Cedar Hill,TX,32.581,-96.9591,48879,US
Biloxi,MS,30.4426,-88.9514,48861,US
Euclid,OH,41.5903,-81.5188,48823,US
Poway,CA,32.9871,-117.0201,48713,US
Gallatin,TN,36.3782,-86.4698,48532,US
Wauwatosa,WI,43.0616,-88.0347,48529,US
San Luis Obispo,CA,35.2669,-120.669,48491,US
Saratoga Springs,UT,40.345,-111.9154,48425,US
Dollard-des-Ormeaux,QC,45.4833,-73.8167,48403,CA
Wilson,NC,35.7311,-77.9284,48370,US
Antelope,CA,38.7153,-121.361,48301,US
Oro Valley,AZ,32.4208,-110.9767,48162,US
University,FL,28.0771,-82.4335,48127,US
Goose Creek,SC,32.9927,-80.0055,48078,US
Niagara Falls,NY,43.0921,-79.0147,47987,US
Middletown,CT,41.5476,-72.6549,47958,US
North Highlands,CA,38.6713,-121.3721,47957,US
Winter Garden,FL,28.5421,-81.5967,47872,US
Cerritos,CA,33.8678,-118.0686,47867,US
Huntsville,TX,30.7009,-95.5567,47864,US
Cornwall,ON,45.0275,-74.74,47845,CA
Minot,ND,48.2375,-101.278,47791,US
Victoriaville,QC,46.05,-71.9667,47760,CA
Glenview,IL,42.0825,-87.8214,47752,US
Georgina,ON,44.3,-79.4333,47642,CA
Roswell,NM,33.373,-104.5294,47638,US
Los Banos,CA,37.063,-120.8406,47593,US
Brea,CA,33.9254,-117.8655,47469,US
Prescott,AZ,34.5849,-112.4473,47400,US
Pahrump,NV,36.2235,-115.9974,47347,US
East Providence,RI,41.8065,-71.3565,47281,US
Whitney,NV,36.1008,-115.0379,47221,US
La Mirada,CA,33.9025,-118.0093,47180,US
Mentor,OH,41.6893,-81.3362,47171,US
Beavercreek,OH,39.731,-84.0624,47126,US
Roseville,MI,42.5074,-82.9369,47123,US
Wentzville,MO,38.8153,-90.8669,47061,US
Olive Branch,MS,34.961,-89.8469,47019,US
Rancho Santa Margarita,CA,33.6318,-117.5988,46990,US
Newark,CA,37.5201,-122.0307,46903,US
Clermont,FL,28.5325,-81.7208,46853,US
Attleboro,MA,41.9311,-71.295,46762,US
Plainfield,IL,41.6207,-88.2253,46708,US
Woodstock,ON,43.1306,-80.7467,46705,CA
Urbandale,IA,41.639,-93.7812,46595,US
Langford Station,BC,48.4506,-123.5058,46584,CA
Quinte West,ON,44.1833,-77.5667,46560,CA
Farmington,NM,36.7555,-108.1823,46314,US
Salina,KS,38.8136,-97.6143,46307,US
Altamonte Springs,FL,28.6615,-81.3953,46116,US
Hackensack,NJ,40.8891,-74.0462,46057,US
Lake Ridge,VA,38.6847,-77.3066,46049,US
Ashburn,VA,39.0277,-77.4714,46026,US
Shakopee,MN,44.7745,-93.4772,46012,US
Strongsville,OH,41.3128,-81.8313,45983,US
Keller,TX,32.9335,-97.2256,45976,US
Rowland Heights,CA,33.9716,-117.8912,45911,US
Potomac,MD,39.0141,-77.1943,45902,US
Sayreville,NJ,40.4656,-74.3237,45838,US
Haltom City,TX,32.8176,-97.2707,45767,US
East Lansing,MI,42.748,-84.4836,45758,US
St. Thomas,ON,42.775,-81.1833,45732,CA
Elmhurst,IL,41.8973,-87.9432,45671,US
Brentwood,TN,35.9918,-86.7758,45556,US
Mankato,MN,44.1715,-93.9772,45473,US
Riverton,UT,40.5176,-111.9636,45457,US
The Colony,TX,33.0925,-96.8976,45454,US
Columbia,TN,35.6238,-87.0484,45441,US
Morgan Hill,CA,37.1325,-121.6419,45425,US
Waxahachie,TX,32.4035,-96.8446,45347,US
Saint-Eustache,QC,45.57,-73.9,45276,CA
French Valley,CA,33.5999,-117.1069,45269,US
Holly Springs,NC,35.6526,-78.8399,45248,US
North Lauderdale,FL,26.2113,-80.2209,45234,US
Oakley,CA,37.9929,-121.6952,45183,US
West Lafayette,IN,40.4432,-86.9238,45159,US
Sierra Vista,AZ,31.563,-110.3153,45155,US
Palm Springs,CA,33.8017,-116.5382,45070,US
Cutler Bay,FL,25.5765,-80.3356,45070,US
Moorhead,MN,46.8673,-96.7461,45036,US
Bountiful,UT,40.8721,-111.8647,45023,US
Odenton,MD,39.0661,-76.6938,45002,US
Sicklerville,NJ,39.7452,-74.9934,44998,US
North Fort Myers,FL,26.7244,-81.8485,44993,US
Spanish Fork,UT,40.1101,-111.6405,44946,US
Fairfield,OH,39.3301,-84.5409,44828,US
Salem,MA,42.5129,-70.9021,44795,US
Lebanon,TN,36.204,-86.3481,44788,US
Littleton,CO,39.5915,-105.0188,44710,US
Oakland Park,FL,26.178,-80.1528,44682,US
Delaware,OH,40.2851,-83.0741,44589,US
Rohnert Park,CA,38.3479,-122.6965,44575,US
Pearl City,HI,21.4031,-157.9566,44547,US
Cleveland Heights,OH,41.5113,-81.5636,44497,US
Fond du Lac,WI,43.7718,-88.4397,44494,US
Wilkes-Barre,PA,41.2469,-75.876,44423,US
Concord,NH,43.2305,-71.5595,44375,US
Greenacres,FL,26.627,-80.1371,44373,US
El Centro,CA,32.7865,-115.5595,44240,US
Newnan,GA,33.3767,-84.7761,44235,US
Linden,NJ,40.6251,-74.2383,44192,US
West Vancouver,BC,49.3667,-123.1667,44122,CA
Freeport,NY,40.6515,-73.585,44088,US
Schertz,TX,29.565,-98.2535,44050,US
Burke,VA,38.7773,-77.2633,44029,US
Ormond Beach,FL,29.2985,-81.1014,43976,US
New Tecumseth,ON,44.0833,-79.75,43948,CA
Lakewood Ranch,FL,27.4185,-82.3948,43945,US
Woodbridge,VA,38.6409,-77.258,43945,US
North Miami Beach,FL,25.9302,-80.1659,43898,US
Hollister,CA,36.8555,-121.3986,43811,US
Hicksville,NY,40.7637,-73.5245,43780,US
Vineyard,CA,38.474,-121.324,43751,US
Lompoc,CA,34.6618,-120.4714,43646,US
Lombard,IL,41.8741,-88.0157,43619,US
Trujillo Alto,PR,18.3599,-66.0096,43611,US
Channelview,TX,29.7914,-95.1144,43605,US
West Babylon,NY,40.7129,-73.3585,43570,US
Woonsocket,RI,42.001,-71.4993,43521,US
Pittsfield,MA,42.4517,-73.2605,43457,US
Huber Heights,OH,39.8595,-84.113,43455,US
Danville,CA,37.8121,-121.9698,43401,US
Post Falls,ID,47.7213,-116.9384,43391,US
Catonsville,MD,39.2646,-76.7424,43368,US
Innisfil,ON,44.3,-79.5833,43326,CA
Coachella,CA,33.6905,-116.143,43307,US
Vaudreuil-Dorion,QC,45.4,-74.0333,43268,CA
Manassas,VA,38.7479,-77.4838,42976,US
Buffalo Grove,IL,42.1675,-87.9615,42891,US
Bradford West Gwillimbury,ON,44.1333,-79.6333,42880,CA
Meadow Woods,FL,28.3698,-81.3467,42852,US
Salaberry-de-Valleyfield,QC,45.25,-74.13,42787,CA
Campbell,CA,37.2802,-121.9539,42781,US
Puyallup,WA,47.1793,-122.2902,42746,US
Edmonds,WA,47.8115,-122.3533,42735,US
Midland,MI,43.6241,-84.2319,42724,US
Beverly,MA,42.5681,-70.8627,42665,US
Princeton,FL,25.5396,-80.3971,42625,US
Grove City,OH,39.8654,-83.069,42517,US
Bullhead City,AZ,35.1205,-114.5461,42496,US
Jefferson City,MO,38.5676,-92.1759,42488,US
Peachtree Corners,GA,33.967,-84.232,42373,US
Rouyn-Noranda,QC,48.2333,-79.0167,42313,CA
San Bruno,CA,37.6256,-122.4313,42307,US
Weslaco,TX,26.1599,-97.9877,42229,US
Danville,VA,36.5831,-79.4088,42214,US
Moline,IL,41.4821,-90.492,42197,US
Coppell,TX,32.9639,-96.9903,42154,US
Mount Juliet,TN,36.199,-86.5115,42073,US
Brighton,CO,39.9716,-104.7963,42059,US
Indian Trail,NC,35.0699,-80.6452,42036,US
Woburn,MA,42.4869,-71.1543,41939,US
Marion,IA,42.0451,-91.585,41896,US
Shelton,CT,41.306,-73.1383,41889,US
Linton Hall,VA,38.7551,-77.575,41876,US
Hallandale Beach,FL,25.9854,-80.1423,41854,US
Fitchburg,MA,42.5912,-71.8156,41798,US
Boucherville,QC,45.6,-73.45,41743,CA
Annandale,VA,38.8324,-77.196,41705,US
Altadena,CA,34.1927,-118.1346,41705,US
Marlborough,MA,42.3494,-71.5468,41647,US
DeLand,FL,29.0225,-81.2875,41611,US
Milton,GA,34.1353,-84.3139,41546,US
Greer,SC,34.933,-82.2313,41536,US
Mission,BC,49.1337,-122.3112,41519,CA
Belleville,IL,38.5164,-89.99,41370,US
Brookfield,WI,43.064,-88.1231,41273,US
Lancaster,OH,39.7248,-82.6049,41249,US
Reynoldsburg,OH,39.9588,-82.7943,41224,US
Romeoville,IL,41.6318,-88.0997,41152,US
Timmins,ON,48.4667,-81.3333,41145,CA
Covington,KY,39.0334,-84.5166,41110,US
Apache Junction,AZ,33.3985,-111.535,41058,US
Friendswood,TX,29.511,-95.1981,41030,US
Cottage Grove,MN,44.8161,-92.9274,40992,US
Cedar Falls,IA,42.5195,-92.4536,40888,US
Plant City,FL,28.014,-82.1201,40887,US
Rancho Palos Verdes,CA,33.7554,-118.3634,40864,US
The Acreage,FL,26.774,-80.2779,40843,US
Lancaster,TX,32.5922,-96.7739,40820,US
Annapolis,MD,38.9706,-76.5047,40720,US
Maplewood,MN,44.9842,-93.0247,40695,US
Germantown,TN,35.0829,-89.7824,40673,US
Rosenberg,TX,29.5456,-95.8223,40646,US
Kearny,NJ,40.7528,-74.1202,40614,US
Oviedo,FL,28.658,-81.1872,40599,US
Essex,MD,39.3021,-76.4449,40580,US
Crystal Lake,IL,42.2333,-88.3351,40579,US
Rexburg,ID,43.8226,-111.7919,40543,US
Bartlett,IL,41.9804,-88.2071,40501,US
Fuquay-Varina,NC,35.5953,-78.7778,40485,US
Waipahu,HI,21.3859,-158.0101,40482,US
Lakeshore,ON,42.2399,-82.6511,40410,CA
Lake Oswego,OR,45.4129,-122.7004,40381,US
Woodlawn,MD,39.3054,-76.7489,40379,US
Westfield,MA,42.1382,-72.7561,40378,US
Royal Palm Beach,FL,26.7038,-80.2241,40344,US
Cape Girardeau,MO,37.3109,-89.5597,40344,US
Valley Stream,NY,40.6647,-73.7043,40315,US
Findlay,OH,41.0469,-83.6379,40287,US
New Berlin,WI,42.9726,-88.1291,40270,US
Lake Stevens,WA,48.0024,-122.0953,40253,US
Hobbs,NM,32.7281,-103.16,40252,US
La Vergne,TN,36.02,-86.5586,40243,US
Valrico,FL,27.9193,-82.2293,40239,US
Severna Park,MD,39.087,-76.5687,40228,US
Owasso,OK,36.2878,-95.8311,40151,US
Lynnwood,WA,47.8284,-122.3033,40110,US
West Fargo,ND,46.8573,-96.9057,40094,US
Fort Lee,NJ,40.8509,-73.9713,40067,US
Culver City,CA,34.0058,-118.3968,39931,US
Chelsea,MA,42.3959,-71.0325,39908,US
Aventura,FL,25.9566,-80.1371,39885,US
Hurst,TX,32.8353,-97.1809,39861,US
Navarre,FL,30.4174,-86.8907,39838,US
Pine Bluff,AR,34.2116,-92.0173,39743,US
Hutchinson,KS,38.0671,-97.9081,39709,US
Duncanville,TX,32.646,-96.9127,39683,US
Bettendorf,IA,41.5657,-90.4765,39647,US
Issaquah,WA,47.5439,-122.0471,39591,US
Peachtree City,GA,33.3942,-84.571,39576,US
Coram,NY,40.8812,-73.0059,39539,US
Menomonee Falls,WI,43.1487,-88.1227,39539,US
Prattville,AL,32.4597,-86.4573,39482,US
Brant,ON,43.1167,-80.3667,39474,CA
Carol Stream,IL,41.9181,-88.1307,39460,US
Stanton,CA,33.8003,-117.9935,39402,US
Midlothian,TX,32.4669,-96.989,39356,US
Spruce Grove,AB,53.545,-113.9008,39348,CA
Urbana,IL,40.1107,-88.1973,39341,US
Grants Pass,OR,42.4333,-123.3317,39311,US
Lincoln Park,MI,42.2432,-83.1811,39257,US
Georgetown,KY,38.2247,-84.5487,39117,US
Quincy,IL,39.9336,-91.3799,39109,US
Keizer,OR,45.0028,-123.0243,39082,US
Streamwood,IL,42.0209,-88.1779,39001,US
Roy,UT,41.1714,-112.0485,38993,US
Winter Springs,FL,28.6889,-81.2703,38951,US
Kiryas Joel,NY,41.3411,-74.1667,38916,US
Warren,OH,41.239,-80.8174,38912,US
Land O' Lakes,FL,28.2075,-82.4476,38910,US
South Miami Heights,FL,25.5886,-80.3862,38766,US
Parkland,WA,47.1417,-122.4376,38742,US
La Quinta,CA,33.6536,-116.2785,38707,US
Mechanicsville,VA,37.6263,-77.3561,38683,US
Park Ridge,IL,42.0125,-87.8436,38667,US
Riviera Beach,FL,26.7813,-80.0741,38657,US
Westerville,OH,40.1241,-82.921,38645,US
Atlantic City,NJ,39.3797,-74.4527,38632,US
Vestavia Hills,AL,33.4518,-86.7437,38616,US
Calexico,CA,32.6849,-115.4944,38585,US
Cedar City,UT,37.6834,-113.0956,38524,US
Phenix City,AL,32.4585,-85.0253,38499,US
Wheeling,IL,42.1308,-87.924,38433,US
Tooele,UT,40.5393,-112.3082,38405,US
San Gabriel,CA,34.0949,-118.099,38392,US
Clinton,MD,38.7499,-76.9063,38376,US
Central Islip,NY,40.7836,-73.1945,38373,US
East Point,GA,33.6696,-84.4701,38335,US
Lewiston,ME,44.0915,-70.1681,38324,US
Bell Gardens,CA,33.9663,-118.155,38229,US
Rome,GA,34.2662,-85.1863,38189,US
Campbell River,BC,50.0244,-125.2475,38108,CA
Portage,IN,41.5856,-87.1797,38082,US
Hilliard,OH,40.0353,-83.1578,38033,US
Northglenn,CO,39.9108,-104.9783,38014,US
Adelanto,CA,34.5814,-117.4397,37964,US
Copperas Cove,TX,31.1192,-97.914,37947,US
Clovis,NM,34.4376,-103.1923,37942,US
Hot Springs,AR,34.4892,-93.0501,37920,US
Windsor,CO,40.469,-104.9198,37914,US
Hilton Head Island,SC,32.1896,-80.7499,37911,US
Bartlesville,OK,36.7365,-95.9456,37878,US
Prosper,TX,33.2394,-96.8087,37869,US
Estero,FL,26.4276,-81.7951,37858,US
Pleasant Grove,UT,40.3716,-111.7412,37852,US
Holyoke,MA,42.2125,-72.6411,37813,US
Montclair,CA,34.0715,-117.6981,37810,US
Tupelo,MS,34.2692,-88.7318,37791,US
Prince Albert,SK,53.2,-105.75,37756,CA
Oregon City,OR,45.3418,-122.5924,37755,US
Kearns,UT,40.6519,-112.0095,37696,US
New Albany,IN,38.309,-85.8234,37581,US
Monrovia,CA,34.165,-117.9921,37571,US
Sun Prairie,WI,43.1825,-89.2362,37570,US
Douglasville,GA,33.7384,-84.7054,37536,US
Sun City,AZ,33.6165,-112.2819,37486,US
Woodstock,GA,34.1026,-84.5091,37381,US
Kaneohe,HI,21.4062,-157.7904,37355,US
Carpentersville,IL,42.1227,-88.2896,37346,US
Security-Widefield,CO,38.7489,-104.7142,37345,US
Greenfield,WI,42.9619,-88.0052,37345,US
San Luis,AZ,32.4911,-114.7089,37337,US
Oak Creek,WI,42.8803,-87.9009,37325,US
Wildomar,CA,33.6173,-117.2582,37277,US
Pacifica,CA,37.6113,-122.4782,37261,US
Owings Mills,MD,39.4115,-76.7913,37245,US
Leavenworth,KS,39.3239,-94.924,37195,US
Parkland,FL,26.3219,-80.2533,37178,US
La Puente,CA,34.0323,-117.9533,37142,US
Socorro,TX,31.6383,-106.2601,37123,US
Tucker,GA,33.8436,-84.2024,37123,US
South Valley,NM,35.0093,-106.6819,37120,US
Richmond,KY,37.7307,-84.2925,37111,US
American Fork,UT,40.3783,-111.7953,37109,US
Winchester,NV,36.1365,-115.137,37081,US
Evans,GA,33.5619,-82.1351,36998,US
Martinez,CA,37.9985,-122.1161,36903,US
Penticton,BC,49.4911,-119.5886,36893,CA
East Meadow,NY,40.7197,-73.5604,36821,US
Monroe,NC,35.0063,-80.5596,36759,US
Muskogee,OK,35.7432,-95.3567,36758,US
Hanover Park,IL,41.9818,-88.1446,36732,US
La Porte,TX,29.6689,-95.0484,36730,US
Carrollwood,FL,28.0577,-82.5148,36725,US
Sorel-Tracy,QC,46.0333,-73.1167,36650,CA
Farmers Branch,TX,32.9272,-96.8804,36645,US
Richfield,MN,44.8763,-93.2829,36642,US
North Ridgeville,OH,41.3852,-82.0195,36627,US
Benton,AR,34.5776,-92.5713,36595,US
Claremont,CA,34.1259,-117.7153,36595,US
Mission Bend,TX,29.6948,-95.6658,36586,US
Commack,NY,40.8435,-73.2833,36558,US
Beloit,WI,42.523,-89.0184,36534,US
Oakton,VA,38.8887,-77.3016,36528,US
Elmont,NY,40.7033,-73.7078,36518,US
Merrillville,IN,41.4728,-87.3196,36476,US
Foothill Farms,CA,38.6867,-121.3475,36435,US
Lauderdale Lakes,FL,26.1682,-80.2017,36404,US
Oswego,IL,41.6834,-88.3372,36375,US
Plainfield,IN,39.6954,-86.3716,36369,US
Upper Arlington,OH,40.0272,-83.0704,36293,US
Rock Island,IL,41.4699,-90.5827,36151,US
San Juan,TX,26.1903,-98.152,36149,US
Redmond,OR,44.2612,-121.181,36092,US
Cookeville,TN,36.1482,-85.5109,36088,US
El Mirage,AZ,33.5905,-112.3271,36088,US
East Kelowna,BC,49.8625,-119.5833,36078,CA
Dunedin,FL,28.0329,-82.7862,36062,US
Midvale,UT,40.6148,-111.8927,35989,US
Orangevale,CA,38.6881,-121.2209,35958,US
Randallstown,MD,39.3723,-76.8024,35957,US
Kendall West,FL,25.7065,-80.4388,35912,US
Inver Grove Heights,MN,44.8247,-93.0596,35906,US
Norristown,PA,40.1225,-75.3398,35893,US
Franklin,WI,42.8854,-88.0104,35886,US
Fruit Cove,FL,30.0972,-81.6175,35877,US
Egypt Lake-Leto,FL,28.0177,-82.5062,35873,US
Sahuarita,AZ,31.9323,-110.9654,35862,US
Moorpark,CA,34.2861,-118.8768,35854,US
Springville,UT,40.1638,-111.6205,35849,US
Salisbury,NC,35.6658,-80.4905,35825,US
Roseville,MN,45.0155,-93.1545,35802,US
Olney,MD,39.1465,-77.0715,35797,US
Weatherford,TX,32.7536,-97.7723,35788,US
Canton,GA,34.2467,-84.4897,35741,US
Stockbridge,GA,33.5254,-84.2295,35737,US
Leamington,ON,42.0667,-82.5833,35730,CA
Pueblo West,CO,38.3465,-104.7246,35681,US
Hinesville,GA,31.8248,-81.6137,35679,US
Marion,OH,40.5973,-83.1227,35669,US
Fair Lawn,NJ,40.9359,-74.1177,35610,US
Richmond West,FL,25.6105,-80.4297,35593,US
Richmond,IN,39.8318,-84.8905,35581,US
Torrington,CT,41.8349,-73.1282,35547,US
Fair Oaks,VA,38.8653,-77.3586,35545,US
Mason,OH,39.3571,-84.3023,35509,US
Addison,IL,41.9313,-88.0085,35489,US
Syracuse,UT,41.0859,-112.0698,35488,US
Gahanna,OH,40.0251,-82.8637,35486,US
Hutto,TX,30.5396,-97.544,35483,US
Biscayne Gardens,FL,25.9134,-80.2103,35472,US
Temple City,CA,34.1022,-118.0579,35430,US
Timberwood Park,TX,29.6995,-98.4838,35413,US
Oakville,MO,38.4479,-90.3199,35333,US
Brunswick,OH,41.2465,-81.8198,35246,US
Prairieville,LA,30.3151,-90.9571,35238,US
Wildwood,MO,38.58,-90.6698,35133,US
Cibolo,TX,29.5634,-98.2115,35109,US
Calumet City,IL,41.6134,-87.5505,35100,US
San Juan Capistrano,CA,33.5008,-117.6544,35095,US
Graham,WA,47.0322,-122.2827,35079,US
Lathrop,CA,37.809,-121.3131,35052,US
Butte,MT,45.902,-112.6571,35052,US
Baldwin,NY,40.6511,-73.6075,34994,US
Merritt Island,FL,28.3139,-80.6708,34992,US
La Presa,CA,32.711,-117.0027,34962,US
University Place,WA,47.2147,-122.5461,34911,US
West Hollywood,CA,34.0883,-118.3719,34884,US
Chillum,MD,38.9666,-76.9791,34871,US
Fulshear,TX,29.693,-95.8804,34868,US
Long Beach,NY,40.5887,-73.666,34756,US
Valparaiso,IN,41.4783,-87.0506,34733,US
Oildale,CA,35.4293,-119.0306,34687,US
University City,MO,38.6657,-90.3315,34685,US
Del Rio,TX,29.3708,-100.8801,34668,US
Cooper City,FL,26.0463,-80.2862,34660,US
Lewiston,ID,46.3934,-116.9933,34651,US
East Gwillimbury,ON,44.1333,-79.4167,34637,CA
Manitowoc,WI,44.0991,-87.6812,34620,US
Kennesaw,GA,34.026,-84.6177,34605,US
McMinnville,OR,45.211,-123.1918,34596,US
Northbrook,IL,42.1292,-87.8352,34585,US
College Park,MD,38.996,-76.9337,34540,US
Fairborn,OH,39.801,-84.0094,34534,US
Cote-Saint-Luc,QC,45.4687,-73.6673,34504,CA
Garner,NC,35.6936,-78.6181,34473,US
New City,NY,41.1542,-73.9912,34458,US
Goshen,IN,41.5743,-85.8309,34420,US
Crown Point,IN,41.4143,-87.3457,34393,US
Goldsboro,NC,35.3778,-77.9717,34383,US
Kingman,AZ,35.217,-114.0105,34375,US
South Riding,VA,38.912,-77.5132,34352,US
Cleburne,TX,32.3568,-97.4151,34344,US
Pasadena,MD,39.1552,-76.5537,34309,US
Celina,TX,33.3154,-96.7941,34268,US
Lufkin,TX,31.3217,-94.7277,34251,US
Kearney,NE,40.7011,-99.0833,34246,US
Stow,OH,41.1765,-81.4344,34240,US
Pleasant Hill,CA,37.9539,-122.0759,34235,US
Haines City,FL,28.1102,-81.6157,34234,US
Manhattan Beach,CA,33.8894,-118.3967,34210,US
Orangeville,ON,43.9167,-80.1167,34177,CA
Statesboro,GA,32.4375,-81.7751,34149,US
Meridian,MS,32.3846,-88.6896,34137,US
Englewood,CO,39.6468,-104.9942,34129,US
Harker Heights,TX,31.0572,-97.6446,34128,US
Westmont,CA,33.9417,-118.3018,34123,US
Montgomery Village,MD,39.1788,-77.1954,34110,US
Westlake,OH,41.4524,-81.9294,34104,US
Leduc,AB,53.2594,-113.5492,34094,CA
Spanaway,WA,47.0979,-122.4233,34019,US
Eastpointe,MI,42.4657,-82.9461,33982,US
Deer Park,TX,29.6898,-95.1151,33967,US
Woodridge,IL,41.737,-88.0409,33941,US
Walla Walla,WA,46.0671,-118.3368,33925,US
Alabaster,AL,33.2198,-86.8225,33917,US
West Little River,FL,25.8571,-80.2367,33890,US
Canyon Lake,TX,29.8761,-98.2611,33883,US
Leawood,KS,38.9075,-94.6258,33809,US
Erie,CO,40.0404,-105.0399,33808,US
San Dimas,CA,34.1082,-117.809,33789,US
Seguin,TX,29.5891,-97.9676,33754,US
Dakota Ridge,CO,39.6192,-105.1344,33753,US
Martinez,GA,33.5209,-82.0985,33750,US
Moose Jaw,SK,50.3933,-105.5519,33665,CA
Helena,MT,46.5965,-112.0202,33639,US
Chester,PA,39.8456,-75.3718,33619,US
Sun City Center,FL,27.715,-82.3569,33548,US
Petersburg,VA,37.2043,-77.3913,33537,US
Port Moody,BC,49.2831,-122.8317,33535,CA
Pikesville,MD,39.3893,-76.702,33524,US
Clearfield,UT,41.103,-112.0238,33523,US
Pointe-Claire,QC,45.45,-73.8167,33488,CA
Gillette,WY,44.2752,-105.4982,33431,US
Orillia,ON,44.6,-79.4167,33411,CA
Gadsden,AL,34.0086,-86.0157,33374,US
Apollo Beach,FL,27.7618,-82.4003,33355,US
East Lake,FL,28.1206,-82.6868,33283,US
Ken Caryl,CO,39.577,-105.1144,33233,US
Stratford,ON,43.3708,-80.9819,33232,CA
Desert Hot Springs,CA,33.955,-116.5429,33200,US
Spring Valley,NY,41.1151,-74.0486,33192,US
Bluffton,SC,32.2135,-80.9316,33157,US
Uniondale,NY,40.7176,-73.5947,33148,US
Rochester,NH,43.299,-70.9787,33144,US
Bethany,OR,45.5614,-122.837,33106,US
Sherwood,AR,34.8507,-92.2029,33070,US
Kaysville,UT,41.029,-111.9456,33053,US
Andover,MN,45.2571,-93.3265,33035,US
Fort Erie,ON,42.9167,-79.0167,32901,CA
Savage,MN,44.7545,-93.3632,32889,US
Bethel Park,PA,40.3238,-80.0364,32881,US
Eagle,ID,43.7223,-116.3866,32855,US
St. Charles,IL,41.9193,-88.3109,32854,US
Cottonwood Heights,UT,40.6137,-111.8144,32828,US
Des Moines,WA,47.3914,-122.3156,32823,US
Opelika,AL,32.6612,-85.3769,32820,US
Ithaca,NY,42.4442,-76.5032,32814,US
Glendale Heights,IL,41.9196,-88.0785,32808,US
Florence,KY,38.9899,-84.6471,32803,US
Fair Oaks,CA,38.6504,-121.2496,32799,US
Foster City,CA,37.5553,-122.2659,32792,US
Dana Point,CA,33.4733,-117.6967,32790,US
Los Gatos,CA,37.2304,-121.9562,32786,US
Garfield,NJ,40.8791,-74.1085,32783,US
Cornelius,NC,35.4724,-80.8813,32783,US
Val-d'Or,QC,48.1,-77.7833,32752,CA
New Bern,NC,35.0955,-77.0723,32734,US
Menlo Park,CA,37.4685,-122.1673,32727,US
LaSalle,ON,42.2167,-83.0667,32721,CA
Oak Ridge,TN,35.9639,-84.2938,32693,US
Goleta,CA,34.4361,-119.8594,32685,US
Buenaventura Lakes,FL,28.3349,-81.3539,32682,US
Fitchburg,WI,42.9859,-89.4255,32619,US
Huntington Station,NY,40.8446,-73.405,32601,US
West Odessa,TX,31.8389,-102.5003,32594,US
Marrero,LA,29.8871,-90.1126,32540,US
Long Branch,NJ,40.2965,-73.9915,32530,US
Aiken,SC,33.5303,-81.7271,32521,US
Brooklyn Center,MN,45.0681,-93.3162,32479,US
Bell,CA,33.9801,-118.1798,32476,US
Duluth,GA,34.0053,-84.1492,32426,US
SeaTac,WA,47.4444,-122.2986,32414,US
Sterling,VA,39.0052,-77.405,32411,US
Maryville,TN,35.7468,-83.9789,32392,US
Washington,UT,37.1303,-113.4878,32348,US
Massillon,OH,40.7838,-81.5254,32338,US
O'Fallon,IL,38.5974,-89.9148,32262,US
Laramie,WY,41.3099,-105.6085,32234,US
Pullman,WA,46.7336,-117.168,32229,US
Cochrane,AB,51.189,-114.467,32199,CA
Nacogdoches,TX,31.6134,-94.6528,32197,US
Nicholasville,KY,37.8906,-84.5668,32197,US
Dania Beach,FL,26.0593,-80.1637,32180,US
Atwater,CA,37.3529,-120.5959,32162,US
Fallbrook,CA,33.3693,-117.2259,32112,US
Lakeside,FL,30.1356,-81.7674,32105,US
Zionsville,IN,39.9897,-86.3182,32095,US
Lake Magdalene,FL,28.0875,-82.4791,32083,US
LaGrange,GA,33.0274,-85.0384,32078,US
Oakleaf Plantation,FL,30.1689,-81.8337,32070,US
Wheat Ridge,CO,39.7728,-105.1028,32070,US
West Bend,WI,43.4173,-88.1818,32030,US
North Cowichan,BC,48.8236,-123.7192,31990,CA
Elk Grove Village,IL,42.0064,-87.9921,31987,US
New Smyrna Beach,FL,29.0249,-80.9652,31974,US
Spring Valley,CA,32.7317,-116.9766,31969,US
Bangor,ME,44.8323,-68.7906,31938,US
North Olmsted,OH,41.4149,-81.919,31924,US
Mundelein,IL,42.2693,-88.0102,31915,US
Centereach,NY,40.8681,-73.0821,31839,US
Naugatuck,CT,41.489,-73.0518,31800,US
Rome,NY,43.226,-75.4909,31795,US
Juneau,AK,58.4546,-134.1739,31794,US
Pekin,IL,40.5678,-89.6251,31781,US
Carlsbad,NM,32.401,-104.2388,31746,US
San Pablo,CA,37.9629,-122.3426,31720,US
Middle River,MD,39.3436,-76.4253,31712,US
Bella Vista,AR,36.4667,-94.2707,31697,US
Eldersburg,MD,39.4041,-76.9528,31695,US
Bay Shore,NY,40.7288,-73.2495,31683,US
Shawnee,OK,35.3531,-96.9647,31671,US
Oceanside,NY,40.6328,-73.6364,31639,US
Beverly Hills,CA,34.0786,-118.4021,31624,US
Lloydminster,SK,53.2783,-110.005,31582,CA
Miami Lakes,FL,25.9125,-80.3214,31553,US
Forney,TX,32.744,-96.4529,31532,US
Sanford,NC,35.4875,-79.177,31478,US
Orcutt,CA,34.8691,-120.4222,31454,US
Chambly,QC,45.4311,-73.2873,31444,CA
Morrisville,NC,35.8368,-78.8348,31422,US
Santa Paula,CA,34.3545,-119.0656,31376,US
Summerlin South,NV,36.1242,-115.3324,31354,US
Alamogordo,NM,32.8837,-105.9625,31307,US
Bel Air North,MD,39.5543,-76.3732,31302,US
Ballwin,MO,38.595,-90.55,31279,US
West Falls Church,VA,38.8648,-77.1878,31279,US
Greenville,TX,33.1116,-96.1099,31222,US
Northport,AL,33.2586,-87.5993,31218,US
Brownsburg,IN,39.8337,-86.383,31215,US
Springfield,VA,38.781,-77.1839,31154,US
Southlake,TX,32.9545,-97.1503,31137,US
Westfield,NJ,40.6516,-74.3432,31111,US
Port Chester,NY,41.0051,-73.668,31102,US
Holladay,UT,40.66,-111.8226,31099,US
Banning,CA,33.946,-116.8992,31093,US
Centre Wellington,ON,43.7,-80.3667,31093,CA
Redan,GA,33.7394,-84.1644,31017,US
North Royalton,OH,41.3138,-81.745,30972,US
Northampton,MA,42.3266,-72.6745,30962,US
Lawrenceville,GA,33.9523,-83.9932,30954,US
McDonough,GA,33.4397,-84.1505,30947,US
Hopkinsville,KY,36.8381,-87.4775,30906,US
Franklin Square,NY,40.7002,-73.6775,30897,US
Chamblee,GA,33.8842,-84.3007,30895,US
Milford Mill,MD,39.3444,-76.7668,30829,US
Lawndale,CA,33.8884,-118.3531,30781,US
Fort Mill,SC,35.0061,-80.9389,30775,US
Princeton,NJ,40.3562,-74.6693,30756,US
Laguna Hills,CA,33.5918,-117.6991,30740,US
Los Altos,CA,37.3684,-122.0965,30698,US
Liberty,MO,39.2394,-94.4191,30689,US
North Chicago,IL,42.3172,-87.8595,30643,US
La Verne,CA,34.1207,-117.7703,30600,US
Matthews,NC,35.1195,-80.7101,30577,US
Parkville,MD,39.3832,-76.5519,30549,US
Burlingame,CA,37.5859,-122.3667,30525,US
Gurnee,IL,42.3708,-87.9392,30510,US
Sachse,TX,32.9726,-96.5793,30491,US
Clarksburg,MD,39.2246,-77.2659,30487,US
Drexel Hill,PA,39.9495,-75.3038,30451,US
Okotoks,AB,50.725,-113.975,30405,CA
Highland Park,IL,42.1823,-87.8104,30398,US
Vero Beach South,FL,27.6132,-80.4163,30344,US
Alma,QC,48.55,-71.65,30331,CA
Newark,DE,39.6776,-75.7576,30330,US
Granger,IN,41.7374,-86.1348,30321,US
Saratoga,CA,37.2684,-122.0263,30319,US
Middletown,NY,41.4459,-74.4236,30289,US
Winter Park,FL,28.5989,-81.3442,30274,US
Fridley,MN,45.0841,-93.2595,30241,US
Paragould,AR,36.0555,-90.5149,30215,US
North Tonawanda,NY,43.0457,-78.8659,30198,US
Austintown,OH,41.0932,-80.7405,30164,US
Bixby,OK,35.9454,-95.8776,30155,US
Casselberry,FL,28.6624,-81.3217,30135,US
Hazleton,PA,40.9505,-75.9725,30111,US
Rahway,NJ,40.6077,-74.2807,30109,US
Gloucester,MA,42.626,-70.6897,30075,US
Temescal Valley,CA,33.7581,-117.4677,30069,US
Algonquin,IL,42.1629,-88.3159,30067,US
Niles,IL,42.0278,-87.8099,30064,US
Ferry Pass,FL,30.5205,-87.1899,30053,US
Anderson,SC,34.5211,-82.6478,30051,US
Sainte-Julie,QC,45.5833,-73.3333,30045,CA
Magna,UT,40.7634,-112.1599,30031,US
Bowling Green,OH,41.3776,-83.6495,29983,US
Harrison,NY,41.0236,-73.7193,29961,US
Saint-Constant,QC,45.37,-73.57,29954,CA
Statesville,NC,35.7842,-80.8713,29894,US
Ruskin,FL,27.7065,-82.4209,29834,US
Mehlville,MO,38.5018,-90.3149,29805,US
Laurel,MD,39.0949,-76.8622,29798,US
Central,LA,30.5593,-91.0369,29783,US
Fleming Island,FL,30.0988,-81.7124,29766,US
Easton,PA,40.6858,-75.2209,29739,US
Atascadero,CA,35.4827,-120.6858,29712,US
Schererville,IN,41.4861,-87.4442,29701,US
Melrose,MA,42.4556,-71.059,29650,US
Englewood,NJ,40.8917,-73.9736,29638,US
San Carlos,CA,37.4982,-122.2677,29614,US
Monterey,CA,36.5919,-121.8808,29613,US
Leland,NC,34.2042,-78.0279,29607,US
Converse,TX,29.5091,-98.3084,29607,US
Hobart,IN,41.514,-87.2729,29558,US
Crofton,MD,39.0144,-76.68,29549,US
Enterprise,AL,31.3275,-85.8463,29505,US
Burton,MI,42.9974,-83.6175,29500,US
Galesburg,IL,40.9506,-90.3763,29481,US
Daphne,AL,30.6263,-87.8816,29453,US
Raytown,MO,38.9944,-94.4641,29445,US
Orchards,WA,45.689,-122.5306,29438,US
Independence,KY,38.951,-84.5492,29392,US
Southgate,MI,42.2047,-83.2057,29366,US
Kirkwood,MO,38.5788,-90.4203,29363,US
Clayton,NC,35.659,-78.4498,29320,US
Oak Park,MI,42.4649,-83.1824,29318,US
Fountain,CO,38.6886,-104.6829,29300,US
Suisun City,CA,38.2473,-122.0091,29286,US
South Laurel,MD,39.0603,-76.8456,29272,US
Garfield Heights,OH,41.4199,-81.6038,29269,US
Parkersburg,WV,39.2623,-81.542,29240,US
Waukee,IA,41.5985,-93.8869,29236,US
Golden Gate,FL,26.1844,-81.7031,29234,US
Jacksonville,AR,34.8807,-92.1304,29221,US
East Lake-Orient Park,FL,27.997,-82.3653,29213,US
Jeffersontown,KY,38.2049,-85.5701,29199,US
Texarkana,AR,33.436,-93.9959,29177,US
San Lorenzo,CA,37.6733,-122.1332,29171,US
Russellville,AR,35.2762,-93.1383,29162,US
Rockledge,FL,28.3203,-80.736,29133,US
Perry Hall,MD,39.4068,-76.478,29105,US
East Palo Alto,CA,37.4671,-122.1352,29069,US
Short Pump,VA,37.6549,-77.6201,29026,US
Athens,AL,34.7843,-86.9503,29002,US
Langley,BC,49.0987,-122.6597,28963,CA
Tysons,VA,38.9215,-77.2273,28936,US
Shaker Heights,OH,41.4744,-81.5496,28922,US
Fortuna Foothills,AZ,32.6616,-114.3974,28896,US
Grimsby,ON,43.2,-79.55,28883,CA
Citrus Park,FL,28.073,-82.5628,28804,US
Lake in the Hills,IL,42.1913,-88.3477,28800,US
West Melbourne,FL,28.0694,-80.6736,28795,US
Crestview,FL,30.7477,-86.5785,28773,US
Burbank,IL,41.7444,-87.7686,28739,US
Chaska,MN,44.8164,-93.6091,28706,US
Forest Hills,MI,42.9577,-85.4895,28695,US
Danville,IL,40.1426,-87.6111,28595,US
Oakdale,MN,44.9876,-92.9641,28585,US
Silver Springs Shores,FL,29.1126,-82.0149,28537,US
East Niles,CA,35.3683,-118.9225,28532,US
Ives Estates,FL,25.9632,-80.183,28506,US
Kalispell,MT,48.2153,-114.3274,28504,US
Frankfort,KY,38.1924,-84.8643,28503,US
Pooler,GA,32.1043,-81.2569,28466,US
Bergenfield,NJ,40.9236,-73.9982,28450,US
Ramsey,MN,45.2617,-93.4494,28421,US
Madison Heights,MI,42.5073,-83.1034,28419,US
Glen Ellyn,IL,41.8666,-88.0629,28390,US
Shirley,NY,40.7936,-72.8748,28375,US
Ilchester,MD,39.2187,-76.7683,28364,US
Carney,MD,39.405,-76.5235,28343,US
Laplace,LA,30.0731,-90.4758,28343,US
Eagle Pass,TX,28.7125,-100.484,28339,US
Alvin,TX,29.3872,-95.2938,28333,US
Magog,QC,45.2667,-72.15,28312,CA
Boisbriand,QC,45.62,-73.83,28308,CA
Monroeville,PA,40.4262,-79.7605,28295,US
Eastern Goleta Valley,CA,34.4448,-119.7879,28295,US
Kahului,HI,20.8715,-156.4603,28288,US
Maple Valley,WA,47.3659,-122.0368,28287,US
Lansing,IL,41.5648,-87.5462,28284,US
Ridgecrest,CA,35.6308,-117.6622,28225,US
Whitehorse,YT,60.7029,-135.0691,28201,CA
Aberdeen,SD,45.4649,-98.4686,28189,US
Jamestown,NY,42.0976,-79.2367,28188,US
Greenville,MS,33.385,-91.0514,28166,US
Monsey,NY,41.1181,-74.0682,28160,US
Dieppe,NB,46.0989,-64.7242,28114,CA
Glen Cove,NY,40.8709,-73.6287,28112,US
McHenry,IL,42.3387,-88.2932,28074,US
Williston,ND,48.1814,-103.6364,28056,US
Prior Lake,MN,44.7246,-93.4419,28016,US
New Lenox,IL,41.5095,-87.9703,28006,US
Huntley,IL,42.1599,-88.433,28005,US
Deer Park,NY,40.7623,-73.3218,27990,US
Lake Jackson,TX,29.0516,-95.4521,27974,US
Mount Pleasant,WI,42.7129,-87.8876,27953,US
Madison,MS,32.4738,-90.13,27946,US
Wright,FL,30.4445,-86.6419,27927,US
Allen Park,MI,42.2595,-83.2107,27925,US
Maryland Heights,MO,38.7189,-90.4749,27880,US
Woodburn,OR,45.1472,-122.8603,27875,US
Henderson,KY,37.8397,-87.5798,27852,US
Palm River-Clair Mel,FL,27.9239,-82.3791,27844,US
Kernersville,NC,36.1065,-80.0842,27830,US
Homewood,AL,33.4619,-86.809,27829,US
Garden City,KS,37.9753,-100.8527,27819,US
Leisure City,FL,25.4935,-80.4363,27808,US
Tualatin,OR,45.3772,-122.7748,27763,US
Hamtramck,MI,42.3954,-83.0559,27743,US
Pearl,MS,32.273,-90.0918,27737,US
Union City,GA,33.5942,-84.5629,27728,US
Lemon Grove,CA,32.7331,-117.0344,27686,US
Drexel Heights,AZ,32.1453,-111.048,27675,US
Mililani Town,HI,21.4465,-158.0147,27668,US
Marshalltown,IA,42.0343,-92.9068,27626,US
New London,CT,41.3502,-72.1022,27625,US
Dodge City,KS,37.7611,-100.0182,27613,US
Williamsport,PA,41.2399,-77.037,27612,US
Walnut,CA,34.0334,-117.8593,27611,US
Asheboro,NC,35.7158,-79.8127,27580,US
New Iberia,LA,30.0049,-91.8202,27571,US
Fremont,NE,41.4395,-96.4873,27567,US
Rosemount,MN,44.7466,-93.0661,27562,US
Mint Hill,NC,35.1783,-80.6528,27556,US
Marion,IN,40.5497,-85.6604,27531,US
Marysville,OH,40.2279,-83.3595,27518,US
Millville,NJ,39.3903,-75.0561,27511,US
Wilmette,IL,42.0771,-87.7282,27503,US
Venice,FL,27.1184,-82.4137,27479,US
Nocatee,FL,30.0927,-81.4095,27442,US
Sun City West,AZ,33.6695,-112.3573,27425,US
Green,OH,40.9483,-81.4757,27393,US
Carrollton,GA,33.5818,-85.0838,27392,US
Palm Springs,FL,26.6348,-80.0969,27356,US
Twentynine Palms,CA,34.1478,-116.0659,27355,US
Belmont,CA,37.5154,-122.2953,27337,US
Neenah,WI,44.1669,-88.4767,27336,US
King,ON,44.0463,-79.6044,27333,CA
Parksville,BC,49.315,-124.312,27330,CA
Thomasville,NC,35.8813,-80.0807,27321,US
Brawley,CA,32.9783,-115.5287,27283,US
Temple Terrace,FL,28.0436,-82.3773,27275,US
Conway,SC,33.8401,-79.0431,27263,US
Balch Springs,TX,32.7194,-96.6151,27255,US
Gladstone,MO,39.2134,-94.5592,27207,US
Clinton,MS,32.354,-90.3403,27195,US
Conception Bay South,NL,47.5167,-52.9833,27168,CA
Kuna,ID,43.488,-116.3933,27158,US
Batavia,IL,41.8479,-88.3109,27151,US
Lindenhurst,NY,40.6858,-73.371,27142,US
Kent,OH,41.149,-81.361,27116,US
Lutz,FL,28.1396,-82.4467,27106,US
Lemoore,CA,36.2949,-119.7983,27102,US
Jenks,OK,35.9981,-95.9736,27102,US
Fort Saskatchewan,AB,53.7128,-113.2133,27088,CA
Lochearn,MD,39.3461,-76.7307,27074,US
Mason City,IA,43.1487,-93.1997,27050,US
Camas,WA,45.6005,-122.4304,27007,US
Woolwich,ON,43.5667,-80.4833,26999,CA
Wilsonville,OR,45.3109,-122.7702,26974,US
Wooster,OH,40.8172,-81.9336,26971,US
Cabot,AR,34.9766,-92.0274,26960,US
Tumwater,WA,46.9891,-122.9175,26956,US
West Linn,OR,45.367,-122.6399,26935,US
South Portland,ME,43.631,-70.2895,26930,US
Vernon Hills,IL,42.234,-87.9608,26876,US
West Islip,NY,40.7041,-73.2954,26865,US
Paducah,KY,37.0711,-88.644,26845,US
Troy,OH,40.0437,-84.2186,26842,US
Fort Hood,TX,31.1357,-97.7834,26814,US
Oak Forest,IL,41.6054,-87.7527,26805,US
Elk River,MN,45.3314,-93.567,26793,US
Benicia,CA,38.0725,-122.1526,26749,US
Garden City,MI,42.3244,-83.3412,26739,US
Happy Valley,OR,45.4358,-122.5081,26738,US
Chicago Heights,IL,41.51,-87.6345,26736,US
Plum,PA,40.5024,-79.7495,26723,US
Shoreview,MN,45.0842,-93.1358,26714,US
Sanger,CA,36.699,-119.5575,26699,US
Allendale,MI,42.9845,-85.9499,26679,US
Superior,WI,46.6941,-92.0823,26677,US
Trussville,AL,33.6405,-86.5815,26673,US
Horn Lake,MS,34.9512,-90.0501,26647,US
Paramus,NJ,40.9455,-74.0712,26568,US
Ewa Gentry,HI,21.3344,-158.0262,26563,US
Wasco,CA,35.5938,-119.3671,26558,US
Granite City,IL,38.7296,-90.1268,26549,US
Sainte-Therese,QC,45.6333,-73.85,26533,CA
Forest Grove,OR,45.5243,-123.1097,26529,US
Grandview,MO,38.8802,-94.5227,26527,US
Clarence-Rockland,ON,45.4833,-75.2,26505,CA
Owatonna,MN,44.0912,-93.2312,26498,US
Bellview,FL,30.462,-87.312,26488,US
Edwardsville,IL,38.7922,-89.9874,26474,US
Holbrook,NY,40.7944,-73.07,26449,US
Oxford,MS,34.3627,-89.5336,26411,US
Lockport,IL,41.5906,-88.0293,26409,US
La Prairie,QC,45.42,-73.5,26406,CA
Okemos,MI,42.7057,-84.4135,26396,US
Ballenger Creek,MD,39.3807,-77.4206,26390,US
Palm City,FL,27.1735,-80.2862,26371,US
Soledad,CA,36.4432,-121.3426,26365,US
Immokalee,FL,26.4253,-81.4251,26361,US
Austin,MN,43.6721,-92.9784,26358,US
South Salt Lake,UT,40.7057,-111.8986,26352,US
Wheeling,WV,40.0752,-80.6951,26350,US
Ridgewood,NJ,40.9821,-74.1127,26308,US
Hercules,CA,38.0064,-122.2564,26302,US
Moscow,ID,46.7308,-116.9986,26286,US
Auburn,NY,42.9338,-76.5685,26285,US
Elkridge,MD,39.1941,-76.7428,26283,US
Pace,FL,30.6188,-87.1667,26282,US
Saint-Bruno-de-Montarville,QC,45.5333,-73.35,26273,CA
Carolina Forest,SC,33.7651,-78.913,26263,US
Sebastian,FL,27.7822,-80.4819,26262,US
Elmira,NY,42.0938,-76.8097,26257,US
Midland,ON,44.75,-79.8833,26246,CA
Fairland,MD,39.0803,-76.9527,26231,US
Fish Hawk,FL,27.8511,-82.2164,26186,US
Franklin,IN,39.4948,-86.0544,26168,US
Woodstock,IL,42.3096,-88.4353,26147,US
Simpsonville,SC,34.7287,-82.2569,26144,US
Sugar Hill,GA,34.108,-84.0558,26128,US
Moses Lake,WA,47.1279,-119.2759,26083,US
Lodi,NJ,40.8784,-74.0814,26082,US
Windsor,CA,38.5422,-122.8089,26081,US
World Golf Village,FL,29.9654,-81.4896,26077,US
Thetford Mines,QC,46.1,-71.3,26072,CA
South Pasadena,CA,34.1103,-118.1573,26068,US
Newberg,OR,45.3075,-122.9601,26066,US
Derby,KS,37.5571,-97.2551,26062,US
Norfolk,NE,42.0324,-97.4217,26054,US
Cherry Hill,VA,38.5696,-77.2895,26044,US
East Chicago,IN,41.6469,-87.4545,26022,US
Colleyville,TX,32.8913,-97.1486,26012,US
Eureka,CA,40.7943,-124.1564,26010,US
Winona,MN,44.0505,-91.6684,26009,US
Chanhassen,MN,44.8546,-93.5621,26006,US
El Cerrito,CA,37.9196,-122.3025,25994,US
South Bradenton,FL,27.4612,-82.5822,25990,US
Plainview,NY,40.7832,-73.4732,25982,US
Galt,CA,38.2698,-121.3004,25962,US
Medina,OH,41.1358,-81.8695,25950,US
Staunton,VA,38.1593,-79.0611,25948,US
Keystone,FL,28.1312,-82.5999,25858,US
King of Prussia,PA,40.0963,-75.3821,25857,US
North Tustin,CA,33.7636,-117.7947,25807,US
Tarpon Springs,FL,28.1493,-82.7623,25791,US
Stevens Point,WI,44.5241,-89.5507,25785,US
Cliffside Park,NJ,40.8222,-73.9879,25781,US
Denison,TX,33.7672,-96.5808,25778,US
Rockville Centre,NY,40.6643,-73.6383,25765,US
Imperial Beach,CA,32.5693,-117.118,25764,US
Avon Lake,OH,41.4944,-82.0159,25752,US
Cave Spring,VA,37.2254,-80.0072,25742,US
Starkville,MS,33.4608,-88.8297,25721,US
Key West,FL,24.5642,-81.7775,25720,US
Lincoln,ON,43.13,-79.43,25719,CA
Northdale,FL,28.1058,-82.5263,25710,US
Bloomington,CA,34.0601,-117.4013,25698,US
Xenia,OH,39.6829,-83.9413,25689,US
North Augusta,SC,33.5214,-81.9547,25653,US
Peekskill,NY,41.2884,-73.9227,25625,US
Salem,VA,37.2864,-80.0555,25618,US
West Whittier-Los Nietos,CA,33.9759,-118.0689,25615,US
Reedley,CA,36.5988,-119.4471,25609,US
Reisterstown,MD,39.455,-76.814,25582,US
Florence,AZ,33.059,-111.4209,25570,US
North Laurel,MD,39.1285,-76.8476,25563,US
Brandon,MS,32.2778,-89.9896,25542,US
Yukon,OK,35.5201,-97.7639,25529,US
Mountain House,CA,37.7673,-121.5449,25513,US
Corsicana,TX,32.0824,-96.4665,25511,US
Carteret,NJ,40.5849,-74.2284,25496,US
Columbine,CO,39.5879,-105.0694,25478,US
Dinuba,CA,36.5453,-119.3987,25475,US
Mill Creek East,WA,47.8361,-122.1877,25453,US
Ottumwa,IA,41.0195,-92.4186,25430,US
Inkster,MI,42.2935,-83.3148,25428,US
Muskego,WI,42.886,-88.1291,25406,US
Bessemer,AL,33.3712,-86.9728,25400,US
West Chicago,IL,41.896,-88.2253,25395,US
Farmington,UT,40.9845,-111.9065,25389,US
Walker,MI,42.9853,-85.7446,25386,US
Frederickson,WA,47.0916,-122.3603,25383,US
Dickinson,ND,46.8918,-102.7925,25357,US
Avon,OH,41.4485,-82.0187,25317,US
Holt,MI,42.6416,-84.5308,25316,US
Mercer Island,WA,47.5661,-122.232,25307,US
De Pere,WI,44.4308,-88.0785,25301,US
Lafayette,CA,37.8919,-122.1189,25285,US
Mequon,WI,43.2352,-87.9839,25270,US
Caledonia,WI,42.7986,-87.8762,25257,US
Papillion,NE,41.1511,-96.0665,25244,US
Princeton,TX,33.1778,-96.5044,25229,US
Centerville,OH,39.6339,-84.1449,25205,US
Katy,TX,29.7905,-95.8353,25184,US
Perrysburg,OH,41.5377,-83.6413,25181,US
Riverbank,CA,37.726,-120.9433,25166,US
University Park,TX,32.8506,-96.7937,25155,US
Fort Washington,MD,38.7339,-77.0069,25134,US
Loma Linda,CA,34.045,-117.2498,25122,US
Port St. John,FL,28.4757,-80.8104,25120,US
Hazelwood,MO,38.7931,-90.3899,25114,US
Auburn Hills,MI,42.6735,-83.2448,25105,US
Barstow,CA,34.8661,-117.0471,25100,US
Norco,CA,33.9252,-117.5498,25054,US
Norton Shores,MI,43.1621,-86.2519,25041,US
Fairfax,VA,38.8531,-77.2997,25026,US
Belton,MO,38.8192,-94.5335,25008,US
Hastings,NE,40.5961,-98.39,25008,US
Kingsville,TX,27.5094,-97.861,24994,US
Saginaw,TX,32.8657,-97.3654,24970,US
Greenfield,IN,39.7937,-85.7738,24940,US
Edgewood,MD,39.419,-76.2964,24922,US
Coral Terrace,FL,25.7464,-80.3049,24895,US
Liberty Triangle,FL,29.076,-82.2191,24888,US
Westchase,FL,28.0597,-82.611,24885,US
Quispamsis,NB,45.4322,-65.9462,24881,CA
Ardmore,OK,34.1949,-97.1256,24877,US
Newport,RI,41.4801,-71.3203,24874,US
Wasaga Beach,ON,44.5206,-80.0167,24862,CA
Barberton,OH,41.0095,-81.6037,24844,US
Easley,SC,34.8188,-82.5827,24841,US
Nixa,MO,37.0453,-93.2959,24836,US
Romulus,MI,42.2237,-83.366,24831,US
Pelham,AL,33.3114,-86.7573,24827,US
Fort Dodge,IA,42.5098,-94.1751,24827,US
Collingwood,ON,44.5,-80.2167,24811,CA
Medford,NY,40.822,-72.9859,24796,US
Paris,TX,33.6688,-95.546,24775,US
Dix Hills,NY,40.8033,-73.3375,24773,US
Kerrville,TX,30.0398,-99.132,24755,US
Belvidere,IL,42.2543,-88.8649,24752,US
Zanesville,OH,39.9565,-82.0132,24740,US
Terrytown,LA,29.9014,-90.0279,24726,US
Seal Beach,CA,33.7542,-118.0714,24722,US
San Benito,TX,26.1298,-97.644,24709,US
Patterson,CA,37.4758,-121.1536,24693,US
Greenbelt,MD,38.9953,-76.8885,24678,US
Herndon,VA,38.9699,-77.3867,24672,US
Shelbyville,TN,35.4987,-86.4517,24661,US
Middletown,DE,39.445,-75.7183,24661,US
Selma,CA,36.5715,-119.6143,24659,US
Palmetto Bay,FL,25.6219,-80.3221,24639,US
Farragut,TN,35.8731,-84.1821,24634,US
Faribault,MN,44.2996,-93.2789,24631,US
Bainbridge Island,WA,47.6439,-122.5434,24631,US
Morton Grove,IL,42.0423,-87.789,24619,US
Sandusky,OH,41.4468,-82.7024,24606,US
Auburn,ME,44.0851,-70.2492,24602,US
Zion,IL,42.4603,-87.8511,24600,US
Ridgeland,MS,32.4236,-90.1481,24587,US
Lexington,SC,33.989,-81.2202,24585,US
Sept-Iles,QC,50.2167,-66.3833,24569,CA
Fresno,TX,29.5357,-95.4696,24560,US
Benbrook,TX,32.6788,-97.4637,24557,US
Melrose Park,IL,41.903,-87.8636,24549,US
Brambleton,VA,38.9803,-77.5323,24537,US
Homer Glen,IL,41.6043,-87.9497,24529,US
Gardner,KS,38.8122,-94.9275,24526,US
Raymore,MO,38.8029,-94.4583,24526,US
Mandan,ND,46.829,-100.887,24522,US
Decatur,GA,33.7711,-84.2963,24518,US
Landover,MD,38.9241,-76.8875,24514,US
Taylors,SC,34.9157,-82.3124,24505,US
Wadsworth,OH,41.0279,-81.7323,24492,US
Wyandotte,MI,42.2113,-83.1558,24489,US
Columbus,NE,41.4366,-97.3565,24488,US
Pickerington,OH,39.889,-82.7678,24477,US
Chester,VA,37.3531,-77.4342,24474,US
South Plainfield,NJ,40.5748,-74.4152,24473,US
Riverside,OH,39.7835,-84.1219,24435,US
Johnston,IA,41.691,-93.7234,24384,US
Watertown,NY,43.9734,-75.9094,24375,US
Oak Harbor,WA,48.2964,-122.6333,24362,US
Duncan,BC,48.7787,-123.7079,24358,CA
Belton,TX,31.0525,-97.479,24356,US
Anna,TX,33.3472,-96.5508,24330,US
Ponca City,OK,36.7235,-97.0677,24326,US
Clinton,IA,41.8435,-90.2412,24322,US
Maywood,CA,33.9886,-118.1877,24317,US
Arnold,MD,39.0437,-76.4974,24303,US
Pecan Grove,TX,29.6235,-95.733,24272,US
Bailey's Crossroads,VA,38.8477,-77.1305,24271,US
Hudson,QC,45.45,-74.15,24245,CA
Bay Point,CA,38.0329,-121.9615,24231,US
Fernley,NV,39.5627,-119.1906,24225,US
South Elgin,IL,41.9906,-88.3135,24217,US
Fairhope,AL,30.5209,-87.8813,24190,US
Emporia,KS,38.4028,-96.1932,24131,US
Eustis,FL,28.8563,-81.6771,24119,US
Cartersville,GA,34.1644,-84.8009,24074,US
Cloverleaf,TX,29.7882,-95.1724,24063,US
Willoughby,OH,41.6459,-81.4084,24046,US
Chantilly,VA,38.8868,-77.4453,24036,US
Collinsville,IL,38.677,-90.0063,24031,US
Saint-Lin--Laurentides,QC,45.85,-73.7667,24030,CA
Rolling Meadows,IL,42.0747,-88.0252,24027,US
Foley,AL,30.3983,-87.665,24026,US
Big Spring,TX,32.2389,-101.4799,23975,US
Marion Oaks,FL,29.0011,-82.1953,23972,US
Cockeysville,MD,39.4804,-76.6294,23962,US
Brookings,SD,44.3022,-96.7859,23948,US
Solon,OH,41.3865,-81.44,23943,US
West Memphis,AR,35.153,-90.1996,23929,US
North Potomac,MD,39.0955,-77.2373,23922,US
Wekiwa Springs,FL,28.6984,-81.4251,23915,US
Kingston,NY,41.9295,-73.9968,23911,US
White Bear Lake,MN,45.0656,-93.015,23908,US
Farmington,MN,44.6572,-93.1687,23902,US
Linda,CA,39.1241,-121.5421,23871,US
Strathroy-Caradoc,ON,42.9575,-81.6167,23871,CA
Elmwood Park,IL,41.9225,-87.8163,23868,US
Bloomingdale,FL,27.8784,-82.2624,23827,US
Marshall,TX,32.537,-94.3515,23825,US
Bayonet Point,FL,28.3254,-82.6834,23822,US
Squamish,BC,49.7017,-123.1589,23819,CA
Thorold,ON,43.1167,-79.2,23816,CA
Brent,FL,30.4727,-87.2495,23813,US
Socastee,SC,33.6871,-79.0086,23796,US
Suitland,MD,38.8492,-76.9225,23793,US
Ladera Ranch,CA,33.5492,-117.6417,23793,US
Fountain Hills,AZ,33.6073,-111.7398,23789,US
Roseburg,OR,43.2231,-123.352,23778,US
Rosemont,CA,38.5478,-121.3553,23766,US
Van Buren,AR,35.4483,-94.3528,23763,US
Griffin,GA,33.2418,-84.2748,23761,US
Ensley,FL,30.5259,-87.2733,23760,US
Kenmore,WA,47.7516,-122.2489,23741,US
Munster,IN,41.5468,-87.504,23733,US
Burlington,IA,40.8071,-91.1247,23728,US
Westmont,IL,41.7948,-87.9742,23724,US
Eastmont,WA,47.8968,-122.1818,23721,US
Glassboro,NJ,39.7014,-75.1113,23717,US
Webster Groves,MO,38.5866,-90.3544,23712,US
Highland,IN,41.5483,-87.4588,23680,US
Horizon City,TX,31.6799,-106.1903,23668,US
Jacksonville Beach,FL,30.2782,-81.4045,23654,US
San Fernando,CA,34.2886,-118.4362,23632,US
Edgewater,FL,28.9594,-80.9406,23627,US
Yorkville,IL,41.6563,-88.4507,23617,US
Clinton,UT,41.1395,-112.0656,23612,US
Truro,NS,45.3647,-63.28,23583,CA
Waverly,MI,42.7401,-84.6354,23575,US
Jasmine Estates,FL,28.293,-82.6907,23571,US
Amherstburg,ON,42.1,-83.0833,23524,CA
Freeport,IL,42.2891,-89.6346,23505,US
Loves Park,IL,42.3364,-88.9975,23502,US
Muscatine,IA,41.4195,-91.068,23489,US
Pottstown,PA,40.2508,-75.6445,23476,US
North Salt Lake,UT,40.8439,-111.9187,23474,US
L'Assomption,QC,45.8333,-73.4167,23442,CA
Avon,IN,39.7601,-86.3916,23437,US
Copiague,NY,40.6707,-73.3922,23424,US
East San Gabriel,CA,34.1157,-118.0791,23410,US
Lisle,IL,41.7918,-88.0888,23407,US
Athens,OH,39.327,-82.0987,23396,US
Corinth,TX,33.1434,-97.0682,23385,US
Oak Ridge,FL,28.4727,-81.4169,23364,US
Columbus,MS,33.5088,-88.4096,23348,US
Searcy,AR,35.2418,-91.7351,23340,US
North Lynnwood,WA,47.8533,-122.2762,23339,US
West Rancho Dominguez,CA,33.9057,-118.2683,23300,US
Tecumseh,ON,42.2431,-82.9256,23300,CA
Champlin,MN,45.1702,-93.3903,23294,US
Maple Heights,OH,41.4094,-81.5625,23258,US
Hazel Dell,WA,45.6797,-122.6553,23237,US
Coralville,IA,41.699,-91.5967,23234,US
Watauga,TX,32.8719,-97.2515,23233,US
Maywood,IL,41.8798,-87.8442,23201,US
Oakdale,CA,37.7618,-120.8468,23194,US
Rock Springs,WY,41.5947,-109.2209,23127,US
Mountlake Terrace,WA,47.7921,-122.3077,23104,US
Union Hill-Novelty Hill,WA,47.6788,-122.0284,23047,US
Watertown,SD,44.9094,-97.1532,23044,US
Trotwood,OH,39.7926,-84.3165,23041,US
Hudson,OH,41.2399,-81.4408,23039,US
Payson,UT,40.0355,-111.739,23039,US
Four Square Mile,CO,39.6808,-104.888,23024,US
Perry,GA,32.472,-83.7283,23001,US
Candiac,QC,45.38,-73.52,22997,CA
Essa,ON,44.25,-79.7833,22970,CA
The Crossings,FL,25.6708,-80.4018,22963,US
Hopewell,VA,37.2915,-77.2985,22959,US
Duncan,OK,34.5408,-97.9215,22958,US
Paradise,NL,47.5333,-52.8667,22957,CA
Garden City,NY,40.7266,-73.6447,22941,US
Keene,NH,42.9494,-72.2998,22939,US
Hialeah Gardens,FL,25.8878,-80.3569,22915,US
Fate,TX,32.943,-96.3858,22884,US
Prairie Village,KS,38.9874,-94.6362,22874,US
DeBary,FL,28.8815,-81.324,22869,US
Radcliff,KY,37.8204,-85.9365,22864,US
Waynesboro,VA,38.0674,-78.9014,22841,US
North Platte,NE,41.1263,-100.7641,22831,US
Hunters Creek,FL,28.361,-81.4358,22819,US
Albertville,AL,34.2633,-86.2108,22813,US
North Plainfield,NJ,40.6209,-74.4386,22809,US
Holiday,FL,28.1864,-82.7429,22785,US
Watertown,WI,43.1893,-88.7285,22774,US
Hurricane,UT,37.1487,-113.3517,22771,US
Saint-Lambert,QC,45.5,-73.5167,22761,CA
Vega Baja,PR,18.4406,-66.3997,22756,US
Roselle,IL,41.9809,-88.0861,22752,US
Christiansburg,VA,37.1406,-80.4036,22720,US
Somerset,NJ,40.5083,-74.501,22720,US
New Brighton,MN,45.0658,-93.206,22710,US
Laguna Beach,CA,33.5455,-117.7613,22710,US
Summit,NJ,40.7154,-74.3647,22705,US
Central Falls,RI,41.8901,-71.3934,22701,US
Millbrae,CA,37.5994,-122.4023,22689,US
Calabasas,CA,34.1375,-118.6689,22669,US
McNair,VA,38.9513,-77.4115,22655,US
Roselle,NJ,40.6527,-74.2599,22646,US
Ramona,CA,33.0474,-116.8766,22634,US
Martha Lake,WA,47.8479,-122.2327,22634,US
Machesney Park,IL,42.3666,-89.0266,22630,US
Chalmette,LA,29.9438,-89.966,22616,US
Ennis,TX,32.3254,-96.6347,22588,US
Hillsborough,NJ,40.5069,-74.6523,22585,US
Anthem,AZ,33.856,-112.1168,22584,US
Sapulpa,OK,36.0091,-96.1003,22570,US
St. John,IN,41.4429,-87.4697,22567,US
Marina,CA,36.681,-121.7892,22563,US
Camp Springs,MD,38.8052,-76.9199,22544,US
Greenwood,SC,34.1947,-82.1542,22536,US
West Springfield,VA,38.7771,-77.2268,22532,US
Cottage Lake,WA,47.7466,-122.0755,22518,US
Arbutus,MD,39.2428,-76.6922,22507,US
Biddeford,ME,43.4673,-70.4511,22498,US
West Puente Valley,CA,34.0513,-117.9681,22495,US
Corcoran,CA,36.0841,-119.5613,22491,US
Mount Pearl Park,NL,47.5189,-52.8058,22477,CA
Crystal,MN,45.0377,-93.3599,22476,US
Acworth,GA,34.0566,-84.6716,22473,US
Catano,PR,18.4375,-66.144,22467,US
Bloomingdale,IL,41.9497,-88.0895,22457,US
La Porte,IN,41.6069,-86.7142,22449,US
Lakeside,CA,32.856,-116.904,22447,US
Sunny Isles Beach,FL,25.9385,-80.1246,22437,US
Ozark,MO,37.0365,-93.2158,22417,US
Evans,CO,40.366,-104.739,22396,US
Montclair,VA,38.6111,-77.34,22387,US
Seymour,IN,38.9476,-85.8911,22371,US
Bear,DE,39.6189,-75.6808,22370,US
Saint-Lazare,QC,45.4,-74.1333,22354,CA
Suwanee,GA,34.0508,-84.0686,22349,US
Villa Park,IL,41.8865,-87.9779,22345,US
Junction City,KS,39.0277,-96.8508,22331,US
East Peoria,IL,40.6736,-89.5419,22324,US
Chambersburg,PA,39.9315,-77.6556,22319,US
Owen Sound,ON,44.5667,-80.9333,22318,CA
Silver Firs,WA,47.8635,-122.1497,22306,US
Middleton,WI,43.1064,-89.5059,22301,US
Brockville,ON,44.5833,-75.6833,22293,CA
Ruston,LA,32.5328,-92.6363,22284,US
Waxhaw,NC,34.9363,-80.7439,22275,US
Sanford,ME,43.4244,-70.7573,22247,US
Otsego,MN,45.266,-93.6201,22245,US
Kapolei,HI,21.3399,-158.0677,22232,US
Sun Valley,NV,39.6104,-119.777,22228,US
Ashland,CA,37.6942,-122.1159,22210,US
Mustang,OK,35.3917,-97.7246,22192,US
Duarte,CA,34.161,-117.9504,22184,US
Chestermere,AB,51.05,-113.8225,22163,CA
Carbondale,IL,37.7221,-89.2237,22158,US
Columbia Heights,MN,45.0484,-93.2472,22155,US
West Carson,CA,33.8229,-118.2931,22143,US
Winter Gardens,CA,32.8376,-116.9268,22131,US
Kingsville,ON,42.1,-82.7167,22119,CA
Hastings,MN,44.7318,-92.8538,22117,US
Klamath Falls,OR,42.2195,-121.7754,22115,US
Green Valley,AZ,31.8393,-111.0009,22114,US
Lino Lakes,MN,45.1679,-93.083,22113,US
Shelby,NC,35.2904,-81.5451,22100,US
Bonney Lake,WA,47.1791,-122.17,22090,US
Cudahy,CA,33.9631,-118.183,22087,US
East Ridge,TN,34.9973,-85.2285,22070,US
Oxford,AL,33.5967,-85.8687,22063,US
Mesquite,NV,36.8032,-114.133,22059,US
Allison Park,PA,40.573,-79.9603,22045,US
Mountain Brook,AL,33.4871,-86.74,22029,US
Bothell West,WA,47.8056,-122.2401,22029,US
Rio Rico,AZ,31.4957,-110.9885,22017,US
Clarksville,IN,38.322,-85.7673,22016,US
Groveland,FL,28.6098,-81.8246,22012,US
Sedalia,MO,38.7059,-93.234,22003,US
North Ogden,UT,41.3123,-111.9584,21947,US
Centerton,AR,36.3566,-94.2971,21920,US
Chillicothe,OH,39.3393,-82.9939,21902,US
Battle Ground,WA,45.7766,-122.5413,21886,US
Darien,IL,41.7448,-87.9822,21879,US
Clemmons,NC,36.0319,-80.3861,21871,US
Carlisle,PA,40.2,-77.2034,21852,US
Secaucus,NJ,40.781,-74.0659,21778,US
Yucca Valley,CA,34.1234,-116.4216,21770,US
Helena,AL,33.2837,-86.8791,21769,US
Birmingham,MI,42.5446,-83.2166,21763,US
Dickinson,TX,29.4548,-95.0589,21753,US
Oxford,OH,39.5061,-84.7446,21753,US
Merrick,NY,40.6515,-73.5535,21744,US
Blue Island,IL,41.6578,-87.6811,21741,US
Golden Valley,MN,44.9901,-93.3591,21725,US
Lindenwold,NJ,39.8173,-74.9898,21719,US
Port Alberni,BC,49.2339,-124.805,21711,CA
Pascagoula,MS,30.3666,-88.5506,21710,US
Springwater,ON,44.4333,-79.7333,21701,CA
American Canyon,CA,38.1796,-122.2583,21691,US
Stephenville,TX,32.2147,-98.2205,21682,US
Willowbrook,CA,33.9209,-118.2356,21681,US
Granite Bay,CA,38.7601,-121.1714,21673,US
East Patchogue,NY,40.7704,-72.9817,21673,US
Pleasant Prairie,WI,42.5266,-87.8895,21669,US
Snellville,GA,33.8562,-84.0038,21620,US
Scugog,ON,44.09,-78.936,21617,CA
Selden,NY,40.8714,-73.0466,21604,US
Buckhall,VA,38.7239,-77.4476,21602,US
Port Hueneme,CA,34.1618,-119.2036,21582,US
New Castle,PA,40.9956,-80.3458,21579,US
Kihei,HI,20.7653,-156.4454,21567,US
West Haven,UT,41.2083,-112.0541,21563,US
Uxbridge,ON,44.1167,-79.1333,21556,CA
South Euclid,OH,41.524,-81.5245,21534,US
Montgomery,IL,41.7237,-88.3633,21515,US
Langley Park,MD,38.9897,-76.9808,21508,US
Bryant,AR,34.6152,-92.4914,21504,US
Lebanon,OH,39.4254,-84.2133,21501,US
Altoona,IA,41.6483,-93.4783,21495,US
Del City,OK,35.4483,-97.4408,21494,US
Rocky River,OH,41.4702,-81.8525,21490,US
Alliance,OH,40.9107,-81.1189,21478,US
Rosamond,CA,34.8658,-118.2155,21473,US
Fort St. John,BC,56.2465,-120.8476,21465,CA
Hanahan,SC,32.9302,-80.0027,21452,US
Tukwila,WA,47.475,-122.2728,21451,US
Imperial,CA,32.839,-115.572,21430,US
Wilmot,ON,43.4,-80.65,21429,CA
Elmwood Park,NJ,40.9049,-74.1201,21412,US
Milwaukie,OR,45.4445,-122.6219,21392,US
Massapequa,NY,40.6676,-73.4706,21389,US
West St. Paul,MN,44.9018,-93.0858,21382,US
Willmar,MN,45.1216,-95.0569,21378,US
Parsippany,NJ,40.8645,-74.4135,21345,US
Marquette,MI,46.544,-87.4082,21325,US
Mukilteo,WA,47.9096,-122.3035,21323,US
Midway,FL,30.4169,-87.0229,21317,US
Ashland,KY,38.4592,-82.6448,21295,US
Mililani Mauka,HI,21.4756,-157.9948,21278,US
Rancho San Diego,CA,32.7624,-116.9197,21272,US
South Lake Tahoe,CA,38.9393,-119.9828,21269,US
Ashland,OR,42.1905,-122.6992,21259,US
Geneva,IL,41.8833,-88.3242,21258,US
Bayou Cane,LA,29.6243,-90.751,21253,US
Hayesville,OR,44.9793,-122.9738,21246,US
Mount Pleasant,MI,43.5966,-84.7759,21236,US
Covington,WA,47.3667,-122.1045,21233,US
Essex,ON,42.0833,-82.9,21216,CA
Mineola,NY,40.747,-73.6394,21211,US
Carrboro,NC,35.9259,-79.0878,21204,US
Varennes,QC,45.6833,-73.4333,21198,CA
Woodlawn,VA,38.7332,-77.1149,21194,US
Five Corners,WA,45.6883,-122.5738,21194,US
Shafter,CA,35.4794,-119.2013,21193,US
Murphy,TX,33.0186,-96.6105,21188,US
New Hope,MN,45.0375,-93.3869,21181,US
Park Forest,IL,41.4817,-87.6867,21156,US
Gardner,MA,42.5845,-71.9868,21148,US
Hays,KS,38.8821,-99.3221,21143,US
North Amityville,NY,40.7005,-73.4119,21138,US
North Liberty,IA,41.7438,-91.6112,21125,US
Tullahoma,TN,35.3721,-86.2172,21103,US
Arlington,WA,48.1701,-122.1442,21095,US
Howard,WI,44.5703,-88.0928,21087,US
Rose Hill,VA,38.7872,-77.1085,21066,US
Baldwin,PA,40.369,-79.9669,21057,US
Montrose,CO,38.4689,-107.859,21044,US
Oro-Medonte,ON,44.5667,-79.5833,21036,CA
Fort Walton Beach,FL,30.4255,-86.6222,21025,US
Gallup,NM,35.5182,-108.7431,21023,US
Lorton,VA,38.6983,-77.2164,20991,US
Stevenson Ranch,CA,34.3894,-118.5883,20990,US
Hyattsville,MD,38.9613,-76.9548,20966,US
Germantown,WI,43.2343,-88.1217,20962,US
Valinda,CA,34.04,-117.93,20962,US
Mill Creek,WA,47.8631,-122.2037,20956,US
Arnold,MO,38.4297,-90.3733,20956,US
Mont-Royal,QC,45.5161,-73.6431,20953,CA
Grayslake,IL,42.3405,-88.0338,20929,US
Harvey,LA,29.8876,-90.0666,20915,US
South Holland,IL,41.5977,-87.6022,20911,US
Candler-McAfee,GA,33.7267,-84.2723,20905,US
East Moline,IL,41.5199,-90.3879,20904,US
Wade Hampton,SC,34.8821,-82.3336,20898,US
Florida Ridge,FL,27.5805,-80.3848,20889,US
Beaumont,AB,53.3572,-113.4147,20888,CA
Ellensburg,WA,46.9999,-120.5475,20874,US
Dolton,IL,41.6284,-87.5979,20825,US
Saco,ME,43.539,-70.4624,20819,US
Murrysville,PA,40.4456,-79.6554,20817,US
Culpeper,VA,38.4704,-78.0001,20794,US
Hauppauge,NY,40.8211,-73.2109,20793,US
Louisville,CO,39.971,-105.1441,20786,US
Westbrook,ME,43.6954,-70.3539,20775,US
Sulphur,LA,30.2286,-93.3566,20775,US
South Burlington,VT,44.4622,-73.2202,20756,US
Meadowbrook,VA,37.4301,-77.474,20749,US
Northfield,MN,44.455,-93.1698,20742,US
Makakilo,HI,21.3591,-158.0813,20735,US
Forest Lake,MN,45.2536,-92.9582,20729,US
Pleasantville,NJ,39.39,-74.5169,20712,US
Merrifield,VA,38.8731,-77.2426,20698,US
Elko,NV,40.8381,-115.7678,20696,US
North Bellmore,NY,40.6904,-73.539,20689,US
Baie-Comeau,QC,49.2167,-68.15,20687,CA
Silverdale,WA,47.6663,-122.6828,20685,US
West Chester,PA,39.9601,-75.6058,20666,US
West Pensacola,FL,30.4263,-87.2679,20665,US
Frankfort,IL,41.4892,-87.8363,20651,US
Old Jamestown,MO,38.8394,-90.2847,20651,US
West Hempstead,NY,40.6959,-73.6507,20648,US
Piqua,OH,40.1506,-84.2441,20646,US
Pittsburg,KS,37.4129,-94.6985,20637,US
Crest Hill,IL,41.5723,-88.1124,20628,US
South St. Paul,MN,44.8877,-93.0411,20611,US
Lockport,NY,43.1698,-78.6956,20610,US
Vicksburg,MS,32.3173,-90.8868,20589,US
Riverview,NB,46.0613,-64.8052,20584,CA
Parma Heights,OH,41.3865,-81.7637,20581,US
Lealman,FL,27.8197,-82.6847,20567,US
Bethany,OK,35.5071,-97.6418,20560,US
Painesville,OH,41.724,-81.2536,20548,US
Portland,TX,27.8942,-97.3278,20543,US
Libertyville,IL,42.287,-87.967,20525,US
Cobourg,ON,43.9667,-78.1667,20519,CA
Boerne,TX,29.7847,-98.7292,20518,US
Sidney,OH,40.2891,-84.1667,20501,US
Cranbrook,BC,49.5097,-115.7667,20499,CA
Tavares,FL,28.792,-81.7352,20463,US
Morristown,NJ,40.7967,-74.4772,20453,US
Westminster,MD,39.5796,-77.0067,20445,US
South Milwaukee,WI,42.912,-87.8627,20442,US
Bartow,FL,27.8868,-81.8214,20438,US
Golden,CO,39.7406,-105.2118,20417,US
Adrian,MI,41.8994,-84.0447,20395,US
East Massapequa,NY,40.6742,-73.4359,20377,US
Harrison,NJ,40.7431,-74.1531,20369,US
Terrell,TX,32.734,-96.2931,20366,US
Yellowknife,NT,62.4709,-114.4053,20340,CA
Lynbrook,NY,40.6579,-73.6742,20325,US
Monroe,MI,41.9155,-83.3849,20320,US
Lincolnia,VA,38.8158,-77.1543,20320,US
Sherwood,OR,45.3594,-122.8427,20307,US
Shelbyville,IN,39.5352,-85.7793,20296,US
Palisades Park,NJ,40.8472,-73.9966,20290,US
Rolla,MO,37.9459,-91.7607,20287,US
North Bay Shore,NY,40.7602,-73.2617,20282,US
Punta Gorda,FL,26.8941,-82.0513,20278,US
East Hemet,CA,33.7301,-116.941,20257,US
Alamo,TX,26.181,-98.1177,20255,US
Greenfield,CA,36.3242,-121.2428,20232,US
Harvey,IL,41.6076,-87.652,20230,US
Lomita,CA,33.7933,-118.3175,20225,US
Alton,TX,26.2884,-98.3098,20214,US
Knightdale,NC,35.7911,-78.4966,20214,US
Universal City,TX,29.5521,-98.3074,20189,US
South Frontenac,ON,44.5081,-76.4939,20188,CA
Claremore,OK,36.3146,-95.6095,20166,US
Melissa,TX,33.2891,-96.5573,20136,US
Highland,UT,40.4276,-111.7957,20119,US
Port Angeles,WA,48.1141,-123.4565,20118,US
Riviere-du-Loup,QC,47.8333,-69.5333,20118,CA
Sand Springs,OK,36.1353,-96.1283,20117,US
Englewood,FL,26.9717,-82.3524,20091,US
Sweetwater,FL,25.7785,-80.376,20085,US
Lynn Haven,FL,30.2337,-85.637,20081,US
Royse City,TX,32.9762,-96.3175,20037,US
Port Colborne,ON,42.8833,-79.25,20033,CA
Boone,NC,36.2111,-81.6669,20032,US
Forest Park,OH,39.2861,-84.5258,20025,US
Mayfield Heights,OH,41.5174,-81.4534,20022,US
Mokena,IL,41.5327,-87.8781,20021,US
Whitehall,OH,39.9682,-82.8833,20019,US
Salmon Creek,WA,45.7099,-122.6632,20017,US
St. Michael,MN,45.2014,-93.692,20010,US
Rosedale,MD,39.3266,-76.5084,20002,US
Brigham City,UT,41.5035,-112.0453,19992,US
Springboro,OH,39.5615,-84.2348,19980,US
Angleton,TX,29.1721,-95.4293,19972,US
Knik-Fairview,AK,61.5082,-149.6252,19972,US
Zachary,LA,30.6643,-91.1634,19952,US
Miamisburg,OH,39.6322,-84.2724,19948,US
La Canada Flintridge,CA,34.2097,-118.2002,19935,US
Altamont,OR,42.198,-121.7248,19927,US
Saint-Augustin-de-Desmaures,QC,46.7333,-71.4667,19907,CA
Erlanger,KY,39.0109,-84.5864,19875,US
St. Andrews,SC,34.051,-81.1057,19868,US
Ypsilanti,MI,42.244,-83.6208,19857,US
North Myrtle Beach,SC,33.8232,-78.7082,19855,US
Nogales,AZ,31.3624,-110.9336,19841,US
Lake Zurich,IL,42.1956,-88.087,19832,US
Plattsburgh,NY,44.6951,-73.4563,19830,US
Republic,MO,37.1452,-93.4446,19829,US
Cimarron Hills,CO,38.8597,-104.6995,19817,US
Huntsville,ON,45.3333,-79.2167,19816,CA
Oregon,OH,41.6524,-83.4321,19799,US
Nanuet,NY,41.0957,-74.0155,19799,US
Sainte-Marthe-sur-le-Lac,QC,45.53,-73.93,19797,CA
Palm Valley,FL,30.2011,-81.3948,19796,US
Broadview Heights,OH,41.3196,-81.6779,19771,US
Casa de Oro-Mount Helix,CA,32.764,-116.9688,19765,US
Sartell,MN,45.6188,-94.2206,19758,US
Monroe,WA,47.8595,-121.9851,19755,US
Lackawanna,NY,42.8182,-78.8325,19753,US
Oroville,CA,39.4999,-121.5634,19752,US
Durant,OK,33.9949,-96.3923,19746,US
Lloydminster,AB,53.2807,-110.035,19739,CA
Prunedale,CA,36.8064,-121.6555,19723,US
Agoura Hills,CA,34.151,-118.7609,19721,US
Fayetteville,GA,33.4501,-84.471,19719,US
Melville,NY,40.7824,-73.4088,19714,US
Plainview,TX,34.1911,-101.7235,19711,US
Naples,FL,26.1504,-81.7936,19704,US
East Northport,NY,40.8791,-73.3233,19700,US
Lexington,NC,35.8018,-80.2682,19690,US
Dixon,CA,38.4469,-121.825,19683,US
Zephyrhills,FL,28.2409,-82.1797,19668,US
La Crescenta-Montrose,CA,34.2322,-118.2353,19660,US
Westmount,QC,45.4833,-73.6,19658,CA
Harrisburg,NC,35.3125,-80.6485,19633,US
Hawthorne,NJ,40.9579,-74.1582,19628,US
Kingsland,GA,30.8194,-81.7216,19627,US
Russell,ON,45.2569,-75.3583,19598,CA
Warrensburg,MO,38.7627,-93.726,19582,US
Les Coteaux,QC,45.28,-74.23,19582,CA
Brushy Creek,TX,30.5128,-97.7386,19576,US
Cocoa,FL,28.382,-80.7675,19554,US
Iselin,NJ,40.5697,-74.3172,19551,US
Hermiston,OR,45.8326,-119.2854,19546,US
Arvin,CA,35.1944,-118.8306,19539,US
Mebane,NC,36.0852,-79.2736,19538,US
Crowley,TX,32.5781,-97.3585,19532,US
Deerfield,IL,42.1654,-87.8516,19518,US
Clifton,CO,39.0764,-108.4605,19518,US
Madisonville,KY,37.3409,-87.5034,19515,US
Orinda,CA,37.8808,-122.179,19514,US
Kinston,NC,35.2747,-77.5939,19505,US
Forest Park,GA,33.6209,-84.359,19504,US
Cedar Mill,OR,45.5355,-122.8006,19471,US
Maitland,FL,28.6295,-81.3718,19469,US
Phoenixville,PA,40.1359,-75.5201,19452,US
Lennox,CA,33.938,-118.3586,19449,US
Winder,GA,33.9917,-83.7218,19437,US
Salmon Arm,BC,50.7022,-119.2722,19432,CA
Evergreen Park,IL,41.7213,-87.7013,19420,US
Lake Forest,IL,42.238,-87.8596,19416,US
Albany,CA,37.8897,-122.3018,19414,US
Kirkland,QC,45.45,-73.8667,19413,CA
Durango,CO,37.2659,-107.8781,19411,US
Twinsburg,OH,41.322,-81.4451,19410,US
Seminole,FL,27.8435,-82.784,19396,US
Glenvar Heights,FL,25.709,-80.3155,19395,US
Maumelle,AR,34.8522,-92.4,19373,US
Tinton Falls,NJ,40.2708,-74.0949,19361,US
Stillwater,MN,45.0573,-92.8313,19355,US
Seagoville,TX,32.653,-96.5456,19352,US
Onalaska,WI,43.8883,-91.2075,19348,US
Lebanon,OR,44.5317,-122.9071,19344,US
Holtsville,NY,40.8124,-73.0447,19344,US
Point Pleasant,NJ,40.0772,-74.0702,19334,US
Corner Brook,NL,48.9287,-57.926,19333,CA
Brookfield,IL,41.8245,-87.847,19331,US
Cullman,AL,34.1775,-86.8407,19319,US
Liberal,KS,37.0466,-100.9295,19316,US
New Glasgow,NS,45.5926,-62.6455,19316,CA
Lakeway,TX,30.3544,-97.9864,19307,US
Dorval,QC,45.45,-73.75,19302,CA
Homewood,IL,41.5591,-87.661,19294,US
Country Walk,FL,25.633,-80.4353,19291,US
South El Monte,CA,34.0493,-118.0484,19287,US
Mead Valley,CA,33.8333,-117.2852,19286,US
Sheridan,WY,44.7961,-106.9642,19285,US
Beaconsfield,QC,45.4333,-73.8667,19277,CA
La Marque,TX,29.3683,-94.9941,19268,US
Springfield,TN,36.4949,-86.8711,19255,US
Central Point,OR,42.3764,-122.9111,19216,US
White Oak,OH,39.2106,-84.606,19216,US
Winchester,KY,38.0018,-84.1908,19213,US
Ocean Acres,NJ,39.743,-74.2805,19204,US
Ojus,FL,25.9563,-80.1606,19198,US
Ferndale,MI,42.4592,-83.1313,19190,US
West Mifflin,PA,40.3581,-79.9073,19190,US
Maryland City,MD,39.1016,-76.8051,19186,US
Orange,TX,30.1226,-93.7607,19177,US
Beltsville,MD,39.0394,-76.9211,19176,US
St. Marys,GA,30.7567,-81.5722,19166,US
Sudley,VA,38.7878,-77.4961,19162,US
San Carlos Park,FL,26.4765,-81.8193,19159,US
Pitt Meadows,BC,49.2333,-122.6833,19146,CA
Palestine,TX,31.7544,-95.6471,19136,US
Fox Crossing,WI,44.2228,-88.4763,19131,US
Midlothian,VA,37.4856,-77.6522,19120,US
Norwood,OH,39.1605,-84.4535,19114,US
Niagara-on-the-Lake,ON,43.2553,-79.0717,19088,CA
Oconomowoc,WI,43.0996,-88.4948,19080,US
Augusta,ME,44.3341,-69.7319,19077,US
Ammon,ID,43.4745,-111.9568,19064,US
Hermosa Beach,CA,33.8653,-118.3962,19063,US
Sylvania,OH,41.71,-83.7092,19055,US
Affton,MO,38.5499,-90.3264,19052,US
Gautier,MS,30.4106,-88.6568,19046,US
Ansonia,CT,41.3443,-73.0689,19033,US
Chowchilla,CA,37.1095,-120.2349,19020,US
Coronado,CA,32.6649,-117.1604,19015,US
Clive,IA,41.6147,-93.798,19012,US
Lansdale,PA,40.2417,-75.2812,19011,US
Panama City Beach,FL,30.237,-85.8776,18971,US
Prichard,AL,30.7735,-88.1301,18961,US
Colwood,BC,48.4236,-123.4958,18961,CA
Bradfordville,FL,30.5735,-84.2055,18953,US
Middlesex Centre,ON,43.05,-81.45,18928,CA
Ashland,OH,40.8668,-82.3156,18911,US
Trinity,FL,28.1809,-82.6582,18907,US
Martinsburg,WV,39.4582,-77.9776,18904,US
Rutherford,NJ,40.8203,-74.1057,18894,US
Roosevelt,NY,40.6797,-73.5837,18885,US
Johnstown,CO,40.3499,-104.9482,18883,US
Rosedale,CA,35.3886,-119.2058,18877,US
Santa Fe Springs,CA,33.9329,-118.0625,18871,US
Elizabeth City,NC,36.2942,-76.236,18871,US
Lumberton,NC,34.6312,-79.0186,18859,US
Mont-Saint-Hilaire,QC,45.5622,-73.1917,18859,CA
Centralia,WA,46.7223,-122.9696,18830,US
Hopkins,MN,44.9259,-93.4056,18819,US
Cumberland,MD,39.6515,-78.7584,18804,US
Bluffdale,UT,40.4744,-111.9381,18797,US
Cutlerville,MI,42.8403,-85.6734,18780,US
Brownwood,TX,31.7127,-98.9767,18777,US
Camrose,AB,53.0167,-112.8333,18772,CA
Pinole,CA,37.9931,-122.2833,18761,US
Gibsonton,FL,27.826,-82.3761,18754,US
Franklin Farm,VA,38.9133,-77.3969,18736,US
Wisconsin Rapids,WI,44.3927,-89.8265,18722,US
Laurel,VA,37.6375,-77.5062,18721,US
Ronkonkoma,NY,40.8037,-73.1246,18709,US
Marshfield,WI,44.6627,-90.1728,18700,US
Siloam Springs,AR,36.1844,-94.5315,18699,US
North Aurora,IL,41.8086,-88.3414,18696,US
Sherrelwood,CO,39.839,-105.0014,18692,US
Badger,AK,64.8006,-147.3877,18677,US
Thomasville,GA,30.8394,-83.9782,18666,US
Redland,MD,39.1339,-77.1464,18665,US
Stanford,CA,37.4252,-122.1674,18662,US
Five Forks,SC,34.8069,-82.2271,18656,US
Selwyn,ON,44.4167,-78.3333,18653,CA
Newburyport,MA,42.8124,-70.8878,18652,US
Weirton,WV,40.406,-80.5671,18647,US
Altus,OK,34.6565,-99.3061,18646,US
Ocean Springs,MS,30.4082,-88.7861,18646,US
Matteson,IL,41.5095,-87.7468,18645,US
Creve Coeur,MO,38.662,-90.443,18643,US
Brenham,TX,30.1584,-96.3966,18641,US
Round Lake,IL,42.3435,-88.1059,18628,US
Holly Springs,GA,34.1681,-84.4847,18627,US
Steiner Ranch,TX,30.3654,-97.896,18619,US
Los Lunas,NM,34.8115,-106.7803,18618,US
Tillsonburg,ON,42.8667,-80.7333,18615,CA
Cinco Ranch,TX,29.7395,-95.7607,18611,US
Arcata,CA,40.8615,-124.0758,18607,US
Manor,TX,30.3562,-97.5227,18603,US
Bensenville,IL,41.9579,-87.9442,18603,US
Valle Vista,CA,33.7436,-116.8871,18602,US
Colonia,NJ,40.5926,-74.3148,18587,US
Alsip,IL,41.6701,-87.7368,18583,US
Dover,NJ,40.8859,-74.5597,18563,US
Sycamore,IL,41.9957,-88.6821,18559,US
Haslett,MI,42.7525,-84.402,18559,US
El Reno,OK,35.5429,-97.966,18557,US
Villa Rica,GA,33.7294,-84.9177,18551,US
Auburndale,FL,28.0963,-81.8012,18530,US
Stuart,FL,27.1959,-80.2444,18520,US
Preakness,NJ,40.9382,-74.2242,18520,US
Conyers,GA,33.6646,-83.9966,18512,US
Phelan,CA,34.4398,-117.5248,18496,US
Mount Washington,KY,38.043,-85.5551,18480,US
Pinecrest,FL,25.665,-80.3042,18462,US
Ottawa,IL,41.3555,-88.8261,18447,US
Olivehurst,CA,39.0795,-121.5566,18444,US
North Decatur,GA,33.8074,-84.2889,18442,US
Syosset,NY,40.8157,-73.502,18433,US
Newton,KS,38.0368,-97.3449,18397,US
Sevierville,TN,35.8872,-83.5678,18397,US
Nederland,TX,29.9707,-94.0015,18381,US
Arroyo Grande,CA,35.1241,-120.5845,18372,US
Concord,MO,38.5117,-90.3574,18368,US
Wantagh,NY,40.6686,-73.5104,18365,US
Kingstowne,VA,38.7625,-77.1444,18360,US
Colonial Heights,VA,37.265,-77.3969,18352,US
Shorewood,IL,41.5169,-88.2146,18343,US
East Riverdale,MD,38.96,-76.9109,18336,US
Tallmadge,OH,41.1023,-81.4216,18335,US
Franconia,VA,38.7682,-77.1587,18335,US
Albert Lea,MN,43.6548,-93.3643,18330,US
Seabrook,MD,38.9802,-76.8502,18317,US
Cameron Park,CA,38.6738,-120.9872,18315,US
Lenoir,NC,35.9094,-81.5249,18299,US
Niles,OH,41.1879,-80.7531,18287,US
Brook Park,OH,41.4036,-81.8219,18284,US
Farmington,MO,37.7822,-90.4282,18282,US
Dumont,NJ,40.9452,-73.9923,18279,US
Menasha,WI,44.2125,-88.4271,18273,US
Pinehurst,NC,35.1922,-79.4684,18256,US
Bellwood,IL,41.8829,-87.8762,18256,US
Lake Shore,MD,39.103,-76.4876,18249,US
New River,AZ,33.8835,-112.0858,18240,US
Pataskala,OH,40.011,-82.7155,18223,US
Fairmont,WV,39.4768,-80.1491,18221,US
Lake Ronkonkoma,NY,40.8297,-73.1128,18221,US
Berea,OH,41.3696,-81.8641,18218,US
Guayama,PR,17.9743,-66.1104,18216,US
Ferguson,MO,38.749,-90.295,18213,US
Mount Holly,NC,35.3136,-81.0073,18208,US
Wallingford Center,CT,41.4499,-72.8189,18208,US
Franklin Park,IL,41.9361,-87.8794,18197,US
Gainesville,VA,38.7931,-77.6347,18196,US
Pelham,ON,43.0333,-79.3333,18192,CA
Chaparral,NM,32.0442,-106.406,18186,US
Calhoun,GA,34.491,-84.9386,18183,US
Richmond Hill,GA,31.9012,-81.3125,18181,US
Amsterdam,NY,42.942,-74.1906,18166,US
Manchester,MO,38.583,-90.5064,18160,US
Petawawa,ON,45.9,-77.2833,18160,CA
Cohoes,NY,42.7732,-73.7077,18159,US
White Settlement,TX,32.7554,-97.4605,18150,US
Canby,OR,45.2652,-122.6867,18134,US
Bayshore Gardens,FL,27.4345,-82.5793,18131,US
Trenton,MI,42.1394,-83.1929,18125,US
Steubenville,OH,40.3653,-80.6519,18124,US
Pinewood,FL,25.8697,-80.2174,18114,US
McAlester,OK,34.9257,-95.7734,18111,US
Glenn Heights,TX,32.5506,-96.8548,18096,US
Willimantic,CT,41.7171,-72.2114,18096,US
Johnstown,PA,40.326,-78.9194,18087,US
Palos Hills,IL,41.6986,-87.8266,18081,US
Murray,KY,36.6146,-88.3207,18080,US
Bourbonnais,IL,41.183,-87.8784,18078,US
Clemson,SC,34.6837,-82.8124,18072,US
Lake St. Louis,MO,38.7846,-90.7886,18066,US
Woodmere,NY,40.6375,-73.7219,18061,US
Firestone,CO,40.1565,-104.9494,18049,US
Graham,NC,36.0589,-79.3894,18048,US
Colonial Park,PA,40.2987,-76.8069,18032,US
Fort Carson,CO,38.7095,-104.772,18019,US
Heber,UT,40.507,-111.3986,18015,US
Jacksonville,IL,39.7292,-90.2317,18014,US
Scarsdale,NY,40.9902,-73.7773,18010,US
Powder Springs,GA,33.8659,-84.684,18009,US
Burlington,KY,39.0223,-84.7217,18008,US
Norcross,GA,33.9379,-84.2065,18007,US
Port Washington,NY,40.8268,-73.6765,18004,US
Castaic,CA,34.4818,-118.6316,17999,US
East St. Louis,IL,38.6155,-90.1304,17999,US
Shenandoah,LA,30.4019,-91.002,17998,US
Buford,GA,34.1192,-83.9903,17997,US
North Druid Hills,GA,33.8185,-84.3254,17997,US
Wahiawa,HI,21.5012,-158.0178,17996,US
Stony Plain,AB,53.5264,-114.0069,17993,CA
Oak Bay,BC,48.4264,-123.3228,17990,CA
Viera West,FL,28.2467,-80.7387,17984,US
Spanish Springs,NV,39.6568,-119.6694,17980,US
Anoka,MN,45.2099,-93.3893,17970,US
Anacortes,WA,48.4878,-122.6292,17966,US
North Grenville,ON,44.9667,-75.65,17964,CA
West Columbia,SC,33.9932,-81.0936,17963,US
North Babylon,NY,40.7314,-73.3248,17963,US
Hernando,MS,34.85,-89.9921,17949,US
Loyalist,ON,44.25,-76.75,17943,CA
Hope Mills,NC,34.971,-78.9597,17939,US
Cary,IL,42.2129,-88.2494,17923,US
Deux-Montagnes,QC,45.5333,-73.8833,17915,CA
Oxon Hill,MD,38.7884,-76.9727,17893,US
Gainesville,TX,33.639,-97.1487,17883,US
North Massapequa,NY,40.7031,-73.4678,17877,US
Spanish Lake,MO,38.7884,-90.2077,17873,US
Ashtabula,OH,41.8805,-80.7984,17856,US
Fairwood,WA,47.4467,-122.143,17856,US
Cudahy,WI,42.9467,-87.8641,17853,US
North Valley Stream,NY,40.684,-73.7077,17825,US
Lemont,IL,41.6695,-87.9838,17820,US
Tiffin,OH,41.1165,-83.1805,17818,US
Lebanon,IN,40.0324,-86.4551,17812,US
Steinbach,MB,49.5258,-96.6839,17806,CA
Logansport,IN,40.7472,-86.352,17790,US
Saint-Colomban,QC,45.73,-74.13,17740,CA
Bay City,TX,28.9838,-95.9601,17730,US
Portsmouth,OH,38.7538,-82.9445,17728,US
North Canton,OH,40.8742,-81.3971,17727,US
Troy,AL,31.8021,-85.9664,17716,US
Calera,AL,33.1254,-86.7449,17714,US
Godfrey,IL,38.9577,-90.2156,17712,US
Alice,TX,27.7556,-98.0653,17707,US
Kaukauna,WI,44.2773,-88.2641,17706,US
Miramichi,NB,47.0196,-65.5072,17692,CA
Havelock,NC,34.9078,-76.8987,17691,US
Laurel,MS,31.6956,-89.1449,17679,US
Tillmans Corner,AL,30.5819,-88.2128,17677,US
Shelbyville,KY,38.2067,-85.2292,17668,US
Streetsboro,OH,41.2396,-81.3456,17661,US
South Ogden,UT,41.1722,-111.9576,17650,US
Morganton,NC,35.7408,-81.7002,17646,US
Damascus,MD,39.2701,-77.1957,17640,US
Bryn Mawr-Skyway,WA,47.4949,-122.241,17638,US
Takoma Park,MD,38.981,-77.0028,17632,US
Calverton,MD,39.0578,-76.9488,17624,US
Wildwood,FL,28.7752,-82.0075,17608,US
Goodlettsville,TN,36.333,-86.7026,17597,US
West Richland,WA,46.3115,-119.3999,17586,US
Jenison,MI,42.9063,-85.8269,17582,US
Aurora,OH,41.3118,-81.345,17581,US
St. Matthews,KY,38.2497,-85.6384,17577,US
Natchitoches,LA,31.7315,-93.0975,17577,US
Rancho Mirage,CA,33.7635,-116.4271,17563,US
Kirksville,MO,40.1986,-92.5752,17563,US
Idylwood,VA,38.8896,-77.2056,17559,US
Glen Allen,VA,37.666,-77.4838,17551,US
Esquimalt,BC,48.4306,-123.4147,17533,CA
Dallas,OR,44.9221,-123.313,17531,US
Ferndale,MD,39.1869,-76.6331,17529,US
New Philadelphia,OH,40.486,-81.4401,17520,US
Nipomo,CA,35.0319,-120.4985,17516,US
Eastlake,OH,41.6581,-81.4322,17493,US
Washougal,WA,45.5825,-122.3451,17490,US
South Venice,FL,27.0444,-82.4155,17484,US
Sunland Park,NM,31.8201,-106.5958,17463,US
Cortland,NY,42.6004,-76.1784,17450,US
Eloy,AZ,32.747,-111.5992,17433,US
Youngsville,LA,30.0963,-91.9968,17427,US
New Port Richey,FL,28.2468,-82.717,17425,US
Stafford,TX,29.6271,-95.5654,17401,US
Blythe,CA,33.6219,-114.6195,17396,US
Adelphi,MD,39.0017,-76.9649,17395,US
Gretna,LA,29.9101,-90.0515,17389,US
Central Saanich,BC,48.5142,-123.3839,17385,CA
McKeesport,PA,40.3418,-79.844,17380,US
Clayton,MO,38.6444,-90.3303,17380,US
Woodcrest,CA,33.8789,-117.3687,17368,US
New Castle,IN,39.9191,-85.3697,17367,US
Sainte-Catherine,QC,45.4,-73.58,17347,CA
White Oak,MD,39.0451,-76.9885,17329,US
Danville,KY,37.6418,-84.7777,17327,US
Ashwaubenon,WI,44.4796,-88.0889,17314,US
Wayne,MI,42.2774,-83.3877,17310,US
Easton,MD,38.776,-76.0701,17308,US
Camano,WA,48.1865,-122.4708,17303,US
Aberdeen,MD,39.5151,-76.1733,17298,US
Wixom,MI,42.5243,-83.5346,17295,US
Port Hope,ON,43.95,-78.3,17294,CA
Addison,TX,32.959,-96.8355,17290,US
Laguna Woods,CA,33.6099,-117.7299,17289,US
Mount Dora,FL,28.8142,-81.6344,17278,US
Defiance,OH,41.2813,-84.3657,17276,US
Hybla Valley,VA,38.7484,-77.0821,17257,US
Inverness,NS,46.2,-61.1,17235,CA
Upper Grand Lagoon,FL,30.169,-85.7407,17232,US
Parole,MD,38.9863,-76.5518,17229,US
Tifton,GA,31.4624,-83.5203,17210,US
Glenmont,MD,39.0698,-77.0467,17208,US
Bellaire,TX,29.704,-95.4621,17206,US
Coalinga,CA,36.142,-120.3242,17203,US
Millbrook,AL,32.5027,-86.3737,17189,US
Hinsdale,IL,41.8007,-87.9273,17175,US
Fort Thomas,KY,39.0801,-84.4518,17169,US
Aldine,TX,29.9123,-95.3784,17167,US
Port Orchard,WA,47.5163,-122.661,17149,US
Taylor,TX,30.5729,-97.4268,17136,US
Lake Butler,FL,28.4862,-81.546,17125,US
Bethpage,NY,40.7495,-73.4856,17123,US
Canon City,CO,38.443,-105.2203,17122,US
Avenel,NJ,40.5842,-74.2716,17121,US
El Dorado,AR,33.2184,-92.664,17115,US
McKinleyville,CA,40.9488,-124.0857,17113,US
Cahokia Heights,IL,38.571,-90.1525,17106,US
Hollins,VA,37.3434,-79.9534,17097,US
Norwalk,OH,41.2443,-82.6088,17095,US
Aberdeen,WA,46.9757,-123.8094,17088,US
Laconia,NH,43.5725,-71.4775,17085,US
Ocean Pointe,HI,21.3145,-158.0289,17085,US
Red Oak,TX,32.5212,-96.7866,17077,US
Waterville,ME,44.5441,-69.6624,17077,US
Truckee,CA,39.3455,-120.1848,17066,US
Charleston,IL,39.4842,-88.1781,17062,US
Selma,AL,32.4166,-87.0336,17057,US
Saint-Basile-le-Grand,QC,45.5333,-73.2833,17053,CA
Mount Vernon,OH,40.3854,-82.4737,17052,US
Vero Beach,FL,27.6463,-80.393,17042,US
Burke Centre,VA,38.7903,-77.2999,17037,US
Safety Harbor,FL,28.008,-82.6964,17033,US
Oswego,NY,43.4516,-76.5005,17033,US
Huntington,IN,40.881,-85.5063,17030,US
Fairview Park,OH,41.4419,-81.853,17018,US
Grovetown,GA,33.4503,-82.2073,17014,US
Long Beach,MS,30.3608,-89.1651,17009,US
New Milford,NJ,40.9337,-74.0196,16995,US
Glassmanor,MD,38.8181,-76.9833,16981,US
Groves,TX,29.9457,-93.9164,16976,US
Belle Glade,FL,26.6916,-80.6656,16972,US
L'Ancienne-Lorette,QC,46.8,-71.35,16970,CA
Massapequa Park,NY,40.6817,-73.4496,16963,US
Muscle Shoals,AL,34.7432,-87.6343,16951,US
Pendleton,OR,45.6757,-118.8201,16950,US
Brownsville,FL,25.8216,-80.2417,16936,US
Tahlequah,OK,35.9112,-94.977,16935,US
Wailuku,HI,20.8834,-156.5059,16926,US
Live Oak,CA,36.986,-121.9804,16911,US
South San Jose Hills,CA,34.0123,-117.9043,16911,US
Bon Air,VA,37.5187,-77.5713,16904,US
Three Lakes,FL,25.6415,-80.4,16888,US
Stallings,NC,35.1088,-80.6598,16886,US
Lithia Springs,GA,33.7811,-84.6487,16875,US
Palmer Ranch,FL,27.2286,-82.4672,16867,US
Berea,SC,34.8802,-82.465,16862,US
Lake Mary,FL,28.7592,-81.336,16860,US
Bull Run,VA,38.7802,-77.5204,16859,US
Bristol,VA,36.6181,-82.1604,16849,US
Bridgeview,IL,41.7403,-87.8067,16849,US
Marion,IL,37.7345,-88.942,16836,US
Donna,TX,26.1468,-98.0559,16833,US
Fairburn,GA,33.5496,-84.5914,16831,US
Beckley,WV,37.7877,-81.1841,16818,US
Fillmore,CA,34.3989,-118.9174,16816,US
Kerman,CA,36.7248,-120.0625,16815,US
Manassas Park,VA,38.7709,-77.4429,16798,US
Oak Grove,OR,45.4156,-122.6349,16796,US
Lake Wales,FL,27.9195,-81.5961,16785,US
Hannibal,MO,39.7098,-91.3939,16771,US
El Segundo,CA,33.917,-118.4018,16769,US
Moraga,CA,37.8439,-122.1225,16769,US
Warsaw,IN,41.2448,-85.8465,16768,US
Bostonia,CA,32.8189,-116.948,16765,US
Albemarle,NC,35.3594,-80.1915,16762,US
Red Wing,MN,44.5817,-92.6036,16758,US
Swift Current,SK,50.2881,-107.7939,16750,CA
Milledgeville,GA,33.0874,-83.2414,16748,US
Fairview Heights,IL,38.5974,-90.0053,16745,US
Mastic Beach,NY,40.7664,-72.8369,16735,US
Mercedes,TX,26.1533,-97.9128,16733,US
Radford,VA,37.1229,-80.5587,16726,US
Fullerton,PA,40.6309,-75.4834,16724,US
River Falls,WI,44.8609,-92.6247,16719,US
Ham Lake,MN,45.2545,-93.2039,16702,US
Fort Hunt,VA,38.7361,-77.0589,16700,US
Centerville,UT,40.9284,-111.8848,16679,US
Lady Lake,FL,28.9241,-81.9299,16675,US
Clearlake,CA,38.9589,-122.633,16659,US
Pampa,TX,35.5479,-100.9651,16659,US
Gladeview,FL,25.8395,-80.2368,16655,US
Frederick,CO,40.1088,-104.9701,16651,US
Yulee,FL,30.635,-81.5678,16648,US
Cloverly,MD,39.1064,-76.9995,16646,US
Coolidge,AZ,32.9363,-111.5254,16636,US
Payson,AZ,34.2433,-111.3195,16622,US
Stone Ridge,VA,38.9294,-77.5557,16603,US
Minneola,FL,28.6067,-81.7322,16598,US
Morton,IL,40.6135,-89.4669,16595,US
Mattoon,IL,39.4774,-88.3623,16586,US
Vincennes,IN,38.6759,-87.5102,16586,US
Hanover,PA,39.8118,-76.9836,16584,US
Ada,OK,34.7662,-96.6681,16575,US
Pembroke,ON,45.8167,-77.1,16571,CA
Beaver Dam,WI,43.4688,-88.8309,16565,US
La Vista,NE,41.1816,-96.0664,16563,US
Flowing Wells,AZ,32.2937,-111.011,16559,US
Niceville,FL,30.529,-86.4748,16544,US
Menomonie,WI,44.8893,-91.9084,16539,US
Chickasha,OK,35.0409,-97.9474,16539,US
Gardendale,AL,33.6677,-86.8069,16534,US
Humble,TX,29.9921,-95.2655,16521,US
Kings Park,NY,40.8881,-73.2475,16516,US
Buffalo,MN,45.1794,-93.8644,16499,US
Mountain Home,ID,43.1324,-115.697,16493,US
Crawfordsville,IN,40.0428,-86.8976,16491,US
North Arlington,NJ,40.7874,-74.1273,16461,US
Madison,NJ,40.7586,-74.4169,16447,US
Bellevue,WI,44.4592,-87.955,16442,US
Edmundston,NB,47.3765,-68.3253,16437,CA
Westchester,IL,41.8492,-87.8906,16436,US
Santaquin,UT,39.9708,-111.7941,16436,US
Hewitt,TX,31.452,-97.196,16432,US
Dickson,TN,36.0637,-87.3665,16424,US
Southern Pines,NC,35.1927,-79.4039,16420,US
Hueytown,AL,33.4239,-87.022,16414,US
Vienna,VA,38.8996,-77.2597,16412,US
Saraland,AL,30.8479,-88.1004,16404,US
Gulf Shores,AL,30.2764,-87.7017,16401,US
Sulphur Springs,TX,33.1421,-95.6122,16401,US
Dyer,IN,41.4977,-87.509,16400,US
Grimes,IA,41.6779,-93.7947,16366,US
Grandville,MI,42.9004,-85.7564,16356,US
Estelle,LA,29.8447,-90.1021,16341,US
Hugo,MN,45.1671,-92.9588,16340,US
Murraysville,NC,34.2919,-77.8429,16339,US
Hayden,ID,47.768,-116.804,16338,US
Longwood,FL,28.7014,-81.3487,16337,US
Rio Linda,CA,38.6875,-121.4417,16335,US
Hot Springs Village,AR,34.6566,-92.9643,16327,US
Country Club Hills,IL,41.5636,-87.7251,16324,US
Sikeston,MO,36.8854,-89.5877,16320,US
Vail,AZ,32.0217,-110.6937,16315,US
Ukiah,CA,39.1464,-123.2105,16304,US
Opa-locka,FL,25.8997,-80.2551,16282,US
Yorkton,SK,51.2139,-102.4628,16280,CA
Sunnyside,WA,46.3157,-120.0058,16277,US
Four Corners,OR,44.929,-122.9732,16275,US
Griffith,IN,41.5277,-87.4239,16273,US
Grain Valley,MO,39.0171,-94.2084,16271,US
Schofield Barracks,HI,21.4936,-158.0617,16270,US
Chelsea,AL,33.3262,-86.63,16260,US
Poplar Bluff,MO,36.7632,-90.4135,16254,US
Lynden,WA,48.9502,-122.4545,16234,US
Gatesville,TX,31.4445,-97.7317,16228,US
Lemay,MO,38.5325,-90.2845,16228,US
St. Simons,GA,31.1775,-81.3857,16228,US
Seymour,TN,35.8783,-83.7669,16216,US
Marco Island,FL,25.933,-81.6993,16205,US
Ripon,CA,37.7417,-121.131,16201,US
Welby,CO,39.8403,-104.9655,16197,US
Azalea Park,FL,28.5473,-81.2956,16180,US
Floral Park,NY,40.7227,-73.7029,16169,US
Farmingville,NY,40.839,-73.0404,16160,US
Pearl River,NY,41.0615,-74.0047,16155,US
Springfield,MB,49.9292,-96.6939,16142,CA
Sylvan Lake,AB,52.3083,-114.0964,16142,CA
Ladson,SC,33.0093,-80.1078,16140,US
Dublin,GA,32.536,-82.928,16136,US
Mount Pleasant,TX,33.1586,-94.9727,16136,US
Palmetto Estates,FL,25.6211,-80.3616,16129,US
Chubbuck,ID,42.9263,-112.4623,16126,US
South River,NJ,40.4455,-74.3783,16124,US
Highland Village,TX,33.0897,-97.0615,16101,US
Grosse Pointe Woods,MI,42.4366,-82.8987,16094,US
Brooklyn Park,MD,39.217,-76.6174,16067,US
Mays Chapel,MD,39.4343,-76.6516,16066,US
Fort Drum,NY,44.045,-75.7845,16065,US
Hillcrest Heights,MD,38.8373,-76.9641,16063,US
Rossville,MD,39.3572,-76.4767,16059,US
Hibbing,MN,47.398,-92.9486,16057,US
Indianola,IA,41.3629,-93.5652,16044,US
Hermitage,PA,41.2305,-80.4413,16041,US
South Houston,TX,29.6611,-95.2285,16033,US
Bracebridge,ON,45.0333,-79.3,16010,CA
On Top of the World Designated Place,FL,29.1058,-82.2866,16007,US
Lake Wylie,SC,35.0997,-81.0678,16006,US
Summerside,PE,46.4,-63.7833,16001,CA
Ferndale,WA,48.8526,-122.5894,15999,US
La Grange,IL,41.8072,-87.8741,15998,US
Jasper,IN,38.3933,-86.9402,15991,US
Canmore,AB,51.089,-115.359,15990,CA
Bathurst,NB,47.62,-65.65,15985,CA
Live Oak,TX,29.5545,-98.3404,15984,US
Bay Village,OH,41.4851,-81.9317,15984,US
Douglas,AZ,31.3602,-109.5394,15981,US
Dyersburg,TN,36.0465,-89.3777,15979,US
Andover,KS,37.6873,-97.1352,15965,US
Bellmore,NY,40.6569,-73.5285,15954,US
Lakeland North,WA,47.3374,-122.2812,15950,US
Coos Bay,OR,43.3789,-124.233,15925,US
Troutdale,OR,45.5372,-122.3955,15923,US
Palmview,TX,26.2318,-98.3823,15921,US
Seven Oaks,SC,34.0475,-81.1435,15921,US
Red Hill,SC,33.7777,-79.0111,15920,US
Washington,IL,40.705,-89.434,15919,US
Warrington,FL,30.3835,-87.2946,15918,US
The Dalles,OR,45.6053,-121.1818,15917,US
Frankfort,IN,40.281,-86.5212,15917,US
Center Point,AL,33.6447,-86.6852,15914,US
Elkton,MD,39.6066,-75.8209,15910,US
Greater Napanee,ON,44.25,-76.95,15892,CA
Lake Stickney,WA,47.8733,-122.2582,15890,US
Artesia,CA,33.8676,-118.0805,15889,US
Tanque Verde,AZ,32.2687,-110.7437,15866,US
Buda,TX,30.0758,-97.8487,15859,US
Wolf Trap,VA,38.9395,-77.2842,15858,US
Bensville,MD,38.6176,-77.0077,15848,US
Hartselle,AL,34.4391,-86.9396,15847,US
Fremont,OH,41.3535,-83.1147,15835,US
Hartford,WI,43.3223,-88.3784,15821,US
Lake Country,BC,50.0833,-119.4142,15817,CA
Americus,GA,32.0736,-84.2248,15813,US
Westbury,NY,40.7599,-73.5891,15808,US
Whitewater,WI,42.8372,-88.7341,15807,US
Naranja,FL,25.5164,-80.4222,15796,US
Jamestown,ND,46.9063,-98.6937,15787,US
Humacao,PR,18.152,-65.8204,15787,US
Middleburg Heights,OH,41.3696,-81.815,15786,US
Berea,KY,37.5904,-84.2898,15786,US
Dayton,NV,39.2592,-119.5653,15781,US
Camp Pendleton South,CA,33.2329,-117.393,15766,US
Thonotosassa,FL,28.0464,-82.291,15764,US
Weston,WI,44.8906,-89.5487,15749,US
Black Forest,CO,39.0608,-104.6752,15738,US
Hanover,MB,49.4433,-96.8492,15733,CA
Thibodaux,LA,29.7949,-90.8146,15732,US
Canyon,TX,34.9911,-101.919,15723,US
Fort Mohave,AZ,35.0004,-114.5748,15715,US
Rutland,VT,43.6092,-72.9783,15712,US
Scottsboro,AL,34.6438,-86.0491,15712,US
Mastic,NY,40.8096,-72.8479,15708,US
Hampton Bays,NY,40.8695,-72.5225,15706,US
Homosassa Springs,FL,28.8119,-82.5392,15701,US
Newton,IA,41.6963,-93.0403,15700,US
New Haven,IN,41.0676,-85.0174,15698,US
Overland,MO,38.6966,-90.3689,15695,US
Waunakee,WI,43.1829,-89.4447,15687,US
Davidson,NC,35.484,-80.8247,15660,US
Jackson,MO,37.3792,-89.6522,15659,US
Mitchell,SD,43.7294,-98.0337,15649,US
Monroe,GA,33.799,-83.7161,15648,US
Greeneville,TN,36.168,-82.8197,15646,US
Shively,KY,38.197,-85.8136,15638,US
Prospect Heights,IL,42.1039,-87.9267,15618,US
Myrtle Grove,FL,30.4158,-87.3027,15595,US
Traverse City,MI,44.7546,-85.6038,15593,US
Port Royal,SC,32.3557,-80.7029,15579,US
Carthage,MO,37.1503,-94.3225,15574,US
Bemidji,MN,47.4828,-94.8797,15569,US
Princeton Meadows,NJ,40.3347,-74.5651,15561,US
Clarksburg,WV,39.2862,-80.3232,15549,US
Seaford,NY,40.6678,-73.4922,15549,US
Glasgow,DE,39.6015,-75.7473,15546,US
Belmont,NC,35.2212,-81.0401,15546,US
Yankton,SD,42.8901,-97.3927,15540,US
Loganville,GA,33.8353,-83.8958,15527,US
Mount Clemens,MI,42.5977,-82.8821,15511,US
Opelousas,LA,30.5252,-92.0816,15495,US
Moncks Corner,SC,33.173,-80.0107,15485,US
Weigelstown,PA,39.9852,-76.8306,15485,US
Norridge,IL,41.9637,-87.8231,15439,US
Fort Leonard Wood,MO,37.7562,-92.1274,15432,US
Greenwood Village,CO,39.6153,-104.9131,15420,US
Uvalde,TX,29.2152,-99.7782,15417,US
Hendersonville,NC,35.3247,-82.4575,15408,US
Sayville,NY,40.7478,-73.084,15408,US
Monroe,OH,39.4461,-84.3667,15401,US
Gantt,SC,34.7837,-82.4027,15401,US
Parkway,CA,38.4993,-121.452,15397,US
Rio Grande City,TX,26.3808,-98.8215,15396,US
Lilburn,GA,33.8897,-84.1364,15390,US
Lockhart,FL,28.627,-81.4354,15371,US
Eden,NC,36.5027,-79.7412,15356,US
Vincent,CA,34.0983,-117.9238,15340,US
Winkler,MB,49.1817,-97.9397,15335,CA
Lockhart,TX,29.8785,-97.6831,15326,US
Bradley,IL,41.1641,-87.8452,15325,US
Tenafly,NJ,40.9176,-73.9532,15319,US
Lemon Hill,CA,38.5172,-121.4573,15312,US
Forest City,FL,28.6619,-81.4444,15312,US
Phillipsburg,NJ,40.6894,-75.1821,15299,US
Front Royal,VA,38.926,-78.1838,15296,US
Asbury Park,NJ,40.2226,-74.0119,15295,US
Cedar Lake,IN,41.3696,-87.4389,15295,US
Saint-Charles-Borromee,QC,46.05,-73.4667,15285,CA
La Palma,CA,33.8504,-118.0407,15272,US
Lebanon,MO,37.6717,-92.6603,15270,US
Northview,MI,43.0427,-85.6016,15268,US
Wimauma,FL,27.6964,-82.3034,15266,US
East Highland Park,VA,37.577,-77.3865,15265,US
West Park,FL,25.984,-80.1923,15249,US
Mineral Wells,TX,32.8169,-98.0776,15244,US
Franklin Park,PA,40.5903,-80.0999,15235,US
Cowansville,QC,45.2,-72.75,15234,CA
Verona,WI,42.9892,-89.5383,15232,US
Great Falls,VA,39.011,-77.3013,15228,US
Deming,NM,32.2631,-107.7525,15221,US
Sainte-Anne-des-Plaines,QC,45.7617,-73.8204,15221,CA
Greenlawn,NY,40.8632,-73.3646,15210,US
Dentsville,SC,34.0754,-80.9547,15209,US
Storrs,CT,41.8083,-72.2514,15207,US
Arlington,TN,35.2594,-89.668,15205,US
Glasgow,KY,37.0048,-85.9263,15197,US
Coto de Caza,CA,33.5959,-117.586,15190,US
Alpine,CA,32.8439,-116.7585,15180,US
Braselton,GA,34.1087,-83.8127,15178,US
Springdale,NJ,39.8769,-74.9724,15173,US
Fruitville,FL,27.3328,-82.4616,15172,US
Fort Lewis,WA,47.0955,-122.5674,15167,US
Gaspe,QC,48.8333,-64.4833,15163,CA
Berkley,MI,42.4986,-83.1853,15149,US
Metuchen,NJ,40.5424,-74.3628,15144,US
Washington,MO,38.5515,-91.0154,15130,US
Highland Park,NJ,40.5006,-74.4283,15121,US
Harper Woods,MI,42.439,-82.9293,15116,US
Brookside,DE,39.6665,-75.7152,15115,US
Fairview,NJ,40.8182,-74.0022,15099,US
Batavia,NY,42.9987,-78.1802,15097,US
Laurinburg,NC,34.7602,-79.4773,15087,US
Sooke,BC,48.3761,-123.7378,15086,CA
Nolensville,TN,35.9572,-86.6719,15074,US
Summerfield,MD,38.9042,-76.8678,15065,US
Vandalia,OH,39.8791,-84.193,15053,US
Oneonta,NY,42.4551,-75.0666,15045,US
Kenmore,NY,42.9646,-78.8713,15044,US
Tonawanda,NY,43.0105,-78.8805,15030,US
Elfers,FL,28.214,-82.723,15006,US
Depew,NY,42.9118,-78.7043,15000,US
Lebanon,NH,43.6353,-72.2531,14999,US
Havre de Grace,MD,39.548,-76.1146,14994,US
Jefferson,GA,34.1373,-83.6021,14990,US
West University Place,TX,29.7157,-95.4321,14982,US
Kenora,ON,49.7667,-94.4833,14967,CA
Hazel Park,MI,42.4619,-83.0977,14963,US
Gloversville,NY,43.0491,-74.3465,14962,US
Cold Lake,AB,54.4642,-110.1825,14961,CA
Hudson,WI,44.9639,-92.7312,14959,US
Walnut Park,CA,33.9682,-118.222,14958,US
Pacific Grove,CA,36.6188,-121.9259,14951,US
West Lealman,FL,27.8192,-82.7384,14944,US
Johnson City,NY,42.123,-75.9624,14940,US
Worthington,OH,40.095,-83.0209,14938,US
Fort Payne,AL,34.4559,-85.6965,14927,US
Brooks,AB,50.5642,-111.8989,14924,CA
Short Hills,NJ,40.7389,-74.3278,14923,US
Boulder City,NV,35.8407,-114.9257,14919,US
Beech Grove,IN,39.7157,-86.0871,14913,US
Discovery Bay,CA,37.9063,-121.599,14911,US
Dixon,IL,41.8439,-89.4794,14910,US
Kentville,NS,45.0775,-64.4958,14905,CA
Oldsmar,FL,28.0506,-82.6698,14904,US
Morris,IL,41.3749,-88.4304,14898,US
Macomb,IL,40.4709,-90.6807,14894,US
Eggertsville,NY,42.9665,-78.8065,14894,US
White Center,WA,47.5086,-122.3479,14886,US
Henderson,NC,36.3256,-78.4151,14885,US
West Freehold,NJ,40.2324,-74.2943,14883,US
Candelaria,PR,18.4042,-66.2175,14868,US
Antioch,IL,42.4742,-88.0721,14859,US
Monticello,MN,45.2991,-93.7996,14858,US
Roanoke Rapids,NC,36.4452,-77.649,14856,US
Hammonton,NJ,39.6572,-74.7678,14840,US
Hereford,TX,34.8225,-102.4001,14840,US
Beacon,NY,41.5036,-73.9655,14834,US
Comox,BC,49.6733,-124.9022,14806,CA
Ramsey,NJ,41.0595,-74.1454,14805,US
Riverdale,GA,33.5639,-84.4103,14792,US
Key Biscayne,FL,25.6908,-80.1653,14791,US
East Milton,FL,30.6175,-86.9636,14783,US
Chippewa Falls,WI,44.9358,-91.3902,14782,US
Talladega,AL,33.4333,-86.0986,14760,US
Edgewater,NJ,40.8237,-73.974,14759,US
Manvel,TX,29.4798,-95.3635,14758,US
Bellair-Meadowbrook Terrace,FL,30.1796,-81.7375,14755,US
Pincourt,QC,45.3833,-73.9833,14751,CA
Star,ID,43.7026,-116.4914,14745,US
Greensburg,PA,40.3113,-79.5445,14741,US
Mississippi Mills,ON,45.2167,-76.2,14740,CA
Spring Creek,NV,40.745,-115.5983,14739,US
Alexandria,MN,45.8776,-95.3767,14735,US
Valencia West,AZ,32.1355,-111.1123,14728,US
Warrenville,IL,41.8209,-88.1857,14718,US
Sterling,IL,41.7996,-89.6956,14717,US
Dallas,GA,33.9152,-84.8416,14714,US
College Park,GA,33.6363,-84.464,14712,US
Falls Church,VA,38.8847,-77.1751,14710,US
Swansea,IL,38.5507,-89.9858,14710,US
Williamstown,NJ,39.6874,-74.9786,14705,US
Hutchinson,MN,44.8855,-94.3768,14680,US
South Farmingdale,NY,40.7175,-73.4473,14676,US
Whitefish Bay,WI,43.1131,-87.9003,14665,US
St. Clair,ON,42.7833,-82.35,14659,CA
Cayey,PR,18.115,-66.163,14655,US
Middlesex,NJ,40.5744,-74.5011,14645,US
Chatham,IL,39.6733,-89.6934,14639,US
Terrace,BC,54.5164,-128.5997,14633,CA
Owosso,MI,42.9955,-84.176,14632,US
Rendon,TX,32.5789,-97.2349,14632,US
White House,TN,36.4648,-86.6666,14631,US
Yauco,PR,18.0344,-66.8615,14630,US
Mercier,QC,45.32,-73.75,14626,CA
Moorestown-Lenola,NJ,39.9659,-74.9643,14625,US
Alexander City,AL,32.9229,-85.9358,14606,US
Livingston,CA,37.3875,-120.7248,14606,US
East Rancho Dominguez,CA,33.8949,-118.1956,14603,US
Greendale,WI,42.9371,-88.0018,14594,US
Moultrie,GA,31.1591,-83.7708,14588,US
Reidsville,NC,36.3376,-79.6725,14585,US
Covington,GA,33.6049,-83.8463,14584,US
Fraser,MI,42.5388,-82.9496,14583,US
Bothell East,WA,47.8064,-122.1844,14578,US
Somerton,AZ,32.6007,-114.6994,14574,US
Shiloh,IL,38.5534,-89.9161,14572,US
Hopatcong,NJ,40.9541,-74.6593,14565,US
Clarkston,GA,33.8117,-84.2403,14557,US
New Cassel,NY,40.7602,-73.5649,14551,US
Red Bluff,CA,40.1735,-122.2413,14549,US
Cherry Hill Mall,NJ,39.9384,-75.0117,14541,US
Shepherdsville,KY,37.9813,-85.7007,14533,US
Hickory Hills,IL,41.7248,-87.828,14526,US
Colesville,MD,39.073,-77.001,14519,US
Parlier,CA,36.6087,-119.5434,14507,US
West Lincoln,ON,43.0667,-79.5667,14500,CA
Hidalgo,TX,26.109,-98.2464,14498,US
Alamo,CA,37.8548,-122.0136,14488,US
Great Bend,KS,38.3593,-98.8015,14479,US
Athens,TN,35.4573,-84.6045,14471,US
Brainerd,MN,46.3553,-94.1983,14468,US
Gonzalez,FL,30.5822,-87.2906,14458,US
Asbury Lake,FL,30.0472,-81.7853,14458,US
Dumas,TX,35.8613,-101.9642,14452,US
Powell,OH,40.1689,-83.0829,14451,US
Chesterton,IN,41.5997,-87.055,14446,US
Vineyard,UT,40.3059,-111.7545,14446,US
Linganore,MD,39.4127,-77.3014,14444,US
Jasper,AL,33.8508,-87.271,14442,US
Washington Court House,OH,39.5381,-83.4281,14439,US
Jacksonville,AL,33.8088,-85.7545,14437,US
Goulds,FL,25.5614,-80.388,14425,US
Lavaltrie,QC,45.8833,-73.2833,14425,CA
Lindenhurst,IL,42.4175,-88.0257,14417,US
California City,CA,35.1578,-117.8721,14414,US
Smithfield,UT,41.8349,-111.8265,14408,US
Bainbridge,GA,30.9052,-84.5732,14404,US
Vinings,GA,33.8608,-84.4686,14390,US
Huron,SD,44.3623,-98.2094,14385,US
Halawa,HI,21.3753,-157.9185,14385,US
Scottsbluff,NE,41.8684,-103.6616,14376,US
Ewa Beach,HI,21.3181,-158.0073,14376,US
Elizabethton,TN,36.3367,-82.237,14374,US
Orange City,FL,28.9348,-81.2881,14372,US
Salem Lakes,WI,42.5366,-88.1306,14366,US
West Nipissing / Nipissing Ouest,ON,46.3667,-79.9167,14364,CA
Accokeek,MD,38.6745,-77.0023,14362,US
Broadlands,VA,39.0168,-77.5167,14353,US
Grantsville,UT,40.6148,-112.4777,14341,US
Strathmore,AB,51.0378,-113.4003,14339,CA
Lake Arbor,MD,38.9105,-76.8304,14335,US
Sierra Vista Southeast,AZ,31.4525,-110.216,14330,US
Ozark,AL,31.4508,-85.6473,14327,US
Jacksonville,TX,31.9642,-95.2617,14325,US
High River,AB,50.5808,-113.8744,14324,CA
Corinth,MS,34.9474,-88.5143,14323,US
Broussard,LA,30.1396,-91.954,14322,US
Highland Springs,VA,37.5516,-77.3285,14296,US
Elk Plain,WA,47.0425,-122.3663,14276,US
Urbana,MD,39.3274,-77.3423,14260,US
St. Helens,OR,45.8572,-122.8164,14258,US
Cornelius,OR,45.5188,-123.051,14255,US
Hershey,PA,40.2806,-76.6458,14242,US
Joppatowne,MD,39.4181,-76.3516,14237,US
Robbinsdale,MN,45.0261,-93.3332,14234,US
Manorville,NY,40.8574,-72.7915,14233,US
Clarksdale,MS,34.1933,-90.5693,14231,US
McFarland,CA,35.6781,-119.2413,14222,US
Indiana,PA,40.622,-79.1552,14212,US
North Mankato,MN,44.181,-94.0391,14211,US
East Wenatchee,WA,47.4174,-120.2822,14199,US
Westmont,NJ,39.9082,-75.0551,14195,US
Lakeland,TN,35.2585,-89.7308,14192,US
Natchez,MS,31.5437,-91.3867,14192,US
Norwalk,IA,41.4895,-93.6913,14183,US
Belvedere Park,GA,33.7489,-84.2599,14181,US
Fergus Falls,MN,46.2854,-96.0758,14181,US
Dunmore,PA,41.4152,-75.6072,14181,US
Susanville,CA,40.4206,-120.6132,14177,US
Los Osos,CA,35.3065,-120.8242,14166,US
Bradley Gardens,NJ,40.5711,-74.6678,14165,US
Willowick,OH,41.6342,-81.4678,14162,US
Pineville,LA,31.3414,-92.4096,14160,US
North New Hyde Park,NY,40.746,-73.6876,14159,US
Jefferson Valley-Yorktown,NY,41.318,-73.8008,14154,US
Glenpool,OK,35.9488,-96.0052,14151,US
Teays Valley,WV,38.4482,-81.9246,14151,US
Clearview,ON,44.3981,-80.0742,14151,CA
Lone Tree,CO,39.5309,-104.8709,14147,US
Cherryland,CA,37.6792,-122.1038,14143,US
Circleville,OH,39.6063,-82.9334,14142,US
Willow Grove,PA,40.1469,-75.1174,14131,US
Azle,TX,32.8955,-97.5379,14126,US
Federal Heights,CO,39.8651,-105.0154,14125,US
Beach Park,IL,42.426,-87.8583,14115,US
Grass Valley,CA,39.2238,-121.0522,14113,US
Lachute,QC,45.65,-74.3333,14100,CA
Chicago Ridge,IL,41.7034,-87.7795,14099,US
Roselle Park,NJ,40.6653,-74.2666,14093,US
Mount Vernon,IL,38.314,-88.9174,14090,US
Rosemere,QC,45.6369,-73.8,14090,CA
Greenwood,MS,33.5126,-90.1993,14086,US
Piney Green,NC,34.7498,-77.3208,14078,US
Destin,FL,30.395,-86.4701,14077,US
Artondale,WA,47.3021,-122.6406,14073,US
Forest Hill,TX,32.6619,-97.2662,14062,US
New Ulm,MN,44.312,-94.4685,14056,US
Sharonville,OH,39.2825,-84.4071,14030,US
Wauconda,IL,42.2749,-88.1359,14027,US
Wilkinsburg,PA,40.4442,-79.8733,14027,US
Kettering,MD,38.8888,-76.7889,14014,US
Mill Valley,CA,37.9086,-122.5421,14012,US
McPherson,KS,38.3714,-97.6605,13995,US
New Kingman-Butler,AZ,35.2645,-114.0091,13993,US
Matane,QC,48.85,-67.5333,13987,CA
Southchase,FL,28.3793,-81.3903,13981,US
Thames Centre,ON,43.03,-81.08,13980,CA
Glen Carbon,IL,38.758,-89.9822,13977,US
Allouez,WI,44.4721,-88.0259,13975,US
Cheval,FL,28.1459,-82.5184,13969,US
Speedway,IN,39.7937,-86.2481,13968,US
Newport,KY,39.0856,-84.4868,13967,US
Lumberton,TX,30.2562,-94.207,13963,US
Luling,LA,29.9008,-90.3523,13960,US
Pierre,SD,44.3748,-100.3205,13948,US
Midlothian,IL,41.6254,-87.7243,13948,US
Troy,MO,38.9708,-90.9714,13947,US
Forest Park,IL,41.8683,-87.8157,13943,US
Powell River,BC,49.8353,-124.5247,13943,CA
Carleton Place,ON,45.1333,-76.1333,13940,CA
Wood Dale,IL,41.9668,-87.9808,13933,US
Groveton,VA,38.7605,-77.098,13931,US
Channahon,IL,41.421,-88.2599,13927,US
Anderson Creek,NC,35.2657,-78.958,13927,US
Sun Lakes,AZ,33.2172,-111.8695,13924,US
Isla Vista,CA,34.4128,-119.8614,13920,US
Ardmore,PA,40.0033,-75.2947,13909,US
South Sioux City,NE,42.4627,-96.4125,13907,US
Wilmington Island,GA,32.0033,-80.9752,13905,US
Guelph/Eramosa,ON,43.63,-80.22,13904,CA
Salida,CA,37.7083,-121.0842,13900,US
Marshall,MN,44.4488,-95.7897,13896,US
Plover,WI,44.4615,-89.5382,13884,US
Lakewood Park,FL,27.539,-80.3865,13866,US
Beachwood,OH,41.4759,-81.503,13865,US
Grand Falls,NL,48.9578,-55.6633,13853,CA
Sauk Rapids,MN,45.5981,-94.1538,13852,US
McMinnville,TN,35.6864,-85.7812,13844,US
New Franklin,OH,40.9525,-81.5838,13843,US
Bedford,IN,38.8602,-86.4895,13837,US
North Battleford,SK,52.7575,-108.2861,13836,CA
Nesconset,NY,40.8467,-73.1522,13833,US
Lewisville,NC,36.103,-80.4166,13828,US
Hobe Sound,FL,27.0729,-80.1425,13817,US
Bellefontaine,OH,40.3627,-83.763,13807,US
Weddington,NC,35.0228,-80.7383,13805,US
Bardstown,KY,37.8175,-85.455,13804,US
Latham,NY,42.7427,-73.7497,13802,US
Lyndhurst,OH,41.5172,-81.4922,13801,US
Snoqualmie,WA,47.5293,-121.8412,13798,US
Flower Hill,MD,39.1676,-77.1824,13794,US
Hazel Crest,IL,41.5732,-87.6899,13792,US
Worthington,MN,43.6281,-95.599,13780,US
Mont-Laurier,QC,46.55,-75.5,13779,CA
Glenn Dale,MD,38.9833,-76.804,13772,US
Ephrata,PA,40.1811,-76.1812,13772,US
Seabrook,TX,29.5751,-95.0235,13768,US
Auburn,CA,38.895,-121.0777,13768,US
Jericho,NY,40.7875,-73.5416,13759,US
Oak Park,CA,34.185,-118.7669,13757,US
Waycross,GA,31.2108,-82.3579,13756,US
Central Elgin,ON,42.7667,-81.1,13746,CA
Cayce,SC,33.9459,-81.0429,13741,US
Marshall,MO,39.1147,-93.201,13739,US
Powell,TN,36.0358,-84.0296,13739,US
Olean,NY,42.0819,-78.4321,13738,US
Trophy Club,TX,33.004,-97.1899,13733,US
Brandermill,VA,37.434,-77.6522,13730,US
New Providence,NJ,40.6996,-74.4035,13727,US
Miami Springs,FL,25.8195,-80.2894,13726,US
Mistassini,QC,48.8229,-72.2154,13718,CA
Maumee,OH,41.5696,-83.6636,13715,US
Saugeen Shores,ON,44.4333,-81.3667,13715,CA
Ingersoll,ON,43.0392,-80.8836,13693,CA
Brecksville,OH,41.3079,-81.6192,13692,US
Hawaiian Gardens,CA,33.8304,-118.0728,13691,US
Fruita,CO,39.1548,-108.7305,13691,US
Rogers,MN,45.1865,-93.5783,13685,US
Coldwater,MI,41.9465,-84.9989,13671,US
Celebration,FL,28.3102,-81.551,13667,US
Port Neches,TX,29.9765,-93.9459,13664,US
Harrison,WI,44.1935,-88.2941,13658,US
Martinsville,VA,36.6826,-79.8636,13658,US
Glendale,WI,43.1287,-87.9277,13656,US
Tomball,TX,30.0951,-95.6194,13655,US
Villas,FL,26.5504,-81.8678,13644,US
Beauharnois,QC,45.32,-73.87,13638,CA
Iona,FL,26.516,-81.9601,13631,US
Shorewood,WI,43.0913,-87.8864,13627,US
Marion,AR,35.2035,-90.2059,13623,US
Brock Hall,MD,38.8604,-76.7459,13615,US
Tega Cay,SC,35.039,-81.0111,13615,US
Avenal,CA,36.0311,-120.1162,13608,US
King City,CA,36.2164,-121.133,13604,US
Green Valley,MD,39.3414,-77.24,13602,US
Chino Valley,AZ,34.7594,-112.412,13602,US
Palmetto,FL,27.5251,-82.5749,13588,US
Pell City,AL,33.561,-86.2669,13587,US
Trenton,OH,39.4792,-84.462,13583,US
Eatontown,NJ,40.2913,-74.0558,13575,US
East Islip,NY,40.7257,-73.1869,13573,US
South Stormont,ON,45.0833,-74.9667,13570,CA
Auburn,IN,41.3666,-85.0559,13565,US
Florham Park,NJ,40.7773,-74.3953,13564,US
New Carrollton,MD,38.9656,-76.8775,13564,US
Becancour,QC,46.3333,-72.4333,13561,CA
Royal Kunia,HI,21.4053,-158.0318,13555,US
Warrensville Heights,OH,41.4363,-81.5222,13545,US
South Daytona,FL,29.1657,-81.0055,13543,US
Mercerville,NJ,40.236,-74.6917,13535,US
Sunset,FL,25.706,-80.353,13535,US
East Cleveland,OH,41.5317,-81.5794,13534,US
Carnot-Moon,PA,40.5187,-80.2178,13534,US
Moberly,MO,39.4179,-92.4364,13526,US
Wells Branch,TX,30.4433,-97.679,13523,US
Pasadena Hills,FL,28.2881,-82.238,13505,US
Dardenne Prairie,MO,38.7565,-90.7319,13503,US
Huntington,VA,38.7916,-77.074,13502,US
Callaway,FL,30.1349,-85.5568,13496,US
Moody,AL,33.5986,-86.4963,13488,US
North Auburn,CA,38.9306,-121.082,13480,US
Newington,VA,38.7358,-77.1993,13478,US
Severn,ON,44.75,-79.5167,13477,CA
Kilgore,TX,32.398,-94.8602,13470,US
Andrews,TX,32.3207,-102.552,13468,US
Irondale,AL,33.5439,-86.6606,13464,US
Bridgetown,OH,39.1552,-84.6359,13464,US
South Charleston,WV,38.3426,-81.7155,13457,US
Blue Ash,OH,39.248,-84.3827,13455,US
Portland,TN,36.5921,-86.5239,13449,US
La Grange Park,IL,41.8308,-87.8723,13447,US
Western Springs,IL,41.8023,-87.9006,13446,US
Kings Park West,VA,38.8151,-77.296,13442,US
Hockessin,DE,39.7837,-75.6815,13439,US
Woodinville,WA,47.757,-122.1477,13438,US
Waconia,MN,44.8422,-93.7896,13434,US
Steamboat Springs,CO,40.4777,-106.8243,13433,US
Forest,VA,37.3728,-79.2831,13430,US
Fernandina Beach,FL,30.6571,-81.4511,13420,US
Beeville,TX,28.4053,-97.749,13412,US
Somerville,NJ,40.5696,-74.6092,13410,US
Ridgefield,WA,45.8114,-122.7051,13408,US
Kingston,PA,41.2652,-75.8876,13397,US
Lacombe,AB,52.4683,-113.7369,13396,CA
University Heights,OH,41.4948,-81.535,13394,US
Montgomeryville,PA,40.2502,-75.2405,13388,US
Castle Pines,CO,39.4625,-104.8706,13388,US
Endicott,NY,42.098,-76.0639,13387,US
Henderson,TX,32.1576,-94.796,13385,US
Sainte-Sophie,QC,45.82,-73.9,13375,CA
Washington,PA,40.1741,-80.2465,13368,US
Pottsville,PA,40.6798,-76.2091,13364,US
Atlantic Beach,FL,30.3375,-81.4127,13363,US
Englewood,OH,39.8643,-84.307,13356,US
Rocky Point,NY,40.9357,-72.9364,13356,US
Coatesville,PA,39.9849,-75.82,13353,US
Harrison,AR,36.2438,-93.1198,13350,US
Sault Ste. Marie,MI,46.4817,-84.3723,13335,US
Lake Forest Park,WA,47.7574,-122.2864,13335,US
Newton,NC,35.663,-81.2335,13333,US
Val-des-Monts,QC,45.65,-75.6667,13328,CA
Saint-Amable,QC,45.65,-73.3,13322,CA
Los Alamos,NM,35.8927,-106.2862,13317,US
River Ridge,LA,29.9593,-90.2202,13312,US
Claiborne,LA,32.5379,-92.1981,13308,US
Superior,CO,39.934,-105.1588,13305,US
Oatfield,OR,45.4125,-122.594,13294,US
Echelon,NJ,39.8482,-74.9957,13284,US
Lincoln,IL,40.1508,-89.372,13281,US
Clayton,OH,39.8689,-84.3292,13277,US
Highland City,FL,27.9633,-81.8781,13276,US
Portage La Prairie,MB,49.9728,-98.2919,13270,CA
Orangeburg,SC,33.4928,-80.8671,13253,US
McCalla,AL,33.3023,-87.0302,13253,US
Lexington Park,MD,38.2528,-76.4424,13252,US
St. James,NY,40.8761,-73.1521,13244,US
Mango,FL,27.9914,-82.307,13242,US
Davenport,FL,28.1587,-81.6083,13238,US
North Palm Beach,FL,26.8217,-80.0576,13238,US
Ridgefield Park,NJ,40.8543,-74.0201,13235,US
Soddy-Daisy,TN,35.2571,-85.1739,13231,US
Westphalia,MD,38.8356,-76.8298,13228,US
Neosho,MO,36.8437,-94.3758,13224,US
Webb City,MO,37.1412,-94.4676,13221,US
Butler,PA,40.8616,-79.8962,13212,US
Franklin Park,NJ,40.4439,-74.5431,13211,US
Hawaiian Paradise Park,HI,19.5828,-154.9695,13203,US
Marietta,OH,39.4241,-81.4465,13203,US
D'Iberville,MS,30.4709,-88.9011,13203,US
Festus,MO,38.2194,-90.4097,13201,US
Athens,TX,32.2041,-95.8321,13200,US
Loveland,OH,39.2677,-84.2733,13197,US
Lake Station,IN,41.5729,-87.2599,13185,US
Sterling,CO,40.6205,-103.1925,13172,US
Smyrna,DE,39.2935,-75.6083,13165,US
Lamont,CA,35.2659,-118.9159,13164,US
Cambridge,MD,38.5515,-76.0787,13152,US
South Glengarry,ON,45.2,-74.5833,13150,CA
Canton,IL,40.5632,-90.0409,13144,US
Lake Elmo,MN,44.9944,-92.9031,13140,US
California,MD,38.2969,-76.4949,13136,US
Sainte-Marie,QC,46.45,-71.0333,13134,CA
North Perth,ON,43.73,-80.95,13130,CA
El Sobrante,CA,33.8724,-117.4624,13129,US
Mount Vernon,VA,38.714,-77.1043,13122,US
Bexley,OH,39.965,-82.9343,13114,US
Mapleton,UT,40.1188,-111.5742,13114,US
Lincolnwood,IL,42.0054,-87.733,13112,US
Connersville,IN,39.6582,-85.141,13109,US
Mountain Home,AR,36.3351,-92.384,13108,US
Gonzales,LA,30.2132,-90.9234,13108,US
Gold Canyon,AZ,33.3639,-111.423,13107,US
Lakeland South,WA,47.2786,-122.2826,13100,US
North Fair Oaks,CA,37.4754,-122.2034,13100,US
Saddlebrooke,AZ,32.5576,-110.874,13085,US
Holly Hill,FL,29.2442,-81.0465,13084,US
Harrison,OH,39.2584,-84.7868,13084,US
Eureka,MO,38.5004,-90.6491,13081,US
Emeryville,CA,37.8382,-122.2932,13081,US
Claremont,NH,43.379,-72.3368,13078,US
Grand Terrace,CA,34.0312,-117.3132,13078,US
Wendell,NC,35.7819,-78.3952,13064,US
Waimalu,HI,21.3913,-157.9345,13061,US
La Grande,OR,45.3242,-118.0865,13058,US
Dover,OH,40.5304,-81.4806,13053,US
Lake Los Angeles,CA,34.6097,-117.8339,13051,US
Kemp Mill,MD,39.0412,-77.0215,13042,US
Carpinteria,CA,34.3962,-119.5118,13036,US
Overlea,MD,39.3642,-76.5175,13035,US
Thompson,MB,55.7433,-97.8553,13035,CA
Stoughton,WI,42.9237,-89.2225,13033,US
Cypress Lake,FL,26.5392,-81.8999,13032,US
Edgewood,WA,47.2309,-122.2832,13032,US
Key Largo,FL,25.1224,-80.412,13026,US
Bloomsburg,PA,41.0027,-76.4561,13024,US
Newcastle,OK,35.2401,-97.5995,13001,US
Las Vegas,NM,35.6011,-105.2206,13000,US
Holiday City-Berkeley,NJ,39.9639,-74.2787,12995,US
Newcastle,WA,47.5304,-122.1633,12989,US
Greenville,WI,44.3003,-88.5365,12987,US
Suamico,WI,44.6354,-88.0683,12985,US
Doctor Phillips,FL,28.4474,-81.4914,12984,US
West Carrollton,OH,39.6701,-84.2542,12976,US
Jupiter Farms,FL,26.9222,-80.2189,12945,US
Manchester,TN,35.463,-86.0774,12944,US
Florida City,FL,25.4418,-80.4685,12943,US
Sharon,PA,41.234,-80.4998,12936,US
Boiling Springs,SC,35.045,-81.9779,12936,US
Rochester,MI,42.6866,-83.1198,12934,US
Bedford,OH,41.3919,-81.536,12931,US
Spearfish,SD,44.4909,-103.8155,12930,US
Jerome,ID,42.7179,-114.5159,12930,US
Conway,FL,28.4968,-81.3316,12928,US
Mounds View,MN,45.1071,-93.2076,12926,US
Miami,OK,36.8878,-94.8711,12926,US
Palos Verdes Estates,CA,33.7872,-118.3973,12925,US
Waianae,HI,21.4568,-158.1758,12918,US
Jennings,MO,38.7231,-90.2644,12918,US
Amherst,OH,41.4022,-82.2303,12906,US
Box Elder,SD,44.112,-103.0818,12902,US
Santa Fe,TX,29.3889,-95.1003,12901,US
Trent Hills,ON,44.3142,-77.8514,12900,CA
Parker,SC,34.8513,-82.4512,12898,US
Port Wentworth,GA,32.1951,-81.1991,12892,US
Minooka,IL,41.4507,-88.2791,12891,US
Iowa Colony,TX,29.4407,-95.4206,12891,US
Rosaryville,MD,38.7672,-76.8266,12883,US
Goldenrod,FL,28.6114,-81.2916,12878,US
Amelia,OH,39.0269,-84.2218,12871,US
Stony Brook,NY,40.9061,-73.1278,12868,US
Trail,BC,49.095,-117.71,12863,CA
Red Bank,NJ,40.348,-74.0672,12862,US
Lewisburg,TN,35.451,-86.7901,12861,US
Larkspur,CA,37.9393,-122.5312,12854,US
Sandy,OR,45.3988,-122.2697,12854,US
Mountain Park,GA,33.8458,-84.1314,12850,US
Vadnais Heights,MN,45.057,-93.0748,12838,US
Sedro-Woolley,WA,48.5112,-122.2321,12831,US
Solana Beach,CA,32.9943,-117.2574,12823,US
Branson,MO,36.6509,-93.2636,12817,US
St. Ann,MO,38.7266,-90.3872,12811,US
The Nation / La Nation,ON,45.35,-75.0333,12808,CA
Cheney,WA,47.4901,-117.579,12804,US
Milford,DE,38.9091,-75.4227,12803,US
Robinson,TX,31.4501,-97.1201,12800,US
Byram,MS,32.189,-90.2861,12799,US
Enumclaw,WA,47.2018,-121.9897,12798,US
Lake Tapps,WA,47.2307,-122.1695,12798,US
Blytheville,AR,35.9321,-89.9051,12790,US
Blackfoot,ID,43.194,-112.3454,12782,US
Union,MO,38.4399,-90.9927,12781,US
Fords,NJ,40.5359,-74.3126,12771,US
El Dorado,KS,37.821,-96.8613,12769,US
Baraboo,WI,43.4695,-89.7376,12769,US
Oakland,NJ,41.0313,-74.2408,12768,US
Lantana,TX,33.0926,-97.1214,12766,US
Kingsburg,CA,36.5244,-119.5602,12755,US
Ionia,MI,42.9773,-85.0727,12753,US
Greenville,OH,40.1043,-84.6209,12741,US
Liberty Lake,WA,47.6686,-117.1036,12737,US
West Monroe,LA,32.512,-92.1513,12729,US
Marysville,CA,39.1518,-121.5835,12726,US
Timberlake,VA,37.3167,-79.2481,12725,US
Woodhaven,MI,42.132,-83.2374,12690,US
Canovanas,PR,18.3693,-65.9009,12689,US
Kelso,WA,46.1236,-122.8909,12684,US
San Anselmo,CA,37.9821,-122.5699,12679,US
Ottawa,KS,38.5996,-95.2636,12678,US
Amos,QC,48.5667,-78.1167,12675,CA
Wickliffe,OH,41.6072,-81.469,12659,US
Valley Falls,RI,41.9233,-71.3924,12657,US
Garden City,ID,43.6526,-116.2743,12654,US
Lakeside,VA,37.6132,-77.4768,12654,US
Bonita,CA,32.6651,-117.0296,12652,US
Forrest City,AR,35.0135,-90.7931,12646,US
Port Washington,WI,43.3846,-87.8855,12645,US
Lindsay,CA,36.2082,-119.0897,12643,US
Poquoson,VA,37.1318,-76.3568,12639,US
Myrtle Grove,NC,34.123,-77.8834,12637,US
Sugarland Run,VA,39.0309,-77.3762,12629,US
Wilmington,OH,39.4362,-83.8141,12620,US
Fulton,MO,38.8551,-91.951,12617,US
Paradise Valley,AZ,33.5434,-111.9595,12611,US
Sarasota Springs,FL,27.3087,-82.4746,12611,US
North Adams,MA,42.6844,-73.1166,12606,US
Cedarburg,WI,43.299,-87.9887,12605,US
Grover Beach,CA,35.1204,-120.6197,12604,US
Gaffney,SC,35.0743,-81.6552,12596,US
Wetaskiwin,AB,52.9694,-113.3769,12594,CA
Avocado Heights,CA,34.0391,-117.997,12593,US
Eufaula,AL,31.9102,-85.1505,12584,US
Richmond,TX,29.5824,-95.7563,12582,US
East Renton Highlands,WA,47.4718,-122.0854,12582,US
Cottonwood,AZ,34.7195,-112.0016,12580,US
Mendota,CA,36.7555,-120.3776,12577,US
Meadville,PA,41.6476,-80.1468,12577,US
Artesia,NM,32.8497,-104.4268,12576,US
Viera East,FL,28.2613,-80.7149,12570,US
North St. Paul,MN,45.0137,-92.9995,12570,US
Fairfax Station,VA,38.7942,-77.3358,12566,US
Brown Deer,WI,43.1743,-87.975,12564,US
Melvindale,MI,42.2802,-83.1782,12554,US
Dunkirk,NY,42.4801,-79.3324,12549,US
Guymon,OK,36.6903,-101.4774,12539,US
Cloquet,MN,46.7221,-92.4923,12537,US
Jensen Beach,FL,27.2437,-80.2423,12531,US
St. Marys,PA,41.4574,-78.5342,12529,US
Richton Park,IL,41.4816,-87.7387,12521,US
Camp Verde,AZ,34.569,-111.856,12521,US
West Grey,ON,44.1833,-80.8167,12518,CA
Lake City,FL,30.1901,-82.6471,12515,US
Northlake,IL,41.9142,-87.9054,12513,US
Geneva,NY,42.8645,-76.9826,12512,US
Finneytown,OH,39.2159,-84.5144,12506,US
Ridge,NY,40.9068,-72.8816,12503,US
Lake Norman of Catawba,NC,35.5995,-80.984,12494,US
Derby,CT,41.3265,-73.0833,12487,US
Winnetka,IL,42.1064,-87.7421,12484,US
Moss Bluff,LA,30.3039,-93.2051,12482,US
Levelland,TX,33.5806,-102.3635,12466,US
Whitestown,IN,39.9706,-86.3612,12466,US
Fort Atkinson,WI,42.9253,-88.8442,12463,US
Upper Montclair,NJ,40.8433,-74.2006,12457,US
Manchester,VA,37.4902,-77.5396,12445,US
Grafton,WI,43.3204,-87.948,12445,US
West Plains,MO,36.7377,-91.868,12441,US
Monfort Heights,OH,39.1823,-84.6075,12441,US
Pike Creek Valley,DE,39.7294,-75.6989,12431,US
Crossville,TN,35.9526,-85.0295,12428,US
Dorado,PR,18.4657,-66.2726,12425,US
Boone,IA,42.0531,-93.877,12424,US
Gig Harbor,WA,47.3352,-122.5964,12424,US
Rantoul,IL,40.3031,-88.1549,12421,US
Warman,SK,52.3219,-106.5842,12419,CA
Salisbury,NY,40.7454,-73.5604,12412,US
Berthoud,CO,40.3071,-105.0426,12411,US
Olympia Heights,FL,25.724,-80.3388,12399,US
Patchogue,NY,40.7621,-73.0185,12396,US
Nanakuli,HI,21.3892,-158.1445,12383,US
Rio Grande,PR,18.3789,-65.8388,12375,US
Grenada,MS,33.7816,-89.813,12375,US
Big Lake,MN,45.3417,-93.7434,12367,US
Hornsby Bend,TX,30.2388,-97.5899,12367,US
Washington,IN,38.6586,-87.1591,12367,US
Webster,TX,29.5317,-95.1188,12366,US
North Merrick,NY,40.6871,-73.5615,12366,US
Conneaut,OH,41.9275,-80.5685,12357,US
Cascades,VA,39.0464,-77.3874,12357,US
Escanaba,MI,45.7477,-87.09,12354,US
Ocean Pines,MD,38.3851,-75.1487,12351,US
Fostoria,OH,41.16,-83.4121,12344,US
Effingham,IL,39.1205,-88.5509,12342,US
Streator,IL,41.1245,-88.8297,12330,US
Lansdowne,VA,39.0844,-77.4839,12328,US
Fortuna,CA,40.5862,-124.1419,12326,US
Justice,IL,41.7495,-87.8345,12324,US
Dawson Creek,BC,55.7606,-120.2356,12323,CA
Sidney,BC,48.6506,-123.3986,12318,CA
Jefferson Hills,PA,40.2926,-79.9329,12317,US
Newman,CA,37.3156,-121.0212,12316,US
Newington Forest,VA,38.737,-77.2339,12316,US
Gravenhurst,ON,44.9167,-79.3667,12311,CA
Sylacauga,AL,33.178,-86.2605,12309,US
Choctaw,OK,35.4802,-97.2666,12303,US
Prince Rupert,BC,54.3122,-130.3271,12300,CA
Crestwood,MO,38.5569,-90.3783,12295,US
South Miami,FL,25.7079,-80.2952,12277,US
Perth East,ON,43.47,-80.95,12261,CA
Oak Grove,SC,33.978,-81.1468,12256,US
Lantana,FL,26.5834,-80.0564,12256,US
Baker,LA,30.5832,-91.1582,12253,US
Honeygo,MD,39.4055,-76.4282,12250,US
Lakeland Village,CA,33.648,-117.3706,12236,US
Inwood,NY,40.6219,-73.7506,12235,US
North Saanich,BC,48.6142,-123.42,12235,CA
Greensburg,IN,39.3518,-85.5028,12229,US
Largo,MD,38.88,-76.8289,12229,US
Herrin,IL,37.7983,-89.0305,12226,US
Borger,TX,35.6598,-101.4012,12226,US
Beatrice,NE,40.2736,-96.7455,12225,US
Madison,IN,38.7581,-85.3973,12223,US
Gardere,LA,30.3582,-91.1346,12223,US
Alcoa,TN,35.8076,-83.9753,12222,US
Bound Brook,NJ,40.5676,-74.5383,12219,US
Bayou Blue,LA,29.6341,-90.6733,12218,US
San Marino,CA,34.1224,-118.1132,12216,US
Somerset,KY,37.0834,-84.6109,12216,US
Citrus Springs,FL,28.9931,-82.4594,12215,US
Plano,IL,41.6757,-88.5293,12203,US
El Campo,TX,29.2,-96.2723,12202,US
James Island,SC,32.7353,-79.9394,12198,US
Riviera Beach,MD,39.1623,-76.5257,12192,US
Middle Valley,TN,35.1877,-85.1959,12187,US
Riverview,MI,42.1723,-83.1946,12186,US
St. Peter,MN,44.3295,-93.9658,12185,US
Yeadon,PA,39.9325,-75.2527,12181,US
Prevost,QC,45.87,-74.08,12171,CA
Poulsbo,WA,47.7417,-122.6407,12165,US
Brandywine,MD,38.6963,-76.8846,12160,US
Glen Rock,NJ,40.9601,-74.125,12154,US
Palos Heights,IL,41.6637,-87.7958,12152,US
Macedonia,OH,41.3147,-81.4989,12152,US
Sainte-Adele,QC,45.95,-74.13,12137,CA
Granbury,TX,32.4475,-97.7702,12136,US
Tucson Estates,AZ,32.1792,-111.1266,12136,US
Sainte-Agathe-des-Monts,QC,46.05,-74.28,12136,CA
University of California-Santa Barbara,CA,34.4151,-119.8568,12121,US
Smithfield,NC,35.5133,-78.3495,12116,US
East Bethel,MN,45.3557,-93.2038,12115,US
Hasbrouck Heights,NJ,40.8618,-74.0741,12115,US
Gardnerville Ranchos,NV,38.8957,-119.7492,12114,US
Somersworth,NH,43.2534,-70.8856,12111,US
Quesnel,BC,52.9784,-122.4927,12110,CA
Westview,FL,25.8825,-80.2415,12107,US
Lakeland Highlands,FL,27.9572,-81.9496,12102,US
Show Low,AZ,34.2671,-110.0384,12102,US
Wyndham,VA,37.6924,-77.6123,12099,US
River Edge,NJ,40.9269,-74.0387,12091,US
Archdale,NC,35.9032,-79.9591,12087,US
Tamalpais-Homestead Valley,CA,37.8793,-122.5382,12085,US
Prairie Ridge,WA,47.1438,-122.1408,12074,US
New Baltimore,MI,42.6904,-82.7398,12072,US
Sussex,WI,43.1346,-88.2226,12066,US
McComb,MS,31.2442,-90.4716,12049,US
Scotts Valley,CA,37.0555,-122.0118,12044,US
Kings Mountain,NC,35.2349,-81.3501,12039,US
Robertsville,NJ,40.3395,-74.2939,12035,US
Annapolis Neck,MD,38.9409,-76.4997,12032,US
Leeds,AL,33.5436,-86.5639,12028,US
Muscoy,CA,34.1552,-117.3477,12025,US
Fountain Inn,SC,34.6989,-82.2005,12020,US
New Kensington,PA,40.5712,-79.7523,12011,US
Red Bank,TN,35.1117,-85.2962,12010,US
Les Iles-de-la-Madeleine,QC,47.3833,-61.8667,12010,CA
Weatherford,OK,35.538,-98.6853,12004,US
Commerce,CA,33.9963,-118.1519,11993,US
River Forest,IL,41.895,-87.8194,11992,US
Shady Hills,FL,28.4042,-82.5468,11983,US
Gladstone,OR,45.3864,-122.5934,11977,US
Dent,OH,39.1915,-84.6601,11973,US
Rancho Mission Viejo,CA,33.514,-117.5618,11971,US
Portales,NM,34.1754,-103.3565,11968,US
Burley,ID,42.5379,-113.7926,11958,US
Hartsville,TN,36.3921,-86.1568,11957,US
Moss Point,MS,30.4241,-88.5289,11957,US
Tehachapi,CA,35.1276,-118.4744,11946,US
Lawrenceburg,KY,38.0332,-84.9031,11943,US
North Wantagh,NY,40.6983,-73.5086,11940,US
New Port Richey East,FL,28.2605,-82.6931,11939,US
Martinsville,IN,39.4149,-86.4316,11933,US
Wakefield,VA,38.823,-77.2406,11930,US
Verde Village,AZ,34.7119,-111.9941,11930,US
West Point,UT,41.122,-112.0995,11929,US
Elizabethtown,PA,40.1533,-76.599,11925,US
College,AK,64.8694,-147.8216,11924,US
New Baltimore,VA,38.7495,-77.7151,11919,US
Tache,MB,49.7081,-96.6736,11916,CA
East Glenville,NY,42.8648,-73.9256,11914,US
Wellington North,ON,43.9,-80.57,11914,CA
Kewanee,IL,41.2399,-89.9264,11913,US
St. Andrews,MB,50.27,-96.9747,11913,CA
Fenton,MI,42.7994,-83.7144,11906,US
Williams Lake,BC,52.1294,-122.1383,11906,CA
Picayune,MS,30.5322,-89.6724,11900,US
Wallington,NJ,40.8536,-74.1069,11889,US
Emmaus,PA,40.5352,-75.4978,11889,US
Arkansas City,KS,37.0726,-97.0385,11884,US
Woodward,OK,36.4247,-99.4058,11882,US
Gander,NL,48.9569,-54.6089,11880,CA
Woodmere,LA,29.8493,-90.0751,11879,US
Vermillion,SD,42.7811,-96.9256,11878,US
Belgrade,MT,45.7789,-111.1736,11872,US
The Pinery,CO,39.4462,-104.7591,11871,US
Centralia,IL,38.5224,-89.1232,11856,US
Whistler,BC,50.1208,-122.9544,11854,CA
Mountain Top,PA,41.1353,-75.9045,11850,US
Lawrenceburg,TN,35.2497,-87.3325,11844,US
Fairview Shores,FL,28.6021,-81.3958,11844,US
Brighton,ON,44.1222,-77.7642,11844,CA
Ontario,OR,44.0259,-116.976,11842,US
Dranesville,VA,38.9955,-77.3693,11828,US
Irmo,SC,34.1018,-81.1956,11813,US
Niles,MI,41.8346,-86.2473,11803,US
Evanston,WY,41.2602,-110.9646,11800,US
Wellington,CO,40.7,-105.0054,11798,US
Winton,CA,37.3854,-120.6173,11797,US
Los Alamitos,CA,33.7971,-118.0592,11794,US
Tiny,ON,44.6833,-79.95,11787,CA
Tarrytown,NY,41.0647,-73.8672,11784,US
Lincolnton,NC,35.4748,-81.2386,11783,US
Stuarts Draft,VA,38.0188,-79.0354,11780,US
Little River,SC,33.8786,-78.6393,11771,US
Lindon,UT,40.3414,-111.7187,11765,US
Elwood,NY,40.8462,-73.3389,11762,US
Salem,OH,40.9049,-80.8492,11758,US
Richfield,WI,43.2372,-88.2413,11755,US
Hawkesbury,ON,45.6,-74.6,11755,CA
Little Chute,WI,44.2906,-88.3208,11754,US
Guttenberg,NJ,40.7928,-74.0049,11754,US
Miami Shores,FL,25.867,-80.1779,11752,US
Douglas,GA,31.5065,-82.8544,11749,US
Laurel,FL,27.1507,-82.4534,11741,US
Carignan,QC,45.45,-73.3,11740,CA
Bellmawr,NJ,39.8666,-75.0941,11737,US
Miller Place,NY,40.9374,-72.9864,11736,US
Monument,CO,39.0736,-104.8467,11735,US
Gulfport,FL,27.7463,-82.7099,11734,US
Travilah,MD,39.057,-77.247,11721,US
Danville,IN,39.7584,-86.5019,11714,US
Franklin,OH,39.5538,-84.2952,11712,US
Winfield,KS,37.274,-96.95,11711,US
Yorktown,IN,40.183,-85.5123,11699,US
Four Corners,TX,29.6705,-95.6596,11692,US
Covington,LA,30.481,-90.1122,11658,US
Ringwood,NJ,41.1065,-74.2749,11657,US
Brookhaven,MS,31.5803,-90.4432,11650,US
Troy,IL,38.7268,-89.8977,11647,US
Middleburg,FL,30.0502,-81.9011,11644,US
Brock,ON,44.3167,-79.0833,11642,CA
L'Ile-Perrot,QC,45.3833,-73.95,11638,CA
Lower Burrell,PA,40.5818,-79.7141,11633,US
Hamilton Square,NJ,40.2248,-74.6526,11622,US
Campbellsville,KY,37.3445,-85.3511,11622,US
Carencro,LA,30.3126,-92.0388,11619,US
Destrehan,LA,29.9626,-90.3676,11619,US
Cano Martin Pena,PR,18.4309,-66.0507,11618,US
Summerland,BC,49.6006,-119.6778,11615,CA
Mendota Heights,MN,44.8815,-93.14,11612,US
Town and Country,MO,38.6317,-90.479,11607,US
Fort Morgan,CO,40.2537,-103.7903,11605,US
Seven Hills,OH,41.3803,-81.6736,11603,US
Bucyrus,OH,40.8054,-82.9719,11594,US
Garden City,SC,33.5926,-79.0071,11591,US
St. Clements,MB,50.2689,-96.6742,11586,CA
Green River,WY,41.5127,-109.471,11581,US
View Royal,BC,48.4517,-123.4339,11575,CA
Spring Lake,NC,35.1843,-78.9962,11573,US
Maili,HI,21.4133,-158.1701,11570,US
North Branch,MN,45.5137,-92.9601,11565,US
Elgin,TX,30.3526,-97.3883,11563,US
Martinsville,NJ,40.603,-74.5751,11559,US
South Yarmouth,MA,41.6692,-70.2005,11552,US
Oregon,WI,42.9253,-89.3892,11547,US
Endwell,NY,42.1184,-76.0219,11546,US
Roma,TX,26.4166,-99.0061,11545,US
Greentree,NJ,39.8989,-74.9613,11537,US
Rossmoor,CA,33.7887,-118.0803,11532,US
Woods Cross,UT,40.8731,-111.917,11531,US
Norton,OH,41.0294,-81.6461,11524,US
Mack,OH,39.1492,-84.6794,11516,US
Wilton Manors,FL,26.1593,-80.1395,11511,US
Quartz Hill,CA,34.6527,-118.2163,11510,US
Gloucester City,NJ,39.8924,-75.1172,11509,US
Lovejoy,GA,33.4426,-84.3177,11508,US
Oskaloosa,IA,41.2922,-92.6404,11504,US
Farmington,MI,42.4614,-83.3784,11504,US
Selma,TX,29.5866,-98.3132,11503,US
DeForest,WI,43.2301,-89.3431,11501,US
Platteville,WI,42.728,-90.4681,11499,US
Lovington,NM,32.9128,-103.3276,11498,US
Ridgefield,NJ,40.8313,-74.0147,11498,US
La Riviera,CA,38.5683,-121.3544,11492,US
Montmagny,QC,46.9833,-70.55,11491,CA
Minnehaha,WA,45.6577,-122.6204,11482,US
Mexico,MO,39.1625,-91.8712,11477,US
Tremonton,UT,41.7187,-112.189,11477,US
Prineville,OR,44.2985,-120.8607,11470,US
Signal Hill,CA,33.803,-118.1681,11468,US
North Logan,UT,41.7759,-111.8066,11460,US
Fort Bliss,TX,31.8396,-106.3747,11460,US
Minden,LA,32.6187,-93.2762,11455,US
Cantley,QC,45.5667,-75.7833,11449,CA
Leon Valley,TX,29.4954,-98.6143,11446,US
East Grand Rapids,MI,42.9464,-85.6088,11445,US
Batesville,AR,35.7687,-91.6227,11445,US
Dobbs Ferry,NY,41.0127,-73.8697,11443,US
Suffern,NY,41.1138,-74.1422,11441,US
Erin,ON,43.7667,-80.0667,11439,CA
Damascus,OR,45.4233,-122.4436,11437,US
Lanham,MD,38.962,-76.8421,11433,US
Big Bear City,CA,34.2536,-116.7903,11431,US
Storm Lake,IA,42.6431,-95.196,11428,US
Monmouth,OR,44.8505,-123.2284,11428,US
Notre-Dame-de-l'Ile-Perrot,QC,45.3667,-73.9333,11427,CA
Crowley,LA,30.2175,-92.3752,11422,US
Fredericksburg,TX,30.266,-98.8751,11419,US
Spencer,IA,43.1468,-95.1534,11400,US
Schiller Park,IL,41.9586,-87.8693,11393,US
Half Moon Bay,CA,37.4685,-122.4382,11391,US
Kincardine,ON,44.1667,-81.6333,11389,CA
Huntertown,IN,41.2185,-85.1705,11379,US
Cocoa Beach,FL,28.3327,-80.6274,11377,US
Clawson,MI,42.5367,-83.1504,11374,US
Holmen,WI,43.9706,-91.2654,11372,US
Elliot Lake,ON,46.3833,-82.65,11372,CA
Bridgeton,MO,38.7673,-90.4275,11369,US
Elk City,OK,35.3862,-99.4301,11361,US
Mitchellville,MD,38.9358,-76.8146,11359,US
Port Lavaca,TX,28.6181,-96.6278,11358,US
Bromont,QC,45.3167,-72.65,11357,CA
Fort Campbell North,KY,36.6631,-87.4764,11356,US
Markham,IL,41.6,-87.6904,11355,US
Tucson Mountains,AZ,32.2822,-111.0773,11353,US
Okmulgee,OK,35.6134,-96.0068,11348,US
Woodbury,NY,41.3284,-74.1004,11334,US
Rincon,GA,32.2947,-81.2353,11332,US
Collegedale,TN,35.0526,-85.0488,11330,US
Waggaman,LA,29.9373,-90.2354,11330,US
Cold Springs,NV,39.6927,-119.9775,11321,US
Grosse Pointe Park,MI,42.3794,-82.9287,11319,US
Red Bank,SC,33.9309,-81.2322,11314,US
Linthicum,MD,39.2088,-76.6626,11313,US
Satellite Beach,FL,28.1782,-80.6019,11313,US
Arnprior,ON,45.4333,-76.35,11305,CA
Victoria,MN,44.8634,-93.6585,11295,US
Pontiac,IL,40.8894,-88.6409,11294,US
Petal,MS,31.3477,-89.2359,11294,US
Millington,TN,35.335,-89.8991,11289,US
La Homa,TX,26.2796,-98.3575,11285,US
Westwood,NJ,40.9878,-74.0308,11283,US
North Dundas,ON,45.0833,-75.35,11278,CA
Ravenna,OH,41.1612,-81.2422,11274,US
Fulton,NY,43.3171,-76.4167,11272,US
Ocean City,NJ,39.2681,-74.602,11261,US
Wellesley,ON,43.55,-80.7167,11260,CA
Anderson,CA,40.4497,-122.295,11255,US
Hudson,FL,28.3595,-82.6894,11254,US
Lansing,KS,39.2428,-94.8972,11246,US
Shiloh,PA,39.9732,-76.792,11246,US
Airway Heights,WA,47.6459,-117.5792,11245,US
Healdsburg,CA,38.6224,-122.8651,11243,US
Guthrie,OK,35.8424,-97.4366,11243,US
Stansbury Park,UT,40.6356,-112.3054,11242,US
Spout Springs,NC,35.2724,-79.0331,11242,US
Snyder,TX,32.7133,-100.9116,11241,US
Two Rivers,WI,44.1565,-87.5824,11231,US
View Park-Windsor Hills,CA,33.9955,-118.3483,11230,US
Fort Meade,MD,39.1061,-76.7437,11225,US
Pleasant View,UT,41.3249,-112.0011,11217,US
Grand Rapids,MN,47.238,-93.5327,11207,US
Wanaque,NJ,41.044,-74.29,11206,US
Urbana,OH,40.1085,-83.7541,11204,US
Nelson,BC,49.5,-117.2833,11198,CA
Ladysmith,BC,48.9975,-123.8203,11194,CA
Grandview,WA,46.2443,-119.9092,11187,US
Port Salerno,FL,27.1461,-80.1894,11184,US
Lake Morton-Berrydale,WA,47.3325,-122.1032,11183,US
Gateway,FL,26.5793,-81.7446,11176,US
Waupun,WI,43.6314,-88.7381,11174,US
Wyomissing,PA,40.3317,-75.9703,11172,US
Coldstream,BC,50.22,-119.2481,11171,CA
Bolivar,MO,37.6059,-93.4175,11170,US
West Perrine,FL,25.6061,-80.3639,11162,US
Brooklyn,OH,41.4349,-81.7497,11158,US
Georgetown,GA,31.9849,-81.226,11158,US
Bastrop,TX,30.1113,-97.3176,11156,US
Meridianville,AL,34.8729,-86.5722,11150,US
Burr Ridge,IL,41.7485,-87.92,11141,US
Pleasant Hill,IA,41.5867,-93.4953,11136,US
Doraville,GA,33.9073,-84.2711,11134,US
Oak Hills,OR,45.5405,-122.8413,11131,US
Fox Lake,IL,42.4239,-88.1844,11131,US
Waterloo,IL,38.3403,-90.1538,11129,US
Columbia,IL,38.4581,-90.2156,11127,US
Lansdowne,PA,39.9408,-75.276,11122,US
Canyon Lake,CA,33.6885,-117.2621,11119,US
Valley Center,CA,33.233,-117.0158,11119,US
Friendly,MD,38.7601,-76.9642,11119,US
Haysville,KS,37.5648,-97.3527,11117,US
Summerfield,NC,36.1973,-79.8997,11116,US
Marinette,WI,45.0871,-87.6336,11115,US
Del Aire,CA,33.9167,-118.3693,11115,US
Lenoir City,TN,35.8111,-84.2818,11110,US
Gloucester Point,VA,37.2767,-76.5043,11109,US
Yelm,WA,46.9398,-122.6262,11102,US
Georgian Bluffs,ON,44.65,-81.0333,11100,CA
Hillsborough,CA,37.5572,-122.3586,11099,US
Kapaa,HI,22.091,-159.3521,11094,US
Mount Sinai,NY,40.9372,-73.0179,11093,US
Beachwood,NJ,39.9286,-74.2022,11088,US
Great Neck,NY,40.8029,-73.7333,11087,US
North Bellport,NY,40.7868,-72.9457,11087,US
Merriam,KS,39.0186,-94.6933,11085,US
Franklin Lakes,NJ,41.0086,-74.2083,11084,US
Barrington,IL,42.1515,-88.1281,11077,US
Lowell,IN,41.2917,-87.4195,11073,US
East Franklin,NJ,40.4933,-74.471,11070,US
Newport East,RI,41.5159,-71.2878,11069,US
Coshocton,OH,40.2618,-81.848,11068,US
Morgan City,LA,29.7041,-91.192,11064,US
East Bakersfield,CA,35.3832,-118.9743,11062,US
Lake Grove,NY,40.8586,-73.1168,11061,US
De Witt,NY,43.03,-76.0819,11060,US
Burkburnett,TX,34.0746,-98.5672,11059,US
Pineville,NC,35.0864,-80.8915,11055,US
Sturgis,MI,41.7991,-85.4184,11054,US
Isabela,PR,18.4991,-67.022,11048,US
Pompton Lakes,NJ,41.0024,-74.2859,11047,US
Waynesboro,PA,39.7524,-77.5822,11047,US
Sun Village,CA,34.5596,-117.9558,11036,US
Springdale,OH,39.2909,-84.476,11033,US
Elon,NC,36.1016,-79.5086,11032,US
Lyndon,KY,38.2645,-85.5891,11030,US
Middle Island,NY,40.8857,-72.9454,11027,US
Manhattan,IL,41.4274,-87.9805,11026,US
Weyburn,SK,49.6611,-103.8525,11019,CA
Lake Hiawatha,NJ,40.8816,-74.3826,11018,US
Lowes Island,VA,39.0471,-77.3524,11018,US
Progress,PA,40.2901,-76.8394,11017,US
Pleasanton,TX,28.9642,-98.4957,11011,US
Delhi,CA,37.4306,-120.7759,11009,US
Abbeville,LA,29.9751,-92.1265,11003,US
La Tuque,QC,48.0652,-74.0528,11001,CA
Norwich,ON,42.9833,-80.6,11001,CA
Brandon,SD,43.5928,-96.5799,10996,US
Little Ferry,NJ,40.8464,-74.0388,10996,US
Grand Haven,MI,43.0553,-86.2201,10996,US
Meaford,ON,44.58,-80.73,10991,CA
Waihee-Waiehu,HI,20.9188,-156.5063,10988,US
Burlington,WI,42.6744,-88.2721,10987,US
Medulla,FL,27.957,-81.9866,10985,US
Union City,TN,36.4267,-89.0474,10982,US
Hormigueros,PR,18.1437,-67.1199,10975,US
Adjala-Tosorontio,ON,44.1333,-79.9333,10975,CA
Lake Barcroft,VA,38.8514,-77.1579,10973,US
Pompton Plains,NJ,40.9679,-74.3075,10971,US
Roessleville,NY,42.6969,-73.7964,10968,US
Totowa,NJ,40.9039,-74.2214,10959,US
Lincoln Park,NJ,40.9239,-74.3035,10957,US
Oak Ridge,NJ,41.0323,-74.4971,10954,US
Malvern,AR,34.3734,-92.8205,10953,US
North Lindenhurst,NY,40.7072,-73.3859,10952,US
Fife,WA,47.2329,-122.3518,10949,US
Piedmont,CA,37.8225,-122.2301,10945,US
Hamilton Township,ON,44.054,-78.2164,10942,CA
Sierra Madre,CA,34.1687,-118.0504,10940,US
Clayton,CA,37.9404,-121.9301,10937,US
Belle Chasse,LA,29.8558,-90.0045,10934,US
White Marsh,MD,39.3819,-76.4574,10932,US
Walker Mill,MD,38.8758,-76.8854,10931,US
Diamond Springs,CA,38.692,-120.8391,10927,US
Stratford,PE,46.2167,-63.0893,10927,CA
Flowery Branch,GA,34.1712,-83.9142,10925,US
Marlton,NJ,39.9014,-74.9294,10922,US
Manville,NJ,40.542,-74.5892,10921,US
Martin,TN,36.3385,-88.8513,10915,US
Pingree Grove,IL,42.0855,-88.4358,10914,US
Maltby,WA,47.8027,-122.1044,10910,US
Citrus,CA,34.116,-117.8891,10904,US
Celina,OH,40.555,-84.5626,10903,US
Calimesa,CA,33.9874,-117.0542,10902,US
Cheat Lake,WV,39.667,-79.8564,10902,US
Peru,IN,40.7593,-86.0756,10901,US
New Albany,OH,40.0809,-82.7848,10896,US
Magnolia,AR,33.2775,-93.2261,10894,US
Sleepy Hollow,NY,41.0936,-73.8722,10887,US
Timberlane,LA,29.8781,-90.0303,10886,US
Kearney,MO,39.355,-94.3599,10885,US
Myers Corner,NY,41.5864,-73.8793,10877,US
Campton Hills,IL,41.9498,-88.4166,10877,US
Rathdrum,ID,47.7948,-116.8944,10874,US
Hardeeville,SC,32.2949,-81.0321,10871,US
Waipio,HI,21.4143,-157.9966,10870,US
Lexington,NE,40.7779,-99.7461,10862,US
Riverton,WY,43.0421,-108.4144,10856,US
Montgomery,OH,39.2496,-84.3458,10855,US
Independent Hill,VA,38.6404,-77.4089,10853,US
Estevan,SK,49.1392,-102.9861,10851,CA
Halfway,MD,39.6162,-77.7703,10849,US
Lowell,AR,36.2561,-94.1532,10849,US
Bedford Heights,OH,41.4041,-81.5053,10847,US
Summit,IL,41.7877,-87.8146,10846,US
Felida,WA,45.7138,-122.7103,10841,US
Birch Bay,WA,48.9243,-122.7519,10837,US
South Dundas,ON,44.9167,-75.2667,10833,CA
Forestville,OH,39.0711,-84.3389,10831,US
Gages Lake,IL,42.3519,-87.9828,10819,US
Boaz,AL,34.1985,-86.1529,10814,US
Canton,MS,32.5975,-90.0317,10811,US
Essex Junction,VT,44.4902,-73.1141,10803,US
Pine Hill,NJ,39.7879,-74.9857,10802,US
Russellville,AL,34.5055,-87.7283,10799,US
Terryville,NY,40.9093,-73.0486,10794,US
Van Wert,OH,40.8651,-84.5879,10790,US
Newberry,SC,34.2813,-81.601,10790,US
Berkley,CO,39.8045,-105.0281,10789,US
Atchison,KS,39.5625,-95.1367,10785,US
Edwards,CO,39.6215,-106.6184,10785,US
The Hills,NJ,40.6561,-74.6215,10785,US
Fairview,TX,33.1399,-96.6117,10783,US
Sugarmill Woods,FL,28.7299,-82.501,10782,US
Heath,TX,32.8439,-96.4674,10777,US
Powdersville,SC,34.7826,-82.4959,10771,US
Tarboro,NC,35.9046,-77.5563,10770,US
Ironton,OH,38.5323,-82.6779,10768,US
Rolesville,NC,35.9223,-78.4656,10766,US
Mount Vista,WA,45.7373,-122.6316,10764,US
Pine Ridge,FL,28.933,-82.4761,10762,US
Placerville,CA,38.7308,-120.7979,10762,US
Jackson,WY,43.472,-110.7746,10756,US
Vidalia,GA,32.2125,-82.4019,10752,US
Bargersville,IN,39.5412,-86.2004,10752,US
White City,OR,42.4316,-122.8322,10750,US
Fairview,CA,37.6758,-122.0473,10745,US
Alachua,FL,29.7779,-82.4832,10743,US
Northbrook,OH,39.2467,-84.5796,10742,US
Mount Kisco,NY,41.2016,-73.7281,10737,US
Lisbon,WI,43.1533,-88.2468,10736,US
Fairview,OR,45.5469,-122.439,10735,US
Sumner,WA,47.2189,-122.2338,10733,US
Milton,FL,30.6286,-87.0522,10733,US
McKee City,NJ,39.4465,-74.6445,10731,US
Fair Oaks Ranch,TX,29.7467,-98.6376,10728,US
Winterville,NC,35.5291,-77.4,10725,US
Cherry Creek,CO,39.6094,-104.8645,10721,US
Pella,IA,41.4052,-92.9189,10720,US
Clute,TX,29.0256,-95.3975,10715,US
West Haverstraw,NY,41.2063,-73.9884,10711,US
Roscoe,IL,42.4256,-89.0084,10706,US
Smithville,MO,39.3919,-94.5747,10705,US
Worth,IL,41.6877,-87.7916,10700,US
Cottage Grove,OR,43.796,-123.0573,10698,US
Bonham,TX,33.588,-96.1901,10697,US
Morro Bay,CA,35.3682,-120.8482,10692,US
Darby,PA,39.921,-75.261,10687,US
Rockport,TX,28.029,-97.0722,10683,US
La Plata,MD,38.5352,-76.97,10683,US
Saks,AL,33.7118,-85.8536,10681,US
Broomall,PA,39.9688,-75.354,10679,US
Soquel,CA,36.9978,-121.9483,10679,US
Sonoma,CA,38.2902,-122.4598,10670,US
Garden Acres,CA,37.9637,-121.2296,10667,US
Plymouth,IN,41.3483,-86.3187,10664,US
Spanish Fort,AL,30.7254,-87.8597,10662,US
Lake Monticello,VA,37.921,-78.3295,10662,US
Nanticoke,PA,41.2005,-76.0003,10653,US
Palatka,FL,29.6493,-81.6705,10650,US
Budd Lake,NJ,40.8733,-74.7375,10650,US
Middleton,ID,43.7113,-116.6157,10649,US
Taylorville,IL,39.5328,-89.2804,10646,US
Heath,OH,40.0241,-82.4413,10644,US
Corning,NY,42.147,-77.0561,10643,US
Le Mars,IA,42.781,-96.1733,10640,US
Roslyn,PA,40.1311,-75.1374,10639,US
Lake Arrowhead,CA,34.2531,-117.1944,10639,US
Mount Airy,NC,36.5083,-80.6155,10633,US
Lambton Shores,ON,43.1833,-81.9,10631,CA
Richmond Heights,OH,41.5589,-81.5029,10626,US
Cleveland,MS,33.744,-90.7285,10623,US
Freeport,TX,28.9453,-95.3601,10621,US
North Dumfries,ON,43.32,-80.38,10619,CA
Union Park,FL,28.5657,-81.2355,10615,US
Shelton,WA,47.2186,-123.1121,10612,US
Hobart,WI,44.4967,-88.1602,10610,US
Heartland,TX,32.6748,-96.4515,10607,US
Lighthouse Point,FL,26.2785,-80.0891,10600,US
Chalco,NE,41.1817,-96.1353,10595,US
Flowood,MS,32.3359,-90.0802,10587,US
Monroe,WI,42.603,-89.6381,10587,US
Bel Air,MD,39.5348,-76.346,10585,US
Newport,OR,44.6242,-124.0513,10583,US
Crestwood,IL,41.6454,-87.7397,10579,US
Comstock Park,MI,43.0438,-85.6778,10577,US
Pike Road,AL,32.2939,-86.09,10574,US
Rifle,CO,39.5362,-107.7729,10570,US
Scenic Oaks,TX,29.7038,-98.6712,10569,US
Bellmead,TX,31.6026,-97.0897,10566,US
Francisville,KY,39.1068,-84.7277,10565,US
Scaggsville,MD,39.1416,-76.8843,10564,US
Sonterra,TX,30.8079,-97.5952,10563,US
Alexandria,KY,38.9621,-84.3859,10562,US
Chestnut Ridge,NY,41.0829,-74.0551,10557,US
Kendallville,IN,41.4441,-85.2578,10556,US
Westwood Lakes,FL,25.7237,-80.3717,10553,US
Santa Clara,OR,44.1154,-123.1344,10551,US
Martensville,SK,52.2897,-106.6667,10549,CA
Munhall,PA,40.3935,-79.9005,10548,US
Scottdale,GA,33.795,-84.2634,10542,US
New Richmond,WI,45.125,-92.5377,10539,US
Locust Grove,GA,33.3446,-84.1071,10532,US
Forest Acres,SC,34.0323,-80.9716,10530,US
Bluffton,IN,40.7424,-85.173,10529,US
Loudonville,NY,42.7068,-73.7665,10527,US
Mapleton,ON,43.7358,-80.6681,10527,CA
Shiloh,OH,39.8159,-84.2317,10526,US
Beverly Hills,MI,42.522,-83.2423,10524,US
St. Albans,WV,38.3769,-81.8198,10522,US
Vienna,WV,39.324,-81.5383,10518,US
Somers Point,NJ,39.3167,-74.6066,10515,US
Little Canada,MN,45.0244,-93.0863,10514,US
Hillcrest,CA,35.379,-118.9578,10511,US
White Horse,NJ,40.1919,-74.7023,10507,US
Home Gardens,CA,33.8783,-117.5116,10506,US
Reading,OH,39.2242,-84.4333,10502,US
Waynesville,NC,35.4854,-82.9996,10502,US
Bellefontaine Neighbors,MO,38.7529,-90.228,10498,US
Forestville,MD,38.8518,-76.8708,10495,US
Waverly,IA,42.725,-92.4708,10494,US
Versailles,KY,38.0486,-84.7258,10492,US
Galena Park,TX,29.7452,-95.2333,10487,US
Bithlo,FL,28.5644,-81.1073,10486,US
London,OH,39.8935,-83.4375,10484,US
Excelsior Springs,MO,39.339,-94.24,10484,US
Espanola,NM,36.0044,-106.0686,10473,US
Bogalusa,LA,30.7812,-89.8633,10468,US
Warr Acres,OK,35.5285,-97.6182,10466,US
West Vero Corridor,FL,27.6363,-80.4844,10461,US
Silverton,OR,45.003,-122.7808,10456,US
North Valley,NM,35.1736,-106.6231,10455,US
River Grove,IL,41.9243,-87.8379,10451,US
Progress Village,FL,27.8831,-82.3593,10450,US
Triangle,VA,38.5483,-77.3195,10450,US
Pebble Creek,FL,28.1583,-82.3411,10447,US
Cadillac,MI,44.2493,-85.4164,10445,US
Alum Rock,CA,37.3694,-121.8238,10440,US
Tipp City,OH,39.9644,-84.1866,10439,US
Port Townsend,WA,48.122,-122.7877,10438,US
Coweta,OK,35.9683,-95.6545,10433,US
Maryville,MO,40.3428,-94.8702,10428,US
Garden City,GA,32.0867,-81.1773,10426,US
Malibu,CA,34.037,-118.7839,10421,US
Fort Oglethorpe,GA,34.9318,-85.246,10416,US
Rawdon,QC,46.05,-73.7167,10416,CA
Hyrum,UT,41.6325,-111.8445,10401,US
Northampton,PA,40.6866,-75.4904,10400,US
Farmersville,CA,36.305,-119.2083,10397,US
Vernal,UT,40.4517,-109.5378,10392,US
Alpine,UT,40.4629,-111.7724,10392,US
Atoka,TN,35.4239,-89.7861,10385,US
Sweetwater,TX,32.4692,-100.4092,10385,US
Morinville,AB,53.8022,-113.6497,10385,CA
Pine Castle,FL,28.4651,-81.3741,10371,US
Franklin,KY,36.7177,-86.5595,10360,US
Wabash,IN,40.8034,-85.8301,10358,US
Rotonda,FL,26.8844,-82.2791,10352,US
Vermilion,OH,41.4103,-82.3214,10343,US
Riverdale,IL,41.6441,-87.6366,10340,US
Flat Rock,MI,42.0991,-83.2716,10340,US
Galion,OH,40.7385,-82.7792,10339,US
Lyons,IL,41.8119,-87.8191,10339,US
Paris,TN,36.2933,-88.3065,10338,US
Bee Ridge,FL,27.2855,-82.4731,10334,US
McCordsville,IN,39.8966,-85.9208,10329,US
Salem,UT,40.0539,-111.6718,10324,US
Berwick,PA,41.0555,-76.2492,10317,US
Blackfalds,AB,52.3833,-113.8,10315,CA
East Rutherford,NJ,40.8179,-74.0854,10313,US
La Grange,KY,38.3987,-85.375,10311,US
Shasta Lake,CA,40.679,-122.3775,10311,US
Chester,NS,44.65,-64.3,10310,CA
Camden,AR,33.5672,-92.8467,10307,US
Cambridge,MN,45.5612,-93.2283,10307,US
Queens,NS,44.0333,-64.7167,10307,CA
Timonium,MD,39.4459,-76.6032,10304,US
Blackwells Mills,NJ,40.4773,-74.5976,10301,US
Fairmont,MN,43.6441,-94.4621,10296,US
Bardmoor,FL,27.8574,-82.7534,10292,US
Watervliet,NY,42.7243,-73.7068,10287,US
Roanoke,TX,33.0144,-97.2276,10286,US
Rainbow City,AL,33.9336,-86.0922,10284,US
Wood River,IL,38.8631,-90.0774,10279,US
Columbia,PA,40.0347,-76.4944,10278,US
Selkirk,MB,50.1436,-96.8839,10278,CA
Saint-Felicien,QC,48.65,-72.45,10278,CA
Valley,AL,32.8088,-85.181,10277,US
Cody,WY,44.5213,-109.0548,10276,US
Clay,AL,33.6951,-86.609,10273,US
Halls,TN,36.0817,-83.9344,10272,US
Loudoun Valley Estates,VA,38.977,-77.5053,10271,US
Alderwood Manor,WA,47.8146,-122.2672,10266,US
Madison Heights,VA,37.4487,-79.1057,10266,US
Trumbull Center,CT,41.2415,-73.1836,10264,US
Highland,IL,38.7602,-89.6812,10262,US
Picnic Point,WA,47.8744,-122.3077,10261,US
Lake Hopatcong,NJ,40.9599,-74.6094,10259,US
Exeter,CA,36.2941,-119.1459,10258,US
Scotchtown,NY,41.4765,-74.3668,10252,US
Glenwood Springs,CO,39.5455,-107.3347,10241,US
Clinton,TN,36.0981,-84.1283,10239,US
Safford,AZ,32.8335,-109.6964,10239,US
Snohomish,WA,47.9276,-122.0969,10239,US
Corozal,PR,18.341,-66.3124,10237,US
Portage,WI,43.5489,-89.4658,10236,US
Robstown,TX,27.794,-97.6692,10236,US
Manati,PR,18.4283,-66.4823,10231,US
Cedartown,GA,34.0223,-85.2479,10227,US
Bala Cynwyd,PA,40.0116,-75.2283,10227,US
Roberval,QC,48.52,-72.23,10227,CA
San Diego Country Estates,CA,33.0094,-116.7874,10223,US
North Lakes,AK,61.6191,-149.311,10223,US
Marlton,MD,38.762,-76.7857,10222,US
Elkhorn,WI,42.6713,-88.5377,10221,US
New Hyde Park,NY,40.7323,-73.6858,10220,US
Yazoo City,MS,32.8619,-90.4075,10219,US
Wood-Ridge,NJ,40.8508,-74.0878,10218,US
Hermantown,MN,46.8057,-92.2407,10218,US
Oakbrook,KY,38.9996,-84.6797,10211,US
Baker City,OR,44.7749,-117.832,10210,US
Carroll,IA,42.0699,-94.8646,10208,US
Rideau Lakes,ON,44.6667,-76.2167,10207,CA
Airmont,NY,41.0992,-74.0989,10205,US
Burtonsville,MD,39.1166,-76.9356,10203,US
Sechelt,BC,49.4742,-123.7542,10200,CA
Independence,OR,44.8547,-123.1952,10199,US
Fort Salonga,NY,40.9068,-73.2996,10199,US
Kennett,MO,36.2403,-90.0481,10196,US
Bay St. Louis,MS,30.3281,-89.3774,10188,US
Molalla,OR,45.1502,-122.5845,10186,US
Raymondville,TX,26.4759,-97.7769,10185,US
Warrenton,VA,38.7176,-77.7976,10176,US
Oneida,NY,43.0769,-75.6622,10171,US
North Bend,OR,43.4075,-124.2364,10171,US
Canal Winchester,OH,39.8437,-82.8126,10170,US
Reedsburg,WI,43.5348,-89.9965,10168,US
Waldwick,NJ,41.0133,-74.1259,10164,US
Lahaina,HI,20.8848,-156.6618,10162,US
Country Club,CA,37.9687,-121.3408,10161,US
Paris,KY,38.2016,-84.2718,10160,US
Bois-des-Filion,QC,45.6667,-73.75,10159,CA
Alpena,MI,45.074,-83.4402,10154,US
East Setauket,NY,40.921,-73.0942,10149,US
Hillsdale,NJ,41.0074,-74.044,10144,US
Hackettstown,NJ,40.854,-74.8257,10140,US
Potomac Park,CA,35.3636,-118.965,10138,US
Sellersburg,IN,38.4028,-85.7706,10137,US
Blackhawk,CA,37.8159,-121.9071,10137,US
Fort Madison,IA,40.6207,-91.3509,10133,US
Pajaros,PR,18.361,-66.2184,10132,US
Severance,CO,40.5265,-104.865,10130,US
San Elizario,TX,31.5793,-106.2632,10116,US
Astoria,OR,46.1856,-123.8053,10109,US
North Glengarry,ON,45.3333,-74.7333,10109,CA
Rio Vista,CA,38.1765,-121.7025,10102,US
Arkadelphia,AR,34.1253,-93.0729,10099,US
South Huron,ON,43.32,-81.5,10096,CA
Winfield,IL,41.8787,-88.1507,10095,US
Marieville,QC,45.4333,-73.1667,10094,CA
Maywood,NJ,40.9025,-74.0634,10093,US
Fuller Heights,FL,27.9227,-81.9978,10083,US
Sweet Home,OR,44.4023,-122.7028,10078,US
Cypress Gardens,FL,28.0036,-81.6857,10077,US
East Rockaway,NY,40.6432,-73.6672,10077,US
Corte Madera,CA,37.9238,-122.5128,10077,US
Penetanguishene,ON,44.7667,-79.9333,10077,CA
Makaha,HI,21.4739,-158.2102,10066,US
Cambridge,OH,40.0221,-81.5869,10060,US
Avon Park,FL,27.5898,-81.5068,10057,US
Cairo,GA,30.879,-84.205,10055,US
Gunbarrel,CO,40.0632,-105.1713,10051,US
West Glens Falls,NY,43.3057,-73.6964,10050,US
Mahomet,IL,40.1888,-88.3901,10049,US
Murrells Inlet,SC,33.556,-79.0594,10044,US
Green Cove Springs,FL,29.9904,-81.6807,10044,US
Woodbury,NJ,39.8379,-75.1524,10042,US
Terrace Heights,WA,46.6045,-120.4393,10041,US
Tay,ON,44.7167,-79.7667,10033,CA
Castlegar,BC,49.3256,-117.6661,10029,CA
Detroit Lakes,MN,46.806,-95.8449,10025,US
Howell,MI,42.6078,-83.9339,10021,US
Cavan Monaghan,ON,44.2,-78.4667,10016,CA
Kinnelon,NJ,40.9847,-74.3862,10013,US
Fallston,MD,39.5332,-76.4452,10013,US
Kendall Park,NJ,40.4135,-74.5631,10011,US
Rockwood,VA,37.463,-77.5744,10010,US
Fairview,TN,35.9815,-87.1291,10009,US
Cape Canaveral,FL,28.3933,-80.6049,10006,US
Burlington,WA,48.4676,-122.3298,10003,US
Ellisville,MO,38.5897,-90.5884,10002,US
Ivins,UT,37.1742,-113.6809,9998,US
Ingleside,TX,27.8703,-97.2075,9997,US
Cordele,GA,31.9563,-83.7694,9994,US
Richmond Heights,FL,25.6347,-80.3721,9992,US
East Whittier,CA,33.9244,-117.9887,9990,US
South Amboy,NJ,40.4852,-74.2831,9989,US
Oakland,TN,35.2256,-89.5372,9979,US
Willoughby Hills,OH,41.5873,-81.4333,9975,US
Hartland,WI,43.1029,-88.3396,9972,US
Harrisonville,MO,38.653,-94.3467,9970,US
Lincoln City,OR,44.9751,-124.0072,9968,US
Kensington,CT,41.6284,-72.7686,9962,US
Brookdale,NJ,40.8348,-74.1798,9960,US
Lambertville,MI,41.7484,-83.6244,9955,US
Sparta,WI,43.9377,-90.8131,9950,US
Cedar Hills,UT,40.4135,-111.7531,9950,US
Jesup,GA,31.5992,-81.8895,9942,US
Difficult Run,VA,38.9016,-77.3471,9938,US
George Mason,VA,38.8356,-77.3186,9937,US
Vashon,WA,47.4122,-122.4726,9934,US
DuPont,WA,47.1079,-122.6495,9931,US
Jessup,MD,39.1488,-76.7772,9931,US
Morden,MB,49.1919,-98.1006,9929,CA
Marysville,MI,42.9084,-82.4806,9925,US
Struthers,OH,41.051,-80.592,9923,US
Temiskaming Shores,ON,47.5167,-79.6833,9920,CA
Mission,KS,39.027,-94.6568,9915,US
Marathon,FL,24.7263,-81.0374,9914,US
Grosse Pointe Farms,MI,42.4068,-82.8993,9904,US
North Gates,NY,43.1718,-77.7064,9904,US
Fairmount,CO,39.7931,-105.1711,9902,US
West Point,MS,33.6064,-88.6572,9900,US
Rye Brook,NY,41.0302,-73.6864,9900,US
Columbia City,IN,41.1612,-85.4855,9897,US
Wapakoneta,OH,40.5664,-84.1916,9894,US
Golden Hills,CA,35.1409,-118.4968,9891,US
Hinton,AB,53.4114,-117.5639,9882,CA
Saint-Sauveur,QC,45.9,-74.17,9881,CA
Alamosa,CO,37.4752,-105.877,9879,US
Monett,MO,36.9218,-93.9278,9873,US
Mayfield,KY,36.7371,-88.6447,9868,US
Brentwood,PA,40.3734,-79.9757,9866,US
Bull Mountain,OR,45.4125,-122.832,9865,US
Greencastle,IN,39.6432,-86.8418,9864,US
Sandy Hook,CT,41.4128,-73.244,9863,US
College Place,WA,46.0419,-118.3878,9854,US
Vernon,TX,34.1479,-99.3,9848,US
Madera Acres,CA,37.0123,-120.0799,9846,US
Muskegon Heights,MI,43.2023,-86.2421,9841,US
Eagle Point,OR,42.4677,-122.8016,9839,US
Crestline,CA,34.2486,-117.2887,9835,US
Thomaston,GA,32.8907,-84.3272,9831,US
Decatur,IN,40.8286,-84.9277,9811,US
Sturgeon Bay,WI,44.8228,-87.366,9806,US
Morehead City,NC,34.7308,-76.7388,9806,US
Mount Airy,MD,39.3742,-77.1534,9805,US
Grey Highlands,ON,44.3333,-80.5,9804,CA
New Square,NY,41.141,-74.0294,9803,US
Winchester,TN,35.1898,-86.1075,9799,US
Succasunna,NJ,40.853,-74.6568,9799,US
Pine Lake Park,NJ,40.0017,-74.2595,9795,US
Lugoff,SC,34.2113,-80.6973,9786,US
Orange Lake,NY,41.5369,-74.1005,9784,US
East Liverpool,OH,40.6333,-80.5677,9783,US
Yorkshire,VA,38.7882,-77.4496,9782,US
South Huntington,NY,40.8225,-73.3921,9779,US
Sedona,AZ,34.8581,-111.7941,9777,US
Peru,IL,41.3482,-89.1371,9775,US
Middletown,KY,38.241,-85.5214,9763,US
DeRidder,LA,30.8468,-93.2931,9763,US
Coral Hills,MD,38.8706,-76.9215,9756,US
Morrisville,PA,40.2074,-74.78,9752,US
Mooresville,IN,39.6022,-86.3681,9751,US
Uniontown,PA,39.8993,-79.7246,9742,US
Forestdale,AL,33.5737,-86.9,9742,US
Woodlyn,PA,39.8774,-75.3445,9736,US
Villas,NJ,39.0157,-74.935,9735,US
Belmont,VA,39.0622,-77.4985,9729,US
Fairfield,AL,33.4747,-86.9194,9728,US
Washington,NC,35.5586,-77.0545,9726,US
East St. Paul,MB,49.9772,-97.0103,9725,CA
Hillsborough,NC,36.0679,-79.0991,9724,US
Fairmount,NY,43.0414,-76.2485,9724,US
Mechanicsburg,PA,40.2115,-77.006,9720,US
Wasilla,AK,61.577,-149.466,9720,US
Keansburg,NJ,40.4469,-74.1315,9719,US
Matawan,NJ,40.4127,-74.2365,9710,US
Vidor,TX,30.1291,-93.9967,9708,US
Jefferson,LA,29.9609,-90.1554,9703,US
Orange Cove,CA,36.6211,-119.3188,9695,US
Coamo,PR,18.0765,-66.3638,9689,US
Capitola,CA,36.9773,-121.9537,9689,US
Eidson Road,TX,28.6677,-100.4788,9684,US
Croydon,PA,40.0911,-74.8975,9684,US
Stoneham-et-Tewkesbury,QC,47.1667,-71.4333,9682,CA
Alfred and Plantagenet,ON,45.5667,-74.9167,9680,CA
Sauk Village,IL,41.4906,-87.5706,9678,US
Canonsburg,PA,40.2643,-80.1867,9675,US
Browns Mills,NJ,39.9737,-74.569,9672,US
St. Anthony,MN,45.0278,-93.2174,9671,US
Cross Lanes,WV,38.4351,-81.7707,9671,US
Hailey,ID,43.5141,-114.3001,9665,US
Keokuk,IA,40.4095,-91.4031,9662,US
Countryside,VA,39.0518,-77.4124,9661,US
Arden Hills,MN,45.0721,-93.167,9658,US
Brewer,ME,44.7835,-68.7352,9652,US
Lago Vista,TX,30.4519,-97.9908,9650,US
Beverly Hills,FL,28.9176,-82.4542,9650,US
Willow Street,PA,39.981,-76.2706,9647,US
Tanaina,AK,61.6576,-149.4263,9646,US
Mont-Tremblant,QC,46.1167,-74.6,9646,CA
Sanger,TX,33.3715,-97.1678,9641,US
Bridge City,TX,30.0298,-93.8406,9640,US
Sandpoint,ID,48.2822,-116.5614,9637,US
Middletown,PA,40.201,-76.7289,9632,US
Helotes,TX,29.5687,-98.696,9630,US
Brownsville,TN,35.589,-89.2578,9622,US
Lititz,PA,40.154,-76.3044,9619,US
Saint-Zotique,QC,45.25,-74.25,9618,CA
Sunbury,PA,40.8616,-76.7871,9617,US
Greenwood,AR,35.2134,-94.2408,9616,US
Saint-Raymond,QC,46.9,-71.8333,9615,CA
Evergreen,MT,48.2308,-114.27,9611,US
Juncos,PR,18.2256,-65.9161,9604,US
Gibsons,BC,49.4028,-123.5036,9603,CA
Louisville,OH,40.837,-81.2643,9602,US
Harvard,IL,42.4296,-88.6211,9598,US
Anaconda,MT,46.0608,-113.0678,9597,US
Amityville,NY,40.6696,-73.4156,9588,US
Raceland,LA,29.7282,-90.6362,9585,US
Bladensburg,MD,38.9424,-76.9264,9583,US
Templeton,CA,35.556,-120.7181,9580,US
Woodway,TX,31.4988,-97.2314,9570,US
Pryor Creek,OK,36.2996,-95.3107,9569,US
Corona de Tucson,AZ,31.9503,-110.7835,9566,US
Tehaleh,WA,47.1165,-122.1824,9561,US
Frankfort Square,IL,41.5219,-87.8031,9560,US
North College Hill,OH,39.2175,-84.552,9555,US
Jennings,LA,30.2233,-92.6582,9553,US
Amherst,NS,45.8167,-64.2167,9548,CA
Smithville,NJ,39.4929,-74.4801,9545,US
Elizabethtown-Kitley,ON,44.7,-75.8833,9545,CA
Arizona City,AZ,32.7506,-111.6707,9543,US
Bacliff,TX,29.5085,-94.9888,9541,US
Silver City,NM,32.7783,-108.2699,9536,US
Tomah,WI,43.9879,-90.4999,9532,US
Stony Brook University,NY,40.9098,-73.1217,9530,US
Rochelle,IL,41.9197,-89.0629,9529,US
Clarksville,AR,35.457,-93.4803,9526,US
Shawano,WI,44.7748,-88.5843,9522,US
Smiths Falls,ON,44.9,-76.0167,9517,CA
Mentone,CA,34.0609,-117.1108,9514,US
Lake Mohawk,NJ,41.0149,-74.664,9508,US
Girard,OH,41.1665,-80.6963,9505,US
Grinnell,IA,41.7359,-92.7244,9505,US
Woodburn,VA,38.8503,-77.2322,9503,US
Lorraine,QC,45.6833,-73.7833,9502,CA
LaSalle,IL,41.3589,-89.0737,9498,US
Beckett Ridge,OH,39.3448,-84.438,9496,US
Merrydale,LA,30.4998,-91.1081,9490,US
Ramara,ON,44.6333,-79.2167,9488,CA
Fairfield Glade,TN,36.0028,-84.8711,9487,US
Fishersville,VA,38.105,-78.9826,9484,US
Madeira,OH,39.1856,-84.3734,9484,US
Southside,AL,33.9007,-86.0238,9483,US
Spring Valley Lake,CA,34.4987,-117.2683,9483,US
Florence,OR,43.9916,-124.1063,9482,US
Notre-Dame-des-Prairies,QC,46.05,-73.4333,9471,CA
Garrison,MD,39.4023,-76.7514,9469,US
Oil City,PA,41.4281,-79.7036,9468,US
Gibsonville,NC,36.0993,-79.5415,9467,US
Fredonia,NY,42.4407,-79.3319,9467,US
Woodfield,SC,34.0587,-80.9309,9465,US
Leeds and the Thousand Islands,ON,44.45,-76.08,9465,CA
Fallon,NV,39.4737,-118.7779,9463,US
St. Augustine Shores,FL,29.8039,-81.3086,9462,US
Brockton,ON,44.1667,-81.2167,9461,CA
Oakwood,OH,39.7202,-84.1734,9458,US
Brooksville,FL,28.5404,-82.3903,9457,US
St. Stephens,NC,35.7642,-81.2746,9457,US
Fairfield,IA,41.0064,-91.9667,9456,US
Ogdensburg,NY,44.7088,-75.4717,9455,US
San Lorenzo,PR,18.1875,-65.968,9453,US
Laurentian Valley,ON,45.7681,-77.2239,9450,CA
Picture Rocks,AZ,32.3274,-111.2558,9448,US
The Village,OK,35.5706,-97.5567,9447,US
Chevy Chase,MD,38.9944,-77.0738,9445,US
Pleasant Grove,AL,33.494,-86.9782,9442,US
Charter Oak,CA,34.1025,-117.8564,9442,US
Kennedale,TX,32.6434,-97.2172,9439,US
Jacinto City,TX,29.7663,-95.241,9432,US
Sabana Grande,PR,18.0832,-66.9645,9432,US
Parsons,KS,37.3405,-95.2958,9425,US
Hickam Housing,HI,21.3311,-157.9474,9425,US
Delta,CO,38.756,-108.0772,9421,US
Mono,ON,44.0167,-80.0667,9421,CA
Steger,IL,41.4723,-87.6176,9418,US
Plumas Lake,CA,38.9845,-121.5634,9418,US
Angola,IN,41.6433,-85.005,9408,US
Park Ridge,NJ,41.0352,-74.0423,9406,US
Alma,MI,43.3799,-84.6556,9396,US
Flossmoor,IL,41.5391,-87.6858,9391,US
East York,PA,39.9687,-76.6755,9388,US
Bluefield,WV,37.2608,-81.2143,9387,US
Fultondale,AL,33.6174,-86.8014,9384,US
Commerce,TX,33.2421,-95.8992,9383,US
Berlin,NH,44.4869,-71.2599,9383,US
Marlboro Village,MD,38.8307,-76.7699,9382,US
Bryans Road,MD,38.6145,-77.0851,9371,US
Seven Corners,VA,38.8658,-77.1445,9371,US
Bogota,NJ,40.8751,-74.0293,9360,US
Merrill,WI,45.182,-89.6994,9356,US
Itasca,IL,41.9772,-88.0183,9355,US
Palm Beach,FL,26.6945,-80.0408,9348,US
Woodbury,NY,40.8176,-73.4703,9348,US
Sheffield,AL,34.757,-87.6977,9340,US
Diamondhead,MS,30.3791,-89.3707,9338,US
Hooper,UT,41.1599,-112.2871,9338,US
Leonia,NJ,40.8638,-73.99,9336,US
Laurens,SC,34.5022,-82.0207,9336,US
Sainte-Julienne,QC,45.97,-73.72,9331,CA
Denham Springs,LA,30.4743,-90.9593,9323,US
Ashland,NJ,39.8782,-75.0085,9320,US
East Stroudsburg,PA,41.0023,-75.1779,9319,US
Quakertown,PA,40.4398,-75.3455,9319,US
Skidaway Island,GA,31.9372,-81.0449,9315,US
Harrodsburg,KY,37.7654,-84.8474,9313,US
Citrus Hills,FL,28.887,-82.4312,9304,US
Qualicum Beach,BC,49.35,-124.4333,9303,CA
Hernando,FL,28.9451,-82.3781,9299,US
Hampstead,NC,34.3627,-77.7318,9292,US
Bloomingdale,TN,36.5793,-82.5096,9292,US
Malahide,ON,42.7928,-80.9361,9292,CA
Crozet,VA,38.0645,-78.6961,9289,US
Rensselaer,NY,42.6465,-73.7328,9287,US
Waimea,HI,20.0124,-155.6381,9286,US
Fort Stewart,GA,31.8811,-81.6131,9285,US
Aibonito,PR,18.1398,-66.2659,9285,US
Conshohocken,PA,40.0772,-75.3034,9282,US
Greenville,NY,40.9986,-73.8189,9280,US
Riverdale,UT,41.1732,-112.0023,9279,US
Charlotte,MI,42.5662,-84.8304,9277,US
Oakville,CT,41.5893,-73.0905,9276,US
Incline Village,NV,39.2639,-119.9455,9272,US
Ventnor City,NJ,39.3457,-74.486,9265,US
Havre,MT,48.5427,-109.6804,9258,US
Bridgeport,WV,39.3036,-80.2478,9252,US
Booneville,MS,34.6643,-88.5684,9246,US
Chesapeake Ranch Estates,MD,38.3574,-76.4147,9241,US
Sugar Grove,IL,41.7759,-88.4481,9240,US
Warren,PA,41.8434,-79.1444,9240,US
Bethalto,IL,38.9015,-90.0466,9239,US
Eunice,LA,30.4904,-92.4191,9239,US
Toccoa,GA,34.581,-83.3263,9238,US
Cape St. Claire,MD,39.0433,-76.4471,9236,US
Bastrop,LA,32.7748,-91.9078,9232,US
Audubon,PA,40.1304,-75.428,9229,US
Aberdeen,NC,35.135,-79.4326,9228,US
Rockcreek,OR,45.5526,-122.876,9223,US
Oromocto,NB,45.8488,-66.4788,9223,CA
Perkasie,PA,40.372,-75.292,9216,US
Augusta,KS,37.6955,-96.9919,9216,US
Blanchard,OK,35.1524,-97.6602,9215,US
Plymouth,MI,42.3718,-83.468,9214,US
Elsmere,KY,38.9948,-84.6017,9205,US
Waterford,CA,37.6429,-120.7553,9204,US
Bemiss,GA,30.9318,-83.2386,9201,US
Rio del Mar,CA,36.9607,-121.8807,9201,US
Whitecourt,AB,54.1417,-115.6833,9195,CA
Gretna,NE,41.1314,-96.245,9193,US
Villanova,PA,40.0405,-75.341,9186,US
Memphis,FL,27.5435,-82.5608,9185,US
Irondale,GA,33.4773,-84.3601,9185,US
Olds,AB,51.7928,-114.1067,9184,CA
Washington Terrace,UT,41.1683,-111.9783,9182,US
Bohemia,NY,40.7717,-73.1271,9181,US
Haiku-Pauwela,HI,20.9156,-156.3022,9178,US
Marina del Rey,CA,33.9765,-118.4486,9176,US
Cresskill,NJ,40.9405,-73.9596,9174,US
Des Peres,MO,38.5973,-90.448,9170,US
Absecon,NJ,39.4229,-74.4944,9170,US
Valley Cottage,NY,41.1162,-73.9433,9165,US
Waseca,MN,44.0827,-93.5029,9164,US
Springs,NY,41.0212,-72.1584,9163,US
McFarland,WI,43.0203,-89.2828,9160,US
Ione,CA,38.3613,-120.9422,9156,US
Glens Falls North,NY,43.335,-73.6832,9154,US
Richmond Heights,MO,38.6309,-90.3332,9153,US
South Lockport,NY,43.1366,-78.6855,9144,US
Hawthorn Woods,IL,42.2313,-88.0624,9143,US
Monmouth Junction,NJ,40.3754,-74.5582,9141,US
Glenshaw,PA,40.5391,-79.9735,9139,US
Huron East,ON,43.63,-81.28,9138,CA
Willowbrook,IL,41.7641,-87.9454,9131,US
Oak Grove,MN,45.3409,-93.3264,9130,US
Center Moriches,NY,40.8004,-72.7958,9127,US
Madison Park,NJ,40.4454,-74.2966,9124,US
Middlesborough,KY,36.6127,-83.7227,9123,US
Cabo Rojo,PR,18.0867,-67.1482,9122,US
Whitehouse,TX,32.2222,-95.221,9122,US
Little Falls,MN,45.9862,-94.3586,9121,US
Spring Hill,KS,38.7565,-94.8201,9120,US
Meadowbrook,AL,33.3935,-86.7041,9117,US
Tuscumbia,AL,34.7204,-87.7035,9115,US
Sunset Hills,MO,38.531,-90.4087,9112,US
Helena Valley Southeast,MT,46.6219,-111.8973,9108,US
Mound,MN,44.9328,-93.6591,9107,US
Dayton,MN,45.1906,-93.4758,9095,US
Farmington,AR,36.037,-94.2537,9094,US
Harleysville,PA,40.2792,-75.3873,9090,US
Wesley Chapel,NC,34.9985,-80.6903,9090,US
Aiea,HI,21.3865,-157.9232,9087,US
Bernalillo,NM,35.3127,-106.5537,9086,US
Roxborough Park,CO,39.4492,-105.0746,9085,US
Lynwood,IL,41.5235,-87.551,9083,US
Lapeer,MI,43.0447,-83.3253,9082,US
Lake Park,FL,26.7998,-80.0681,9081,US
Aliquippa,PA,40.6155,-80.2547,9079,US
Village Green-Green Ridge,PA,39.8639,-75.4257,9073,US
Hillcrest,NY,41.1298,-74.035,9071,US
Warrenton,MO,38.8187,-91.1385,9066,US
Clinton,MO,38.3716,-93.7679,9065,US
University of Virginia,VA,38.0405,-78.5164,9065,US
Ecorse,MI,42.2489,-83.1399,9064,US
Williamsburg,FL,28.4014,-81.4462,9063,US
Indianola,MS,33.4492,-90.6447,9062,US
Edgemere,MD,39.2273,-76.459,9061,US
Dayton,TX,30.0315,-94.9158,9058,US
Orange Park,FL,30.1706,-81.7041,9055,US
Panthersville,GA,33.7059,-84.2763,9053,US
Midland,WA,47.1734,-122.412,9050,US
Pearsall,TX,28.8915,-99.0975,9045,US
Litchfield Beach,SC,33.4773,-79.1181,9044,US
Riverside,IL,41.831,-87.8169,9039,US
Mahopac,NY,41.3688,-73.7414,9039,US
Oak Hills Place,LA,30.369,-91.0887,9038,US
San Sebastian,PR,18.3356,-66.9948,9038,US
Montecito,CA,34.4384,-119.6309,9031,US
Rice Lake,WI,45.4864,-91.7447,9030,US
Manteno,IL,41.247,-87.8457,9030,US
Oak Island,NC,33.9434,-78.1366,9030,US
East Grand Forks,MN,47.9286,-97.0138,9028,US
Travis Ranch,TX,32.8015,-96.4775,9025,US
North Merritt Island,FL,28.4585,-80.7162,9025,US
Indian Harbour Beach,FL,28.1529,-80.5976,9025,US
Beckwith,ON,45.0833,-76.0667,9021,CA
Mont Belvieu,TX,29.8518,-94.8775,9020,US
Fair Oaks,GA,33.9193,-84.5445,9014,US
Oak Hills,CA,34.391,-117.4123,9013,US
Tiburon,CA,37.8854,-122.4637,9012,US
Labrador City,NL,52.95,-66.9167,9011,CA
Saline,MI,42.174,-83.778,9006,US
St. Francis,WI,42.9716,-87.873,9004,US
Caldwell,NJ,40.8389,-74.2776,9003,US
Kings Grant,NC,34.2664,-77.8659,9003,US
Greenville,MI,43.1797,-85.2534,8995,US
Fort Lee,VA,37.2357,-77.3325,8993,US
Seneca,SC,34.6818,-82.96,8993,US
Craig,CO,40.5171,-107.5554,8991,US
Newark,NY,43.0418,-77.093,8991,US
Boulder Hill,IL,41.7113,-88.3353,8989,US
Shelburne,ON,44.0833,-80.2,8989,CA
Cleveland,TX,30.3381,-95.0908,8984,US
Millersville,PA,40.0047,-76.3522,8982,US
Stanley,MB,49.1331,-98.0656,8981,CA
Haledon,NJ,40.9363,-74.1887,8980,US
North Weeki Wachee,FL,28.5592,-82.5537,8979,US
Orting,WA,47.0967,-122.2112,8978,US
Taber,AB,49.7847,-112.1508,8978,CA
Cortez,CO,37.3503,-108.5768,8976,US
Rodeo,CA,38.0367,-122.2526,8976,US
Purcellville,VA,39.1378,-77.711,8973,US
Aransas Pass,TX,27.8876,-97.1136,8972,US
Whippany,NJ,40.8233,-74.4184,8970,US
York,SC,34.9967,-81.2341,8969,US
Temple Hills,MD,38.8106,-76.9495,8969,US
Savoy,IL,40.06,-88.2552,8968,US
Rockingham,NC,34.9386,-79.7608,8967,US
Orosi,CA,36.5433,-119.2914,8966,US
Sheffield Lake,OH,41.4883,-82.0979,8966,US
Baxter,MN,46.3426,-94.2793,8966,US
Poteau,OK,35.0282,-94.6346,8959,US
Clanton,AL,32.8444,-86.6233,8958,US
Dunn Loring,VA,38.8945,-77.2315,8957,US
Riverside,CT,41.0318,-73.5827,8954,US
North Kensington,MD,39.0393,-77.0723,8954,US
Benton Harbor,MI,42.1159,-86.4488,8953,US
Donnacona,QC,46.6747,-71.7294,8952,CA
Grants,NM,35.1538,-107.8335,8951,US
Mount Pleasant,IA,40.9625,-91.5452,8951,US
Sanatoga,PA,40.2497,-75.5887,8949,US
Providence,UT,41.7035,-111.8123,8947,US
Timnath,CO,40.5338,-104.9623,8941,US
Gypsum,CO,39.6287,-106.9348,8941,US
Ladue,MO,38.6377,-90.3815,8940,US
Tuskegee,AL,32.4409,-85.7131,8938,US
Helena-West Helena,AR,34.5313,-90.6201,8935,US
Woodmoor,CO,39.1063,-104.8456,8934,US
Lincoln Village,OH,39.9532,-83.1314,8928,US
Chillicothe,MO,39.7953,-93.5499,8923,US
Lancaster,SC,34.7248,-80.7804,8921,US
Bayport,NY,40.7461,-73.0546,8921,US
Clayton,NJ,39.6627,-75.0782,8921,US
Fitzgerald,GA,31.7134,-83.2514,8918,US
Guntersville,AL,34.3671,-86.2637,8916,US
Temperance,MI,41.7653,-83.5755,8914,US
Oxford,NC,36.3155,-78.5848,8914,US
Corman Park No. 344,SK,52.2291,-106.8002,8909,CA
Stonegate,CO,39.5357,-104.8032,8906,US
Harahan,LA,29.9374,-90.2031,8904,US
Miramar Beach,FL,30.3854,-86.3442,8902,US
Montvale,NJ,41.0529,-74.0499,8901,US
Fort Lupton,CO,40.0827,-104.8068,8897,US
Collingdale,PA,39.9151,-75.2776,8897,US
Micco,FL,27.8683,-80.51,8896,US
Milton,WA,47.2524,-122.3153,8894,US
Fair Lakes,VA,38.853,-77.3885,8894,US
Pulaski,VA,37.0528,-80.7624,8893,US
Plymouth,WI,43.7447,-87.966,8890,US
Cusseta,GA,32.347,-84.787,8887,US
Cloverdale,CA,38.7962,-123.0152,8886,US
Topanga,CA,34.0965,-118.6053,8885,US
Seffner,FL,27.9981,-82.2735,8885,US
Murillo,TX,26.2642,-98.1233,8883,US
L'Epiphanie,QC,45.8483,-73.5061,8883,CA
Leisure World,MD,39.1023,-77.0689,8882,US
Altoona,WI,44.8029,-91.4385,8878,US
Collinsville,OK,36.3723,-95.8609,8878,US
Milliken,CO,40.3115,-104.8561,8871,US
Redlands,CO,39.0886,-108.6582,8868,US
Westwood,MI,42.3031,-85.6286,8867,US
Shelby,OH,40.8847,-82.6578,8865,US
West Perth,ON,43.47,-81.2,8865,CA
River Road,OR,44.0833,-123.132,8862,US
Bee Cave,TX,30.3084,-97.9629,8862,US
Signal Mountain,TN,35.1448,-85.3457,8860,US
Paloma Creek South,TX,33.21,-96.9325,8860,US
Fort Valley,GA,32.552,-83.8817,8858,US
Pitman,NJ,39.7335,-75.1306,8856,US
Boonton,NJ,40.9047,-74.4048,8854,US
Wedgefield,FL,28.4847,-81.0809,8851,US
Beaver Falls,PA,40.7619,-80.3226,8850,US
Pleasant Hill,MO,38.8059,-94.2652,8847,US
White Meadow Lake,NJ,40.9241,-74.5107,8842,US
Fort Knox,KY,37.8915,-85.9636,8836,US
Smithfield,VA,36.9755,-76.6152,8834,US
Campbellton,NB,48.005,-66.6731,8833,CA
Fairless Hills,PA,40.1783,-74.8524,8827,US
August,CA,37.9797,-121.2625,8825,US
Thief River Falls,MN,48.1108,-96.1778,8823,US
Harwood Heights,IL,41.9663,-87.8057,8821,US
Good Hope,CA,33.7706,-117.2771,8816,US
Mascoutah,IL,38.5192,-89.8045,8816,US
Bath,ME,43.9346,-69.8346,8815,US
Flanders,NJ,40.8412,-74.7102,8809,US
Mechanicstown,NY,41.4472,-74.3914,8808,US
St. Pete Beach,FL,27.7235,-82.7387,8805,US
Napoleon,OH,41.3977,-84.1244,8802,US
Stevensville,MD,38.9745,-76.3184,8802,US
Hoquiam,WA,46.9863,-123.9022,8800,US
Kulpsville,PA,40.244,-75.3407,8799,US
Franklin,NH,43.4499,-71.6691,8799,US
Hillview,KY,38.0562,-85.6847,8797,US
Othello,WA,46.8221,-119.1653,8795,US
Graham,TX,33.1017,-98.5779,8792,US
Summit,WA,47.1694,-122.3628,8791,US
Bridgewater,NS,44.37,-64.52,8790,CA
Carbondale,PA,41.5714,-75.5048,8789,US
Laughlin,NV,35.1401,-114.6206,8789,US
Claymont,DE,39.8032,-75.4607,8786,US
Country Club Estates,GA,31.2113,-81.4622,8780,US
Livingston,MT,45.6665,-110.5539,8780,US
North Haledon,NJ,40.9628,-74.1844,8778,US
Winslow,AZ,35.0243,-110.7095,8773,US
Highland Park,TX,32.8311,-96.8012,8773,US
Coaldale,AB,49.7333,-112.6167,8771,CA
Anthony,NM,32.0131,-106.5984,8767,US
Andalusia,AL,31.3102,-86.4781,8766,US
Larkfield-Wikiup,CA,38.513,-122.7536,8765,US
Perry Heights,OH,40.7977,-81.468,8756,US
Northwest Harborcreek,PA,42.1494,-79.9945,8753,US
Whitefish,MT,48.4328,-114.359,8749,US
Fruitland Park,FL,28.8599,-81.9177,8740,US
Brownfield,TX,33.1757,-102.273,8738,US
Maysville,KY,38.6455,-83.7911,8737,US
Presque Isle,ME,46.6868,-67.9874,8736,US
Audubon,NJ,39.8906,-75.0722,8730,US
West Athens,CA,33.9235,-118.3033,8726,US
Wharton,TX,29.3177,-96.1022,8724,US
Wyoming,OH,39.2297,-84.4816,8723,US
Toppenish,WA,46.3806,-120.3122,8723,US
Pont-Rouge,QC,46.75,-71.7,8723,CA
Providence Village,TX,33.238,-96.9583,8721,US
Hondo,TX,29.3531,-99.1616,8713,US
Fort Mitchell,KY,39.046,-84.5562,8713,US
Auburn,GA,34.0156,-83.8319,8711,US
Zebulon,NC,35.8329,-78.3158,8711,US
Minnetrista,MN,44.9356,-93.7107,8708,US
Beebe,AR,35.0713,-91.8998,8707,US
Champlain,ON,45.5333,-74.65,8706,CA
Glencoe,IL,42.1347,-87.7641,8701,US
Coaticook,QC,45.1333,-71.8,8698,CA
University of California-Davis,CA,38.5378,-121.7579,8696,US
Mayo,MD,38.9042,-76.5179,8694,US
Meadow Lakes,AK,61.638,-149.608,8689,US
Delavan,WI,42.6282,-88.6323,8689,US
Hampton,GA,33.3774,-84.2969,8687,US
Lake Villa,IL,42.4184,-88.0836,8683,US
Sangaree,SC,33.0327,-80.1253,8681,US
Long Hill,CT,41.2666,-73.2283,8681,US
Pukalani,HI,20.8329,-156.3415,8679,US
Arab,AL,34.3309,-86.4991,8679,US
Park Hills,MO,37.8211,-90.505,8678,US
Folsom,PA,39.8924,-75.3287,8671,US
Hope,AR,33.6682,-93.5895,8671,US
Minto,ON,43.9167,-80.8667,8671,CA
Barberton,WA,45.7136,-122.6115,8668,US
Kalifornsky,AK,60.4417,-151.1972,8663,US
Coffeyville,KS,37.0519,-95.618,8662,US
Cheviot,OH,39.1577,-84.6139,8660,US
Clarendon Hills,IL,41.7981,-87.9568,8659,US
Ellsworth,ME,44.5847,-68.4875,8657,US
Jeannette,PA,40.3277,-79.6139,8657,US
Port Jervis,NY,41.3783,-74.691,8652,US
Liberty,TX,30.0378,-94.7879,8650,US
Cumberland Hill,RI,41.9736,-71.4605,8648,US
Grandview Heights,OH,39.9793,-83.0408,8647,US
Tecumseh,MI,42.0066,-83.945,8646,US
Olivette,MO,38.6724,-90.3786,8645,US
Olmsted Falls,OH,41.3657,-81.9038,8639,US
La Peche,QC,45.6833,-75.9833,8636,CA
Skiatook,OK,36.3699,-95.9856,8632,US
Bryan,OH,41.4706,-84.5483,8631,US
Highland Park,MI,42.4052,-83.0977,8628,US
Park Forest Village,PA,40.7996,-77.9084,8624,US
Plainedge,NY,40.7241,-73.477,8624,US
Highland Heights,OH,41.5518,-81.4691,8623,US
Bainbridge,OH,41.3855,-81.3478,8623,US
Lochbuie,CO,40.0118,-104.7271,8609,US
Scott,LA,30.2398,-92.0948,8609,US
Gilberts,IL,42.1097,-88.3715,8606,US
Closter,NJ,40.9733,-73.9604,8606,US
Fort Riley,KS,39.1064,-96.8117,8606,US
Sallisaw,OK,35.4606,-94.8072,8605,US
Glenwood,IL,41.541,-87.6118,8603,US
Evergreen,CO,39.6349,-105.3356,8602,US
Sutherlin,OR,43.3882,-123.3242,8599,US
Chanute,KS,37.6695,-95.4621,8598,US
North Madison,OH,41.8297,-81.0507,8594,US
Valley Center,KS,37.8332,-97.3646,8590,US
Covington,TN,35.566,-89.6482,8587,US
Rock Falls,IL,41.7724,-89.6928,8587,US
West Long Branch,NJ,40.2883,-74.0185,8586,US
Perryton,TX,36.3928,-100.7976,8585,US
Lely Resort,FL,26.0889,-81.7031,8582,US
Monmouth,IL,40.914,-90.6425,8581,US
Conover,NC,35.7154,-81.2174,8580,US
Jefferson City,TN,36.1201,-83.4829,8579,US
Innsbrook,VA,37.6552,-77.5775,8578,US
Olney,IL,38.7285,-88.0839,8577,US
Old Forge,PA,41.3704,-75.7409,8573,US
Golden Valley,AZ,35.206,-114.2327,8567,US
Guadalupe,CA,34.9609,-120.5735,8566,US
Georgetown,SC,33.3594,-79.2958,8565,US
Shediac,NB,46.2167,-64.5333,8563,CA
Ephrata,WA,47.3122,-119.5341,8560,US
Bondurant,IA,41.6985,-93.4556,8560,US
Dunn,NC,35.3114,-78.6129,8559,US
Corrales,NM,35.2366,-106.6191,8555,US
Joshua,TX,32.458,-97.3849,8550,US
Gering,NE,41.8275,-103.6622,8550,US
Sheboygan Falls,WI,43.729,-87.8266,8547,US
Navasota,TX,30.3873,-96.0901,8542,US
Kaufman,TX,32.5766,-96.3158,8538,US
Oak Grove,MO,39.0075,-94.1282,8538,US
Summit Park,UT,40.7423,-111.5872,8537,US
Perryville,MO,37.7263,-89.8759,8536,US
Payette,ID,44.0788,-116.9255,8536,US
Monona,WI,43.054,-89.3334,8527,US
Duvall,WA,47.7354,-121.9726,8526,US
Hampshire,IL,42.1124,-88.5118,8524,US
Lake Geneva,WI,42.5824,-88.4281,8521,US
Cameron,MO,39.7444,-94.2329,8519,US
Harrisburg,SD,43.4324,-96.7041,8519,US
Edgewater,MD,38.9373,-76.5572,8519,US
Village of Waukesha,WI,42.9601,-88.248,8514,US
Black Mountain,NC,35.6144,-82.3274,8513,US
Cottage Grove,WI,43.0922,-89.2054,8513,US
Hillsboro,TX,32.0093,-97.115,8506,US
Centerville,GA,32.6342,-83.6853,8505,US
Richland Hills,TX,32.8095,-97.2273,8493,US
Gonzales,CA,36.5055,-121.4427,8492,US
McGregor,FL,26.5611,-81.9134,8490,US
Seaford,DE,38.6538,-75.611,8485,US
Hollymead,VA,38.1266,-78.4386,8482,US
Socorro,NM,34.0543,-106.9065,8481,US
Summit View,WA,47.1343,-122.3467,8480,US
Lewistown,PA,40.5964,-77.573,8479,US
Otterburn Park,QC,45.5333,-73.2167,8479,CA
Malverne,NY,40.6746,-73.6721,8477,US
Big Rapids,MI,43.6992,-85.4806,8477,US
Farmingdale,NY,40.7328,-73.4468,8474,US
Houghton,MI,47.1118,-88.5675,8474,US
Cumming,GA,34.2063,-84.1339,8469,US
Sainte-Brigitte-de-Laval,QC,47.0,-71.2,8468,CA
Center Line,MI,42.4805,-83.0274,8463,US
Viola,NY,41.1288,-74.0855,8461,US
Conning Towers Nautilus Park,CT,41.385,-72.0684,8460,US
Northfield,NJ,39.3718,-74.5543,8456,US
Sioux Center,IA,43.0748,-96.1707,8454,US
Derby,CO,39.84,-104.9172,8453,US
Ahuimanu,HI,21.4379,-157.8404,8452,US
Gulf Hills,MS,30.4367,-88.815,8451,US
Brunswick,MD,39.318,-77.6253,8450,US
Fort Belvoir,VA,38.7119,-77.1459,8449,US
Austell,GA,33.8201,-84.6451,8447,US
Lock Haven,PA,41.1365,-77.4521,8447,US
Edgewood,KY,39.0092,-84.5604,8447,US
Sainte-Catherine-de-la-Jacques-Cartier,QC,46.85,-71.6167,8442,CA
Upper Saddle River,NJ,41.0634,-74.0985,8439,US
Selah,WA,46.6481,-120.539,8437,US
Carrollton,VA,36.9382,-76.5238,8436,US
Hastings-on-Hudson,NY,40.9904,-73.8799,8434,US
Prairie View,TX,30.0847,-95.9892,8431,US
Independence,KS,37.2119,-95.7327,8422,US
Fort Irwin,CA,35.2477,-116.6834,8419,US
Swissvale,PA,40.4206,-79.8859,8418,US
South Bruce Peninsula,ON,44.7333,-81.2,8416,CA
Mukwonago,WI,42.857,-88.3269,8415,US
Portugal Cove-St. Philip's,NL,47.6272,-52.8506,8415,CA
Edson,AB,53.5817,-116.4344,8414,CA
Beecher,MI,43.0903,-83.7039,8412,US
Barre,VT,44.1998,-72.5085,8412,US
Miles City,MT,46.4059,-105.8385,8407,US
Orange Beach,AL,30.2942,-87.5849,8407,US
Kenilworth,NJ,40.6781,-74.289,8401,US
Waite Park,MN,45.5313,-94.2528,8399,US
Pleasant Hills,PA,40.3298,-79.9596,8399,US
Plain City,UT,41.3071,-112.0877,8396,US
Kronenwetter,WI,44.8164,-89.5807,8395,US
Lamesa,TX,32.7333,-101.9541,8393,US
Firebaugh,CA,36.8533,-120.4535,8392,US
Blacklick Estates,OH,39.9049,-82.8655,8389,US
La Cresta,CA,35.3972,-118.9892,8389,US
Clinton,OK,35.5069,-98.9706,8388,US
Vega Alta,PR,18.4151,-66.3211,8388,US
Cedar Hills,OR,45.5047,-122.8053,8388,US
Crete,IL,41.4401,-87.6235,8386,US
Twin Rivers,NJ,40.2631,-74.4917,8382,US
Odessa,FL,28.1821,-82.553,8381,US
Senatobia,MS,34.6081,-89.9762,8380,US
Los Altos Hills,CA,37.3669,-122.1387,8377,US
Alondra Park,CA,33.8885,-118.335,8373,US
Stanwood,WA,48.2449,-122.3426,8373,US
St. Francis,MN,45.3991,-93.3901,8372,US
Princeton,IN,38.3553,-87.5784,8372,US
Harrisburg,IL,37.7374,-88.5457,8372,US
Liberty Hill,TX,30.6638,-97.9063,8371,US
Travelers Rest,SC,34.9582,-82.4412,8370,US
Newton,NJ,41.0534,-74.7527,8369,US
Sitka,AK,57.2401,-135.3152,8368,US
Cushing,OK,35.9794,-96.7609,8367,US
Parkville,MO,39.2005,-94.7225,8366,US
Highgrove,CA,34.0106,-117.3098,8366,US
Park City,UT,40.6502,-111.5013,8362,US
Hood River,OR,45.7092,-121.526,8361,US
Winnemucca,NV,40.9645,-117.7247,8361,US
Wading River,NY,40.9464,-72.823,8359,US
Orland,CA,39.7461,-122.1856,8357,US
Elwood,IN,40.2738,-85.8374,8356,US
Runnemede,NJ,39.8522,-75.074,8355,US
Lucas,TX,33.0942,-96.5797,8351,US
Applewood,CO,39.7523,-105.1604,8350,US
Mount Joy,PA,40.1106,-76.5065,8344,US
Orrville,OH,40.848,-81.7743,8343,US
Piedmont,OK,35.6781,-97.7526,8342,US
Eaton,OH,39.7506,-84.6342,8339,US
Carl Junction,MO,37.1668,-94.5469,8339,US
Renfrew,ON,45.4717,-76.6831,8337,CA
Sunnyvale,TX,32.7974,-96.5577,8336,US
Westwego,LA,29.9058,-90.1434,8335,US
Atmore,AL,31.0927,-87.4762,8334,US
Westmere,NY,42.6884,-73.8744,8334,US
Virginia,MN,47.5168,-92.5127,8332,US
Brookhaven,PA,39.8715,-75.3918,8331,US
Abingdon,VA,36.709,-81.9713,8330,US
Farnham,QC,45.2833,-72.9833,8330,CA
Oberlin,OH,41.286,-82.2198,8329,US
Delson,QC,45.37,-73.55,8328,CA
Menominee,MI,45.1221,-87.6234,8326,US
Kenwood,OH,39.2066,-84.375,8326,US
Rhinelander,WI,45.6358,-89.4261,8316,US
Maryville,IL,38.7264,-89.9647,8316,US
White Knoll,SC,33.8902,-81.2391,8310,US
Plympton-Wyoming,ON,43.0167,-82.0833,8308,CA
Long Grove,IL,42.1967,-88.0058,8305,US
Banff,AB,51.1781,-115.5719,8305,CA
Clinton,NC,35.0004,-78.3313,8304,US
St. Marys,OH,40.5476,-84.3926,8301,US
Mantua,VA,38.8526,-77.2571,8298,US
Greenville,RI,41.882,-71.5549,8296,US
Bay Minette,AL,30.893,-87.7912,8295,US
Charlestown,IN,38.427,-85.6677,8294,US
Thompson's Station,TN,35.8106,-86.9003,8294,US
Winooski,VT,44.4948,-73.1846,8293,US
Stayton,OR,44.8034,-122.7984,8292,US
Kapuskasing,ON,49.4167,-82.4333,8292,CA
Los Fresnos,TX,26.075,-97.4875,8291,US
Trinidad,CO,37.1751,-104.4908,8286,US
Montrose,VA,37.52,-77.3772,8285,US
Murphy,MO,38.4922,-90.4856,8285,US
Pulaski,TN,35.1933,-87.035,8285,US
Flushing,MI,43.0637,-83.8403,8284,US
Northlake,TX,33.0809,-97.2548,8283,US
Hatboro,PA,40.1775,-75.1055,8283,US
Fort Stockton,TX,30.8926,-102.8842,8278,US
Paris,IL,39.6148,-87.6903,8276,US
Emmett,ID,43.8693,-116.4916,8275,US
Congers,NY,41.1491,-73.9457,8275,US
Village St. George,LA,30.3598,-91.0672,8273,US
La Malbaie,QC,47.65,-70.15,8271,CA
Camden,SC,34.257,-80.609,8267,US
Denison,IA,42.0162,-95.3528,8260,US
Mystic Island,NJ,39.5659,-74.3831,8259,US
Ave Maria,FL,26.3218,-81.4397,8258,US
Monticello,AR,33.6257,-91.7934,8257,US
Downingtown,PA,40.0076,-75.7019,8255,US
Gettysburg,PA,39.8304,-77.2339,8254,US
Franklin,VA,36.6831,-76.9386,8250,US
Mason,MI,42.5806,-84.4427,8249,US
Ogden,NC,34.2656,-77.7966,8249,US
Price,UT,39.604,-110.8003,8248,US
Corbin,KY,36.9323,-84.1006,8246,US
Mount Rainier,MD,38.9423,-76.9645,8245,US
Milan,TN,35.9126,-88.7554,8244,US
Greenbriar,VA,38.8717,-77.397,8243,US
Savage,MD,39.1485,-76.8228,8239,US
Valley Falls,SC,35.0073,-81.9692,8239,US
Camp Swift,TX,30.1885,-97.2933,8239,US
New Prague,MN,44.5459,-93.5755,8237,US
Oradell,NJ,40.9562,-74.0314,8235,US
Watsessing,NJ,40.7866,-74.2007,8232,US
Boischatel,QC,46.9,-71.15,8231,CA
Springfield,FL,30.1711,-85.609,8230,US
Richfield,UT,38.7613,-112.0931,8224,US
Somers,WI,42.6411,-87.8919,8216,US
Wilmington Manor,DE,39.6858,-75.5849,8214,US
Castle Shannon,PA,40.3664,-80.0194,8209,US
Albertville,MN,45.2364,-93.6618,8207,US
Baltimore Highlands,MD,39.2355,-76.6367,8206,US
Croton-on-Hudson,NY,41.2005,-73.9001,8202,US
Wytheville,VA,36.953,-81.0881,8202,US
West Livingston,TX,30.6957,-95.0097,8199,US
Orono,MN,44.9657,-93.5908,8195,US
Bellevue,OH,41.2745,-82.8403,8187,US
Wilson,PA,40.6844,-75.2407,8183,US
Roxboro,NC,36.3879,-78.9812,8182,US
Scappoose,OR,45.7582,-122.873,8179,US
Baywood,NY,40.7533,-73.2899,8176,US
Spotswood,NJ,40.3949,-74.392,8171,US
Druid Hills,GA,33.7842,-84.3272,8169,US
Camp Hill,PA,40.2422,-76.9274,8169,US
Cuero,TX,29.1023,-97.2871,8165,US
Atco,NJ,39.7682,-74.8618,8164,US
Beauport,QC,46.9667,-71.3,8164,CA
Sequim,WA,48.0746,-123.0945,8161,US
Maplewood,MO,38.6121,-90.324,8156,US
Corning,CA,39.9283,-122.1819,8155,US
Middleborough Center,MA,41.8945,-70.926,8155,US
Hornell,NY,42.3333,-77.6633,8152,US
Santa Clara,UT,37.1312,-113.656,8152,US
Dade City,FL,28.3565,-82.1942,8152,US
Westgate,FL,26.6994,-80.0989,8151,US
Four Corners,MD,39.0235,-77.0102,8150,US
South Kensington,MD,39.0188,-77.0785,8148,US
Dock Junction,GA,31.2031,-81.5155,8147,US
Brook Highland,AL,33.4359,-86.6849,8146,US
Enoch,UT,37.7669,-113.0449,8144,US
Brentwood,MO,38.6194,-90.3475,8144,US
York,NE,40.8701,-97.5928,8141,US
St. Martin,MS,30.44,-88.8652,8139,US
Zorra,ON,43.15,-80.95,8138,CA
Butler,NJ,40.999,-74.3472,8133,US
Mahtomedi,MN,45.0619,-92.966,8133,US
Rolling Hills Estates,CA,33.7783,-118.3509,8131,US
Kitimat,BC,54.0,-128.7,8131,CA
Rawlins,WY,41.7849,-107.2265,8129,US
Parkville,PA,39.7859,-76.9686,8128,US
Bellevue,PA,40.4945,-80.055,8128,US
Berkeley,MO,38.7439,-90.3361,8123,US
Mount Ivy,NY,41.1927,-74.0296,8121,US
Wynne,AR,35.2322,-90.7897,8120,US
Macdonald,MB,49.6725,-97.4472,8120,CA
North Bay Village,FL,25.8487,-80.1535,8118,US
Kirby,TX,29.4614,-98.3855,8117,US
Sky Lake,FL,28.4611,-81.3913,8116,US
South Weber,UT,41.1334,-111.9393,8115,US
Southwood Acres,CT,41.9582,-72.5726,8115,US
Johnstown,NY,43.0073,-74.3755,8111,US
Happy Valley,NL,53.3396,-60.4467,8109,CA
Pea Ridge,AR,36.4495,-94.1218,8108,US
Fletcher,NC,35.4316,-82.5039,8098,US
Port Jefferson,NY,40.9466,-73.0577,8091,US
Wyoming,MN,45.3365,-92.9766,8087,US
Hillside,IL,41.8675,-87.9019,8084,US
Saint-Hippolyte,QC,45.93,-74.02,8083,CA
Wagoner,OK,35.9645,-95.3785,8082,US
Union,SC,34.7235,-81.6248,8079,US
Ketchikan,AK,55.3556,-131.6698,8078,US
Alliance,NE,42.1025,-102.8766,8075,US
Antigo,WI,45.141,-89.1552,8069,US
Interlaken,CA,36.9505,-121.7363,8068,US
Butner,NC,36.1285,-78.7501,8065,US
Dormont,PA,40.3941,-80.0377,8063,US
Wickenburg,AZ,33.9837,-112.7669,8059,US
Sabana Seca,PR,18.4273,-66.1809,8059,US
Oak Brook,IL,41.8373,-87.9516,8056,US
Helena Valley West Central,MT,46.6634,-112.0604,8056,US
Vinton,VA,37.2746,-79.8887,8056,US
Woodfin,NC,35.6457,-82.5915,8048,US
Robinwood,MD,39.6265,-77.663,8042,US
Tuttle,OK,35.3068,-97.7564,8040,US
Dauphin,MB,51.1992,-100.0633,8034,CA
Twin Lakes,CO,39.8229,-105.0036,8030,US
Newport,AR,35.6234,-91.2322,8024,US
Fruitvale,CO,39.0933,-108.4789,8019,US
Church Point,NS,44.3333,-66.1167,8018,CA
Pismo Beach,CA,35.1487,-120.6493,8014,US
Island Lake,IL,42.2782,-88.1999,8014,US
Montpelier,VT,44.2659,-72.5717,8014,US
Commerce,GA,34.2134,-83.4733,8013,US
Harrison,TN,35.1271,-85.1453,8011,US
Wahpeton,ND,46.2722,-96.6118,8010,US
Floresville,TX,29.1451,-98.1651,8007,US
Sunbury,OH,40.2485,-82.8806,8005,US
Jackson,WI,43.3233,-88.1666,8003,US
Hillsdale,MI,41.9267,-84.6356,8002,US
Old Chelsea,QC,45.5,-75.7833,8000,CA
Midway City,CA,33.7452,-117.9849,7999,US
Quincy,WA,47.2344,-119.853,7998,US
Dumbarton,VA,37.613,-77.5066,7997,US
Siler City,NC,35.7251,-79.456,7995,US
Pomona,NJ,39.4688,-74.5502,7995,US
Grand Blanc,MI,42.9258,-83.6181,7987,US
St. Joseph,MI,42.0968,-86.4849,7986,US
Perry,IA,41.8387,-94.0938,7985,US
Lake of the Woods,VA,38.3343,-77.7599,7984,US
Fort Dix,NJ,40.006,-74.6089,7984,US
Drumheller,AB,51.4636,-112.7194,7982,CA
Fern Park,FL,28.6485,-81.3458,7981,US
Kirkland Lake,ON,48.15,-80.0333,7981,CA
Lincolnshire,IL,42.1958,-87.9182,7980,US
Carnegie,PA,40.408,-80.0861,7978,US
Latrobe,PA,40.3125,-79.3825,7977,US
Princeton,IL,41.3807,-89.464,7975,US
Aylmer,ON,42.7667,-80.9833,7975,CA
Rockton,IL,42.4445,-89.0634,7974,US
Cullowhee,NC,35.3097,-83.1816,7973,US
Bermuda Dunes,CA,33.7435,-116.2874,7971,US
Jennings Lodge,OR,45.3927,-122.6152,7971,US
Etowah,NC,35.3061,-82.5902,7968,US
Saint-Apollinaire,QC,46.6167,-71.5167,7968,CA
Oak Grove,KY,36.6686,-87.4216,7962,US
Lexington,TN,35.6618,-88.3944,7962,US
Tuba City,AZ,36.125,-111.2467,7960,US
Silvis,IL,41.4976,-90.4101,7955,US
North Bend,WA,47.49,-121.7741,7953,US
Farr West,UT,41.3015,-112.0318,7952,US
Nibley,UT,41.6726,-111.8461,7952,US
Dayton,NJ,40.3768,-74.5112,7952,US
Mascotte,FL,28.611,-81.9106,7949,US
Woodland Park,CO,38.9985,-105.0594,7949,US
South Beloit,IL,42.4825,-89.026,7946,US
Puslinch,ON,43.45,-80.1667,7944,CA
Glen Ridge,NJ,40.8041,-74.2043,7943,US
Three Rivers,MI,41.947,-85.6281,7943,US
Quincy,FL,30.5661,-84.5858,7942,US
Oak Hill,WV,37.9844,-81.1277,7937,US
Taneytown,MD,39.6569,-77.1683,7932,US
Thompsonville,CT,41.9915,-72.5965,7927,US
Nevada,MO,37.8445,-94.3492,7925,US
Gold River,CA,38.6268,-121.2488,7924,US
Port LaBelle,FL,26.7565,-81.3827,7923,US
South San Gabriel,CA,34.0488,-118.0961,7923,US
Uniontown,OH,40.9635,-81.4062,7920,US
Round Lake Park,IL,42.3309,-88.075,7919,US
Meraux,LA,29.9284,-89.9179,7918,US
Basking Ridge,NJ,40.7061,-74.5568,7917,US
Bernardsville,NJ,40.7268,-74.5918,7916,US
California Polytechnic State University,CA,35.3053,-120.6655,7915,US
Blair,NE,41.5416,-96.1359,7914,US
Garden City Park,NY,40.7435,-73.6639,7914,US
Dunellen,NJ,40.5903,-74.4656,7911,US
Bellwood,VA,37.406,-77.4363,7907,US
West Dundee,IL,42.0981,-88.3066,7906,US
Stuttgart,AR,34.4952,-91.5487,7903,US
Ashland,WI,46.5799,-90.8713,7902,US
Dalhart,TX,36.058,-102.5123,7902,US
Lihue,HI,21.9721,-159.3564,7901,US
Argyle,NS,43.8,-65.85,7899,CA
Brevard,NC,35.2438,-82.7265,7897,US
Broadview,IL,41.8583,-87.8562,7896,US
Tyrone,GA,33.4752,-84.5941,7896,US
Beacon Square,FL,28.2118,-82.7504,7895,US
Dexter,MO,36.7928,-89.9632,7891,US
Clarkston Heights-Vineland,WA,46.377,-117.092,7884,US
Acton,CA,34.4956,-118.1858,7880,US
Whitmore Lake,MI,42.4258,-83.753,7878,US
Lansdowne,MD,39.2365,-76.6659,7876,US
Fort Polk South,LA,31.0512,-93.2159,7869,US
Moundsville,WV,39.9221,-80.7422,7869,US
Newberry,FL,29.6382,-82.6061,7865,US
Old Jefferson,LA,30.3776,-91.006,7860,US
Lake Carmel,NY,41.461,-73.6683,7854,US
South Boston,VA,36.7132,-78.9135,7853,US
Torbay,NL,47.65,-52.7333,7852,CA
Yarmouth,NS,43.8361,-66.1175,7848,CA
Innisfail,AB,52.0333,-113.95,7847,CA
Bonner Springs,KS,39.0817,-94.8776,7839,US
North Star,DE,39.755,-75.7331,7834,US
Pinson,AL,33.7055,-86.6678,7832,US
Brazil,IN,39.5226,-87.124,7831,US
Grove City,PA,41.1572,-80.0894,7830,US
Crestwood Village,NJ,39.9568,-74.3524,7830,US
Nicolet,QC,46.2167,-72.6167,7828,CA
Park City,IL,42.3521,-87.8914,7827,US
Groesbeck,OH,39.229,-84.5959,7824,US
Bull Run,VA,38.8396,-77.4897,7823,US
Rockwood,MB,50.2856,-97.2869,7823,CA
Lake Dallas,TX,33.1279,-97.0234,7822,US
Yreka,CA,41.7291,-122.6312,7820,US
Jersey Village,TX,29.8903,-95.5721,7817,US
Northridge,OH,39.9971,-83.777,7817,US
Winfield,IN,41.4097,-87.2623,7816,US
Ponchatoula,LA,30.4402,-90.4428,7808,US
Grand Ledge,MI,42.7534,-84.7448,7804,US
Fanwood,NJ,40.6417,-74.3857,7799,US
Prairie Grove,AR,35.9858,-94.3049,7798,US
Reserve,LA,30.0741,-90.5557,7791,US
Humboldt,TN,35.8271,-88.9058,7787,US
Campbell,OH,41.0777,-80.5903,7784,US
Ancient Oaks,PA,40.536,-75.5852,7777,US
Farmville,VA,37.2959,-78.4002,7774,US
Drummond/North Elmsley,ON,44.9667,-76.2,7773,CA
Ashland,VA,37.7597,-77.4716,7772,US
Ripon,WI,43.8436,-88.8386,7772,US
Inverness,FL,28.8416,-82.3418,7770,US
Hudsonville,MI,42.8632,-85.8627,7769,US
Webster City,IA,42.4622,-93.8168,7769,US
Breinigsville,PA,40.5394,-75.6347,7769,US
Contrecoeur,QC,45.85,-73.2333,7768,CA
Salida del Sol Estates,TX,26.3257,-98.4469,7766,US
Kill Devil Hills,NC,36.0167,-75.6699,7761,US
Hanover,ON,44.15,-81.0333,7761,CA
Palmyra,PA,40.3099,-76.5943,7755,US
Marble Falls,TX,30.5649,-98.2768,7752,US
Bennettsville,SC,34.6303,-79.6875,7751,US
Dryden,ON,49.7833,-92.8333,7749,CA
Macclenny,FL,30.2809,-82.1253,7748,US
Oak Ridge,NC,36.174,-79.9916,7744,US
Westlake Village,CA,34.1369,-118.822,7743,US
Iqaluit,NU,63.7598,-68.5107,7740,CA
Fort Frances,ON,48.6167,-93.4,7739,CA
Mount Horeb,WI,43.006,-89.7316,7736,US
Jefferson,WI,43.0044,-88.8084,7732,US
Mila Doce,TX,26.223,-97.9601,7731,US
Goderich,ON,43.7333,-81.7,7728,CA
New London,WI,44.3949,-88.7395,7726,US
Bedford,VA,37.336,-79.5179,7724,US
Thousand Palms,CA,33.815,-116.3545,7720,US
La Sarre,QC,48.8,-79.2,7719,CA
Heathcote,NJ,40.3878,-74.578,7717,US
Manhasset,NY,40.7884,-73.6943,7716,US
Bloomingdale,NJ,41.03,-74.3319,7716,US
Baldwinsville,NY,43.1578,-76.3325,7715,US
St. Johns,MI,43.0006,-84.5554,7715,US
Fairlawn,OH,41.1271,-81.6216,7711,US
Arcadia,FL,27.2215,-81.8585,7707,US
Chandler,QC,48.35,-64.6833,7703,CA
Woodlake,CA,36.4122,-119.1,7702,US
Stone Mills,ON,44.45,-76.9167,7702,CA
Ruidoso,NM,33.3646,-105.6434,7699,US
Marshfield,MO,37.3424,-92.9107,7696,US
Boonville,MO,38.9587,-92.7472,7689,US
Hales Corners,WI,42.9409,-88.0491,7689,US
Brighton,MI,42.5298,-83.7848,7688,US
Dry Run,OH,39.1049,-84.3312,7687,US
Indian River Estates,FL,27.3564,-80.2983,7685,US
Bradford,PA,41.9605,-78.6412,7683,US
Waller,WA,47.2035,-122.37,7683,US
Lionville,PA,40.0524,-75.644,7683,US
Eden Isle,LA,30.2268,-89.8043,7683,US
Seward,NE,40.9099,-97.0957,7678,US
Clinton,SC,34.4781,-81.8638,7676,US
Ludington,MI,43.9573,-86.4434,7676,US
Madras,OR,44.6483,-121.139,7676,US
Port Jefferson Station,NY,40.9259,-73.0652,7676,US
Brigantine,NJ,39.4138,-74.3787,7674,US
West Haven-Sylvan,OR,45.5164,-122.7655,7674,US
Park City,KS,37.8101,-97.3256,7673,US
Lampasas,TX,31.064,-98.1824,7671,US
Tolleson,AZ,33.4484,-112.256,7668,US
Sans Souci,SC,34.8901,-82.4241,7665,US
South-West Oxford,ON,42.95,-80.8,7664,CA
Acton Vale,QC,45.65,-72.5667,7664,CA
New Albany,MS,34.4909,-89.0201,7663,US
Kenton,OH,40.6449,-83.6093,7663,US
Georgetown,DE,38.6894,-75.3872,7660,US
Glenside,PA,40.1032,-75.1517,7659,US
Ripley,TN,35.7449,-89.5358,7658,US
Southwest Ranches,FL,26.0476,-80.3751,7656,US
Porters Neck,NC,34.2942,-77.7695,7654,US
Connerton,FL,28.3022,-82.4624,7650,US
Canfield,OH,41.0291,-80.7698,7649,US
Hughson,CA,37.602,-120.866,7648,US
Shorewood,MN,44.9034,-93.5905,7647,US
St. Rose,LA,29.9649,-90.3088,7644,US
Union,KY,38.9469,-84.6729,7642,US
Kenai,AK,60.5619,-151.1985,7641,US
Douro-Dummer,ON,44.45,-78.1,7632,CA
Middletown,PA,40.644,-75.3244,7628,US
Pittston,PA,41.3272,-75.7888,7626,US
Dayton,TN,35.4912,-85.012,7625,US
Wellington,KS,37.2625,-97.426,7615,US
Lamar,CO,38.074,-102.6154,7611,US
Mims,FL,28.6929,-80.8468,7610,US
Shiprock,NM,36.7924,-108.7005,7610,US
Clear Lake,IA,43.1347,-93.374,7607,US
Hubbard,OH,41.1595,-80.5672,7598,US
Saint-Philippe,QC,45.35,-73.47,7597,CA
Ilion,NY,43.0114,-75.0396,7593,US
Great Neck Plaza,NY,40.7869,-73.7262,7593,US
Loughman,FL,28.238,-81.5686,7591,US
McNab/Braeside,ON,45.45,-76.5,7591,CA
Floris,VA,38.9347,-77.4084,7589,US
Chehalis,WA,46.6638,-122.965,7587,US
Homeland,CA,33.7459,-117.1132,7584,US
River Oaks,TX,32.7767,-97.3985,7584,US
Winters,CA,38.532,-121.9781,7583,US
New Cumberland,PA,40.2297,-76.8764,7580,US
Marion,NC,35.6777,-82.0017,7579,US
Ojai,CA,34.4488,-119.2469,7577,US
Central Huron,ON,43.63,-81.57,7576,CA
Swainsboro,GA,32.5866,-82.3345,7571,US
Hewlett,NY,40.6422,-73.6942,7570,US
Rigaud,QC,45.4833,-74.3,7566,CA
Hitchcock,TX,29.2949,-95.03,7563,US
London,KY,37.1175,-84.0767,7561,US
Albion,MI,42.2478,-84.7572,7560,US
Freeland,MI,43.5198,-84.1124,7557,US
Montevallo,AL,33.1246,-86.8477,7556,US
Inwood,FL,28.0391,-81.7677,7556,US
Fort Scott,KS,37.8283,-94.7038,7555,US
Southeast Arcadia,FL,27.1862,-81.8521,7555,US
Wildewood,MD,38.3035,-76.547,7552,US
Mount Sterling,KY,38.0648,-83.9472,7551,US
East Kapolei,HI,21.3633,-158.041,7551,US
Cos Cob,CT,41.0513,-73.5934,7546,US
Waikoloa Village,HI,19.9443,-155.8053,7543,US
Williston Park,NY,40.7587,-73.6465,7542,US
Green,OR,43.1509,-123.3854,7541,US
Berlin,NJ,39.7915,-74.9374,7539,US
Longboat Key,FL,27.3926,-82.6341,7539,US
Pocahontas,AR,36.2635,-90.9706,7538,US
Decorah,IA,43.3012,-91.7839,7535,US
Independence,OH,41.378,-81.6385,7534,US
Ellwood City,PA,40.8619,-80.2829,7532,US
Waikele,HI,21.4025,-158.0058,7528,US
Crete,NE,40.6253,-96.9575,7527,US
Fairwood,MD,38.9565,-76.778,7526,US
Lexington,VA,37.7825,-79.4441,7525,US
Hastings,MI,42.6498,-85.2886,7520,US
Briarcliff Manor,NY,41.14,-73.8438,7519,US
Iron Mountain,MI,45.8275,-88.0599,7518,US
Louiseville,QC,46.25,-72.95,7517,CA
Haddon Heights,NJ,39.8792,-75.0645,7516,US
Fairfax,CA,37.9886,-122.5952,7516,US
Arroyo,PR,17.9706,-66.0598,7516,US
Umatilla,OR,45.9119,-119.3133,7508,US
Tell City,IN,37.9529,-86.7595,7505,US
Wauseon,OH,41.5532,-84.141,7505,US
Oroville East,CA,39.4947,-121.4866,7504,US
Chibougamau,QC,49.9167,-74.3667,7504,CA
Plymouth Meeting,PA,40.1097,-75.2803,7502,US
Breaux Bridge,LA,30.2829,-91.9043,7501,US
Landen,OH,39.3154,-84.2768,7499,US
Hutchins,TX,32.6421,-96.7093,7496,US
Catoosa,OK,36.1834,-95.768,7496,US
Noble,OK,35.1381,-97.3695,7493,US
Alamo Heights,TX,29.4828,-98.4682,7492,US
Basehor,KS,39.1332,-94.9333,7491,US
Pikeville,KY,37.4806,-82.5262,7490,US
Cotati,CA,38.3278,-122.7092,7489,US
Bremen,GA,33.7085,-85.1495,7488,US
Palmyra,NJ,40.0025,-75.036,7485,US
Vernon,WI,42.884,-88.2494,7481,US
Aquia Harbour,VA,38.4598,-77.3806,7481,US
Villa Hills,KY,39.0656,-84.5949,7480,US
Forestbrook,SC,33.7242,-78.9677,7479,US
Pacific,MO,38.4809,-90.754,7475,US
Knoxville,IA,41.3188,-93.1024,7473,US
Coteau-du-Lac,QC,45.3,-74.18,7473,CA
Old Town,ME,44.9491,-68.7249,7470,US
Ritchot,MB,49.6647,-97.1167,7469,CA
White Oak,PA,40.3415,-79.8008,7468,US
Willow Oak,FL,27.9216,-82.0244,7454,US
South Cleveland,TN,35.1096,-84.9097,7452,US
Monahans,TX,31.6289,-103.0403,7452,US
Escalon,CA,37.7912,-120.9982,7451,US
Laurel Hill,VA,38.7026,-77.2422,7450,US
Belen,NM,34.7115,-106.7986,7450,US
Binghamton University,NY,42.0893,-75.9684,7449,US
Inverness Highlands South,FL,28.8007,-82.3371,7449,US
Leola,PA,40.0915,-76.1891,7448,US
Kimberly,WI,44.267,-88.3378,7447,US
Sebastopol,CA,38.4001,-122.8275,7445,US
Jerseyville,IL,39.1176,-90.327,7445,US
Dacula,GA,33.9815,-83.8952,7444,US
Belle Isle,FL,28.4723,-81.3491,7444,US
Eagle,CO,39.6366,-106.8125,7442,US
Wetumpka,AL,32.5406,-86.2053,7437,US
Creston,IA,41.0598,-94.365,7435,US
Lander,WY,42.8312,-108.7599,7432,US
Utuado,PR,18.27,-66.7048,7432,US
West Samoset,FL,27.4702,-82.5552,7429,US
Withamsville,OH,39.0628,-84.2808,7429,US
Decatur,TX,33.2263,-97.5875,7426,US
Kimberley,BC,49.6697,-115.9775,7425,CA
Millsboro,DE,38.5892,-75.3089,7424,US
Belle Plaine,MN,44.6196,-93.7606,7423,US
Hartsville,SC,34.3675,-80.0829,7419,US
Ewa Villages,HI,21.3417,-158.0389,7415,US
Tellico Village,TN,35.6984,-84.2641,7414,US
Savannah,TN,35.221,-88.236,7412,US
Trumann,AR,35.677,-90.5259,7410,US
King,NC,36.2769,-80.3566,7408,US
Cottonwood,CA,40.3903,-122.3156,7408,US
Dripping Springs,TX,30.196,-98.0938,7405,US
Archbald,PA,41.5077,-75.5453,7404,US
Byron Center,MI,42.8121,-85.7279,7403,US
DuBois,PA,41.1223,-78.7565,7402,US
Lakes of the Four Seasons,IN,41.4074,-87.2202,7402,US
Shields,MI,43.4211,-84.0747,7402,US
Sandston,VA,37.512,-77.3149,7399,US
Blandford-Blenheim,ON,43.2333,-80.6,7399,CA
Lecanto,FL,28.8359,-82.488,7398,US
Aurora,MO,36.9673,-93.7184,7397,US
Aubrey,TX,33.2874,-96.9622,7396,US
Bayham,ON,42.7333,-80.7833,7396,CA
Hudson Falls,NY,43.3042,-73.5819,7395,US
Bloomfield,NM,36.7401,-107.9734,7395,US
Bellbrook,OH,39.6383,-84.0864,7394,US
Nyack,NY,41.0919,-73.9143,7393,US
Franklin,CA,37.3275,-120.5321,7392,US
Paradise,CA,39.7558,-121.6063,7392,US
Magalia,CA,39.8228,-121.6078,7389,US
Luquillo,PR,18.3719,-65.7221,7387,US
Batesville,MS,34.3148,-89.9249,7387,US
Caribou,ME,46.8662,-67.992,7382,US
Garnet,CA,33.9179,-116.4796,7382,US
Half Moon,NC,34.8297,-77.4591,7378,US
Pleasantville,NY,41.1377,-73.7828,7371,US
Nebraska City,NE,40.6762,-95.8613,7369,US
St. Louis,MI,43.4082,-84.6118,7367,US
Sappington,MO,38.526,-90.373,7367,US
Forest City,NC,35.3339,-81.8702,7363,US
Scottsburg,IN,38.6853,-85.7831,7362,US
Alta Sierra,CA,39.1237,-121.0523,7361,US
Woodlake,VA,37.4215,-77.6783,7358,US
Blandon,PA,40.4447,-75.8799,7357,US
Makawao,HI,20.848,-156.319,7353,US
Augusta,ON,44.7511,-75.6003,7353,CA
Clewiston,FL,26.7529,-80.9399,7348,US
Richland,MS,32.2309,-90.1591,7346,US
Page,AZ,36.9426,-111.5071,7345,US
Clover Creek,WA,47.1404,-122.3827,7345,US
Crookston,MN,47.7747,-96.6062,7344,US
Stephenville,NL,48.55,-58.5667,7344,CA
Staples,CT,41.1508,-73.3283,7340,US
Charles Town,WV,39.2746,-77.8631,7337,US
Washington,NJ,40.7587,-74.9825,7334,US
Ladera Heights,CA,33.9972,-118.374,7334,US
Kingston,RI,41.4738,-71.5236,7332,US
Obetz,OH,39.8671,-82.9451,7330,US
Gridley,CA,39.3622,-121.6971,7330,US
Kingsland,TX,30.6651,-98.4545,7330,US
Fair Plain,MI,42.0823,-86.4516,7330,US
Northport,NY,40.9038,-73.3447,7322,US
East Shoreham,NY,40.946,-72.8811,7321,US
Cedarhurst,NY,40.6252,-73.7278,7320,US
Wharton,NJ,40.8998,-74.5808,7318,US
Russellville,KY,36.8394,-86.895,7316,US
McCook,NE,40.2046,-100.6216,7314,US
Heber,CA,32.7325,-115.5294,7312,US
Napili-Honokowai,HI,20.9767,-156.6646,7308,US
University Park,IL,41.4461,-87.7154,7306,US
Emerson,NJ,40.9748,-74.024,7305,US
Lincoln,AL,33.5935,-86.1365,7305,US
Ocean Shores,WA,46.9684,-124.152,7302,US
Corcoran,MN,45.1089,-93.5837,7302,US
The Pas,MB,53.825,-101.2533,7302,CA
South Apopka,FL,28.657,-81.5058,7300,US
Dahlonega,GA,34.5311,-83.9804,7299,US
Walled Lake,MI,42.5379,-83.4786,7299,US
Jasper,TX,30.9221,-93.9947,7299,US
Bridge City,LA,29.9321,-90.1594,7297,US
Washington,IA,41.2981,-91.6928,7290,US
Rib Mountain,WI,44.9195,-89.6757,7289,US
Lake Hallie,WI,44.8921,-91.4199,7285,US
Hutchison,VA,38.9636,-77.411,7284,US
Batesville,IN,39.2974,-85.2144,7282,US
Mills River,NC,35.3853,-82.5854,7281,US
Monticello,NY,41.6522,-74.6874,7279,US
Lake Alfred,FL,28.1041,-81.7264,7277,US
Brockport,NY,43.2137,-77.9404,7277,US
Inverness,IL,42.1153,-88.1019,7275,US
Lacy-Lakeview,TX,31.6292,-97.1052,7274,US
La Follette,TN,36.3718,-84.1256,7273,US
St. Marys,ON,43.2583,-81.1333,7271,CA
Riverdale Park,MD,38.9643,-76.9266,7270,US
Flatwoods,KY,38.521,-82.7196,7269,US
Glastonbury Center,CT,41.7016,-72.6002,7266,US
Saint-Remi,QC,45.2667,-73.6167,7265,CA
Scotia,NY,42.8321,-73.9607,7264,US
Ridley Park,PA,39.8785,-75.3251,7261,US
Yorketown,NJ,40.3064,-74.3385,7261,US
East Hills,NY,40.7958,-73.6292,7257,US
Dunbar,WV,38.3688,-81.7345,7254,US
Addis,LA,30.3652,-91.2658,7252,US
North Riverside,IL,41.8461,-87.8263,7249,US
Boyes Hot Springs,CA,38.3126,-122.4888,7247,US
South Haven,IN,41.5438,-87.1367,7241,US
Rumson,NJ,40.3626,-74.0046,7241,US
Salem,IL,38.6279,-88.9591,7236,US
Greenville,IL,38.8867,-89.3894,7235,US
Drayton Valley,AB,53.2222,-114.9769,7235,CA
Clover,SC,35.1125,-81.2202,7234,US
Charles City,IA,43.0646,-92.6745,7232,US
Ponoka,AB,52.6833,-113.5667,7229,CA
Briar,TX,32.9882,-97.5526,7228,US
Fort Pierce North,FL,27.4736,-80.3595,7224,US
Mansfield Center,MA,42.0225,-71.218,7222,US
Glenolden,PA,39.8996,-75.2919,7220,US
Sandwich,IL,41.6497,-88.6179,7219,US
Laurel,MT,45.6735,-108.7707,7215,US
Mammoth Lakes,CA,37.6273,-118.99,7214,US
Earlimart,CA,35.8914,-119.2721,7214,US
Strasburg,VA,38.9961,-78.3549,7214,US
Elkins Park,PA,40.0775,-75.128,7213,US
Isanti,MN,45.4925,-93.2408,7210,US
Sound Beach,NY,40.9578,-72.9725,7210,US
Hiawatha,IA,42.0547,-91.6911,7206,US
Delafield,WI,43.072,-88.3913,7202,US
Kathleen,FL,28.1224,-82.0387,7201,US
Gonzales,TX,29.5126,-97.4472,7200,US
Globe,AZ,33.387,-110.7513,7195,US
Robertsdale,AL,30.5535,-87.7023,7194,US
Seminole,OK,35.2348,-96.6493,7194,US
Seaside,OR,45.9889,-123.9214,7192,US
Clarkston,WA,46.4161,-117.0505,7191,US
Southgate,ON,44.1,-80.5833,7190,CA
Seminole,TX,32.7207,-102.6501,7184,US
Mecca,CA,33.5767,-116.0645,7184,US
Les Cedres,QC,45.3,-74.05,7184,CA
Lockwood,MT,45.8199,-108.4072,7181,US
Balm,FL,27.7542,-82.2882,7181,US
Souderton,PA,40.311,-75.3224,7181,US
Spotsylvania Courthouse,VA,38.1993,-77.5892,7180,US
Grove,OK,36.5928,-94.7877,7176,US
Keyport,NJ,40.4328,-74.2011,7171,US
Neptune Beach,FL,30.3165,-81.4118,7168,US
Greenville,AL,31.8437,-86.638,7163,US
West Miami,FL,25.7578,-80.2969,7162,US
Heber Springs,AR,35.4995,-92.0292,7161,US
Marianna,FL,30.7943,-85.2259,7150,US
Wescosville,PA,40.5617,-75.5489,7148,US
Ormond-by-the-Sea,FL,29.3437,-81.0677,7146,US
Baie-Saint-Paul,QC,47.45,-70.5,7146,CA
Delphos,OH,40.8465,-84.3368,7143,US
Sausalito,CA,37.8581,-122.4933,7141,US
La Junta,CO,37.9791,-103.5471,7140,US
Church Hill,TN,36.5204,-82.7151,7139,US
East Foothills,CA,37.3826,-121.8138,7139,US
Collinsville,VA,36.7215,-79.9122,7139,US
Merritt,BC,50.1128,-120.7897,7139,CA
Bluewater,ON,43.45,-81.6,7136,CA
Rancho Calaveras,CA,38.1248,-120.857,7131,US
Pike Creek,DE,39.7488,-75.695,7129,US
East Zorra-Tavistock,ON,43.2333,-80.7833,7129,CA
Oceano,CA,35.1019,-120.6088,7128,US
Taft,CA,35.1268,-119.4243,7125,US
Brownsburg,QC,45.6703,-74.4467,7122,CA
Broadview Park,FL,26.0978,-80.209,7119,US
Prien,LA,30.1601,-93.2611,7119,US
West Frankfort,IL,37.8997,-88.9301,7118,US
Oakdale,NY,40.7375,-73.1344,7115,US
Whitinsville,MA,42.1146,-71.6688,7115,US
Trinity,NC,35.8756,-80.0093,7111,US
Mentor-on-the-Lake,OH,41.7132,-81.3647,7111,US
Rayne,LA,30.2403,-92.2668,7105,US
Asbestos,QC,45.7667,-71.9333,7096,CA
Fowler,CA,36.6243,-119.6737,7094,US
Otonabee-South Monaghan,ON,44.2333,-78.2333,7087,CA
Sturgis,SD,44.411,-103.4973,7086,US
Chesnut Hill,PA,40.7236,-75.2074,7086,US
Chesterland,OH,41.5269,-81.3545,7086,US
Robinson,IL,39.0089,-87.7333,7084,US
Cortland,OH,41.3319,-80.7195,7080,US
Morrilton,AR,35.1558,-92.7387,7080,US
North Vernon,IN,39.0171,-85.6317,7078,US
Roosevelt,UT,40.2924,-110.0093,7078,US
Barrington,NJ,39.8689,-75.0514,7076,US
Rockville,CT,41.8665,-72.4512,7072,US
St. James,NC,33.9467,-78.1132,7072,US
Fircrest,WA,47.2307,-122.5157,7069,US
Huron-Kinloss,ON,44.05,-81.5333,7069,CA
Perry,FL,30.109,-83.5821,7068,US
"Islamorada, Village of Islands",FL,24.9407,-80.6098,7068,US
Pacific,WA,47.261,-122.2507,7066,US
Pinon Hills,CA,34.4437,-117.6214,7065,US
Waveland,MS,30.293,-89.3905,7062,US
Milltown,NJ,40.4504,-74.4351,7059,US
Fayetteville,TN,35.149,-86.5634,7057,US
Sealy,TX,29.7662,-96.163,7053,US
Darnestown,MD,39.0969,-77.3033,7051,US
Kasson,MN,44.0333,-92.7479,7050,US
North Springfield,VA,38.8023,-77.2027,7050,US
Centerville,SC,34.5257,-82.7161,7049,US
Mountainside,NJ,40.6811,-74.3601,7049,US
Marengo,IL,42.2299,-88.6163,7040,US
Union,OH,39.9103,-84.2901,7037,US
Hampstead,QC,45.4833,-73.6333,7037,CA
Milton-Freewater,OR,45.934,-118.3909,7036,US
Rockland,ME,44.1274,-69.1369,7035,US
Long Branch,VA,38.8302,-77.2713,7034,US
Fort Bragg,CA,39.4399,-123.8013,7032,US
Spring Lake Park,MN,45.1161,-93.2451,7032,US
Saint-Joseph-du-Lac,QC,45.5333,-74.0,7031,CA
South Patrick Shores,FL,28.202,-80.6137,7030,US
Plessisville,QC,46.2167,-71.7833,7028,CA
The Blue Mountains,ON,44.4833,-80.3833,7025,CA
Lake Murray of Richland,SC,34.1209,-81.2653,7023,US
St. Joseph,MN,45.5655,-94.3035,7021,US
University at Buffalo,NY,43.0025,-78.7887,7020,US
Midland Park,NJ,40.9952,-74.141,7019,US
Stratford,NJ,39.829,-75.0156,7018,US
Youngtown,AZ,33.5846,-112.3048,7015,US
Clemson University,SC,34.675,-82.8344,7015,US
Whitewater Region,ON,45.7167,-76.8333,7009,CA
River Rouge,MI,42.2731,-83.1245,7008,US
Bowleys Quarters,MD,39.3198,-76.3856,7006,US
Philadelphia,MS,32.7761,-89.1221,6996,US
Mendota,IL,41.5553,-89.1041,6994,US
Logan,OH,39.5385,-82.4062,6993,US
Atherton,CA,37.454,-122.2031,6993,US
Pea Ridge,WV,38.4155,-82.3195,6988,US
Idabel,OK,33.904,-94.8285,6987,US
Belfast,ME,44.4279,-69.0325,6986,US
Live Oak,FL,30.2957,-82.9847,6985,US
Clinton,IL,40.1468,-88.9633,6985,US
North Patchogue,NY,40.7833,-73.0234,6984,US
Nevada,IA,42.0184,-93.4633,6983,US
Garden Home-Whitford,OR,45.4642,-122.7588,6979,US
Lake Shore,WA,45.6911,-122.6911,6978,US
Belterra,TX,30.1885,-97.9845,6978,US
Silver Lakes,CA,34.7515,-117.343,6977,US
Frostburg,MD,39.6506,-78.9269,6977,US
Winsted,CT,41.9262,-73.0675,6977,US
Rapid Valley,SD,44.0674,-103.1223,6975,US
Roslyn Heights,NY,40.7788,-73.6396,6975,US
Tuckahoe,NY,40.9531,-73.823,6973,US
Greenbrier,TN,36.4243,-86.7975,6971,US
Oneonta,AL,33.9394,-86.4932,6971,US
Medina,MN,45.0326,-93.5834,6968,US
LaFayette,GA,34.7089,-85.2815,6967,US
Richboro,PA,40.2262,-75.0006,6963,US
South Monroe,MI,41.8927,-83.4186,6960,US
Rochester Institute of Technology,NY,43.0827,-77.6715,6959,US
Edwardsburgh/Cardinal,ON,44.8333,-75.5,6959,CA
Manorhaven,NY,40.8399,-73.7127,6958,US
Linglestown,PA,40.3444,-76.7948,6957,US
Unionville,NC,35.0716,-80.5173,6954,US
St. Albans,VT,44.8119,-73.0849,6954,US
San Martin,CA,37.0829,-121.5963,6954,US
Stickney,IL,41.8183,-87.773,6952,US
South Hill,NY,42.4113,-76.4883,6951,US
Junction City,OR,44.2068,-123.2102,6947,US
Orchard Mesa,CO,39.0363,-108.5166,6945,US
Woods Creek,WA,47.8822,-121.8981,6943,US
Delano,MN,45.0384,-93.793,6942,US
Lincroft,NJ,40.3391,-74.1282,6939,US
Taylor Mill,KY,39.0092,-84.4988,6937,US
Old Greenwich,CT,41.0254,-73.5692,6936,US
Harrisville,UT,41.2852,-111.9859,6935,US
Gresham Park,GA,33.7053,-84.3155,6935,US
Yaphank,NY,40.8323,-72.9233,6934,US
Kosciusko,MS,33.0585,-89.5893,6933,US
Sainte-Anne-des-Monts,QC,49.1333,-66.5,6933,CA
Tamaqua,PA,40.8033,-75.9344,6924,US
Hamilton,AL,34.1346,-87.9755,6922,US
Mount Healthy,OH,39.2338,-84.5468,6919,US
Litchfield Park,AZ,33.5024,-112.3588,6916,US
East End,AR,34.5554,-92.3261,6912,US
Burton,SC,32.4232,-80.7456,6912,US
Kirtland,OH,41.5969,-81.3406,6911,US
Demopolis,AL,32.498,-87.8298,6908,US
Ocean City,MD,38.3998,-75.0715,6903,US
Lake Lorraine,FL,30.4407,-86.5657,6903,US
Columbiana,OH,40.8872,-80.6757,6903,US
Natrona Heights,PA,40.6234,-79.7298,6903,US
Swannanoa,NC,35.6009,-82.3917,6901,US
Kentfield,CA,37.9481,-122.5497,6900,US
Huntingdon,PA,40.5,-78.0097,6897,US
Bay Roberts,NL,47.5847,-53.2783,6897,CA
New Canaan,CT,41.142,-73.4905,6896,US
Mead,WA,47.7795,-117.35,6893,US
Contra Costa Centre,CA,37.926,-122.054,6893,US
La Feria,TX,26.1544,-97.8255,6891,US
Notre Dame,IN,41.7014,-86.2378,6890,US
Orlovista,FL,28.5441,-81.4629,6890,US
Ambridge,PA,40.5921,-80.2265,6890,US
Rutherford,PA,40.2696,-76.7678,6890,US
Mira Monte,CA,34.4312,-119.2878,6888,US
Wainfleet,ON,42.925,-79.375,6887,CA
Whitemarsh Island,GA,32.0304,-81.0109,6886,US
Nephi,UT,39.7069,-111.8326,6885,US
Bridgeport,MI,43.3706,-83.8827,6884,US
Newport,TN,35.9617,-83.1976,6881,US
Willis,TX,30.4314,-95.4831,6878,US
Parkwood,WA,47.5266,-122.5986,6873,US
North Stormont,ON,45.2167,-75.0,6873,CA
Morehead,KY,38.1906,-83.4466,6870,US
Alnwick/Haldimand,ON,44.0833,-78.0333,6869,CA
Walden,NY,41.5603,-74.1879,6868,US
Green Hill,TN,36.2349,-86.5733,6866,US
Allendale,NJ,41.0332,-74.1333,6865,US
Benton,IL,38.0109,-88.9179,6863,US
St. Augustine Beach,FL,29.8415,-81.2713,6860,US
San Isidro,PR,18.3921,-65.8844,6860,US
Mexia,TX,31.6809,-96.4833,6859,US
Ben Lomond,CA,37.0782,-122.0881,6858,US
Calumet Park,IL,41.665,-87.6577,6855,US
Hurricane,WV,38.4293,-82.0182,6855,US
Mount Carmel,IL,38.4187,-87.7695,6854,US
Shamokin,PA,40.7881,-76.555,6853,US
Loomis,CA,38.8093,-121.1955,6853,US
Nitro,WV,38.4117,-81.8193,6853,US
Connellsville,PA,40.0161,-79.5893,6849,US
Ambler,PA,40.1564,-75.2215,6847,US
Arlington Heights,PA,41.0041,-75.2112,6847,US
Gateway,AK,61.5668,-149.2417,6845,US
Pinehurst,MA,42.5334,-71.2339,6845,US
Silsbee,TX,30.3456,-94.1764,6842,US
Peace River,AB,56.2339,-117.2897,6842,CA
Forest Glen,MD,39.019,-77.0447,6840,US
Pepper Pike,OH,41.48,-81.462,6840,US
Litchfield,IL,39.1954,-89.63,6834,US
Clifton Heights,PA,39.9301,-75.2958,6832,US
Donaldsonville,LA,30.0954,-90.9925,6831,US
Vine Grove,KY,37.8134,-85.9828,6830,US
South Monrovia Island,CA,34.1234,-117.9958,6830,US
Maize,KS,37.7749,-97.462,6824,US
Satsuma,AL,30.8578,-88.0631,6822,US
Thomson,GA,33.4679,-82.4968,6821,US
Leitchfield,KY,37.4863,-86.2856,6819,US
Eldridge,IA,41.639,-90.5809,6818,US
Selma,NC,35.5406,-78.2932,6817,US
Saint-Lambert-de-Lauzon,QC,46.5865,-71.2271,6817,CA
Nappanee,IN,41.4451,-85.994,6815,US
Lanett,AL,32.8577,-85.2078,6814,US
Elkins,WV,38.9237,-79.8541,6811,US
Stewartville,MN,43.8606,-92.4896,6807,US
Marshall,MI,42.2618,-84.9598,6804,US
Purcell,OK,35.0231,-97.3757,6803,US
Nuevo,CA,33.8011,-117.1414,6803,US
Arran-Elderslie,ON,44.4,-81.2,6803,CA
Chester,IL,37.92,-89.826,6797,US
Valley Park,MO,38.5513,-90.4923,6795,US
Kula,HI,20.7706,-156.3284,6791,US
Green Knoll,NJ,40.6047,-74.6147,6789,US
Parry Sound,ON,45.3333,-80.0333,6788,CA
Tea,SD,43.4564,-96.8257,6786,US
Lackland AFB,TX,29.3866,-98.6179,6785,US
Homeacre-Lyndora,PA,40.8721,-79.9211,6783,US
Norwich,NY,42.5333,-75.5227,6782,US
Monessen,PA,40.1519,-79.8828,6780,US
Lawrence,NY,40.6041,-73.7151,6778,US
Vandenberg Village,CA,34.7111,-120.4622,6776,US
Folcroft,PA,39.8891,-75.277,6772,US
Sturtevant,WI,42.6995,-87.9019,6772,US
Exton,PA,40.0307,-75.6303,6772,US
Jordan,MN,44.6648,-93.6351,6771,US
Heathrow,FL,28.7754,-81.3721,6769,US
Gunnison,CO,38.548,-106.9246,6766,US
Roeland Park,KS,39.0359,-94.6374,6763,US
Atlantic,IA,41.3958,-95.0136,6763,US
Huron,OH,41.3912,-82.5636,6757,US
Aspen,CO,39.1951,-106.8369,6756,US
Latimer,MS,30.4974,-88.8607,6756,US
Ross,IN,41.5267,-87.3748,6751,US
Carolina Beach,NC,34.0396,-77.8966,6745,US
Venus,TX,32.4317,-97.1018,6745,US
Bayville,NY,40.9076,-73.5602,6744,US
Raleigh Hills,OR,45.4851,-122.7567,6744,US
Murphysboro,IL,37.7678,-89.3324,6735,US
Burnet,TX,30.7496,-98.2383,6732,US
Plattsmouth,NE,41.0054,-95.894,6731,US
San Antonio,PR,18.4471,-66.2995,6727,US
Air Force Academy,CO,38.9942,-104.8639,6727,US
Galax,VA,36.666,-80.9176,6726,US
Northgate,OH,39.2533,-84.5941,6723,US
Thermalito,CA,39.4909,-121.615,6720,US
Castroville,CA,36.7649,-121.7534,6720,US
Orland Hills,IL,41.5905,-87.8414,6719,US
West Hattiesburg,MS,31.3114,-89.374,6715,US
South Lebanon,OH,39.3672,-84.2205,6712,US
Val-Shefford,QC,45.35,-72.5667,6711,CA
Opp,AL,31.2848,-86.257,6709,US
Bridgewater,VA,38.3862,-78.9674,6708,US
Strathmore,NJ,40.4018,-74.2194,6708,US
Volo,IL,42.3299,-88.1598,6706,US
Holly Springs,MS,34.7768,-89.4466,6704,US
Brookings,OR,42.0697,-124.3002,6703,US
Boonville,IN,38.0456,-87.2907,6702,US
Oakmont,PA,40.52,-79.8365,6702,US
Wolfforth,TX,33.5147,-102.0067,6701,US
Ellettsville,IN,39.2322,-86.6232,6698,US
Indiantown,FL,27.0376,-80.491,6695,US
North Syracuse,NY,43.1339,-76.1304,6693,US
Marvin,NC,34.9889,-80.8033,6692,US
Keene,TX,32.3955,-97.3226,6691,US
Schriever,LA,29.7333,-90.831,6690,US
Nolanville,TX,31.0754,-97.609,6690,US
Wollochet,WA,47.2828,-122.5768,6689,US
Freeport,FL,30.5039,-86.1391,6689,US
Osceola,AR,35.6942,-89.9934,6688,US
Tappan,NY,41.027,-73.952,6687,US
Steilacoom,WA,47.1703,-122.5933,6686,US
Harrah,OK,35.4786,-97.1873,6684,US
Moapa Valley,NV,36.6078,-114.4566,6684,US
Bonne Terre,MO,37.9209,-90.5425,6683,US
Fox Point,WI,43.1581,-87.9013,6683,US
West St. Paul,MB,50.0119,-97.115,6682,CA
Radisson,NY,43.1824,-76.2988,6676,US
Lynchburg,TN,35.2846,-86.3587,6674,US
Geneseo,IL,41.4509,-90.154,6673,US
Eastwood,MI,42.3027,-85.5447,6669,US
Cherry Valley,CA,33.9797,-116.9694,6668,US
Kingston Estates,NJ,39.9188,-74.9898,6668,US
Ontario,OH,40.771,-82.6104,6667,US
Fruitland,ID,44.0197,-116.922,6663,US
Blakely,PA,41.486,-75.6012,6662,US
Gulf Breeze,FL,30.3684,-87.1737,6660,US
Homestead Meadows South,TX,31.811,-106.1643,6660,US
Normandy Park,WA,47.4342,-122.3436,6659,US
North Caldwell,NJ,40.8629,-74.2576,6656,US
Belpre,OH,39.2815,-81.5972,6654,US
Slave Lake,AB,55.2853,-114.7706,6651,CA
Port-Cartier,QC,50.0333,-66.8667,6651,CA
Franklin Center,NJ,40.5321,-74.5415,6646,US
Byron,MN,44.0378,-92.6409,6646,US
Barrington,NS,43.5646,-65.5639,6646,CA
Lindale,TX,32.4933,-95.4069,6644,US
Maple Glen,PA,40.1778,-75.1793,6643,US
Garrett,IN,41.3527,-85.1237,6642,US
St. Gabriel,LA,30.2536,-91.1013,6639,US
Carbondale,CO,39.3949,-107.2148,6637,US
Wayne,PA,40.0409,-75.3945,6635,US
Rocky Mountain House,AB,52.3753,-114.9217,6635,CA
Columbia,MS,31.2564,-89.8266,6632,US
Homeland Park,SC,34.4644,-82.6593,6632,US
Hapeville,GA,33.6609,-84.4093,6630,US
Stone Mountain,GA,33.8035,-84.1723,6623,US
Ramblewood,NJ,39.9322,-74.9527,6611,US
Flanders,NY,40.8937,-72.6051,6609,US
Carthage,TX,32.1526,-94.3368,6601,US
South Run,VA,38.7467,-77.2754,6600,US
Buena Vista,VA,37.7319,-79.3568,6593,US
Black Jack,MO,38.7993,-90.264,6589,US
Pimmit Hills,VA,38.9105,-77.1991,6589,US
Munford,TN,35.4434,-89.8147,6588,US
Muskoka Falls,ON,45.1264,-79.558,6588,CA
Santa Rita Ranch,TX,30.6642,-97.8328,6586,US
Riverside,MD,39.4784,-76.2398,6585,US
Union Gap,WA,46.5566,-120.4979,6584,US
West Slope,OR,45.4962,-122.773,6582,US
Desert Palms,CA,33.7789,-116.293,6579,US
Schuyler,NE,41.4497,-97.062,6578,US
Iowa Park,TX,33.9622,-98.6819,6578,US
Pratt,KS,37.6765,-98.7451,6577,US
Litchfield,MN,45.1221,-94.5253,6576,US
Lutherville,MD,39.424,-76.6177,6574,US
Jamul,CA,32.7184,-116.8709,6574,US
Cornwall,PE,46.2407,-63.2009,6574,CA
Ward,AR,35.0117,-91.9577,6573,US
Gun Barrel City,TX,32.3277,-96.1286,6570,US
Belle Haven,VA,38.7775,-77.0574,6570,US
Fountainhead-Orchard Hills,MD,39.6878,-77.7173,6567,US
Larchmont,NY,40.9258,-73.7531,6567,US
Saint-Paul,QC,45.9833,-73.45,6566,CA
Silver Lake,NC,34.1409,-77.9089,6563,US
Winthrop Harbor,IL,42.4805,-87.8293,6559,US
Vero Lake Estates,FL,27.7471,-80.5283,6559,US
Upper Sandusky,OH,40.8298,-83.2721,6558,US
Treasure Island,FL,27.774,-82.7663,6553,US
Hobart,WA,47.412,-121.996,6552,US
Swarthmore,PA,39.9023,-75.3488,6550,US
Calipatria,CA,33.1493,-115.5055,6548,US
Lyman,SC,34.9667,-82.1232,6547,US
Zimmerman,MN,45.4416,-93.598,6546,US
Old Bethpage,NY,40.7558,-73.4545,6546,US
Oakdale,LA,30.8158,-92.6542,6546,US
Brier,WA,47.7924,-122.2734,6545,US
Devon,AB,53.3633,-113.7322,6545,CA
High Springs,FL,29.807,-82.5955,6544,US
Solvay,NY,43.0571,-76.2123,6544,US
Catasauqua,PA,40.6531,-75.4643,6541,US
Valley City,ND,46.9222,-98.0055,6541,US
Moraine,OH,39.6983,-84.2458,6536,US
Braddock,VA,38.8308,-77.3565,6536,US
Milton,PA,41.0088,-76.8507,6534,US
Enola,PA,40.2908,-76.9348,6534,US
West View,PA,40.5182,-80.0333,6533,US
DeFuniak Springs,FL,30.7123,-86.1208,6532,US
Sweetwater,TN,35.6029,-84.4716,6532,US
Irvington,NY,41.0349,-73.866,6531,US
Dacono,CO,40.0623,-104.9476,6530,US
Lake Mathews,CA,33.825,-117.3683,6527,US
Hillsboro,OH,39.2123,-83.6113,6527,US
Welcome,SC,34.8203,-82.46,6527,US
St. John,MO,38.7148,-90.3462,6527,US
Red Chute,LA,32.5732,-93.6059,6526,US
Huron,CA,36.2041,-120.0961,6519,US
Red Lion,PA,39.8986,-76.6078,6516,US
Eatonton,GA,33.3258,-83.3886,6515,US
South Valley Stream,NY,40.6558,-73.7185,6512,US
Rincon Valley,AZ,32.1101,-110.6889,6512,US
Lochmoor Waterway Estates,FL,26.6447,-81.9098,6511,US
Bronxville,NY,40.9395,-73.8265,6510,US
Colusa,CA,39.2059,-122.0125,6505,US
Bridgewater Center,NJ,40.6037,-74.6445,6505,US
Powell,WY,44.7958,-108.7681,6503,US
Amory,MS,33.9814,-88.4823,6500,US
Covedale,OH,39.1267,-84.637,6500,US
Lavon,TX,33.0252,-96.4381,6498,US
Milford,OH,39.1699,-84.2811,6497,US
North Scituate,MA,42.2121,-70.7652,6492,US
Salem,IN,38.6047,-86.0976,6489,US
Catalina,AZ,32.4848,-110.8997,6489,US
Finderne,NJ,40.5626,-74.5743,6489,US
Willard,MO,37.2931,-93.4171,6488,US
Milford,MI,42.587,-83.6012,6487,US
Woodland,WA,45.9145,-122.7505,6487,US
Bulverde,TX,29.7744,-98.4364,6486,US
Perth,ON,44.9,-76.25,6486,CA
Watchung,NJ,40.6431,-74.4391,6485,US
New Haven,MI,42.7306,-82.7953,6475,US
Lucas Valley-Marinwood,CA,38.0405,-122.5765,6473,US
Ralston,NE,41.2005,-96.0355,6472,US
Cochituate,MA,42.329,-71.3576,6471,US
Lake Mills,WI,43.0775,-88.9055,6470,US
De Soto,MO,38.141,-90.5609,6470,US
Savannah,TX,33.2257,-96.9081,6469,US
Lakemoor,IL,42.3396,-88.2039,6467,US
Johnson Lane,NV,39.0489,-119.7245,6467,US
Franklin,LA,29.7851,-91.5098,6461,US
Wainwright,AB,52.8333,-110.8667,6461,CA
Elm Grove,WI,43.048,-88.0867,6459,US
Taos,NM,36.3871,-105.5803,6458,US
North Sea,NY,40.933,-72.4047,6458,US
Cynthiana,KY,38.386,-84.2992,6458,US
San Leon,TX,29.4902,-94.9405,6458,US
Chesapeake Beach,MD,38.6881,-76.5448,6456,US
Pecan Plantation,TX,32.3628,-97.6553,6452,US
Abilene,KS,38.923,-97.2252,6449,US
Highland Heights,KY,39.0354,-84.4567,6444,US
Penitas,TX,26.2577,-98.4407,6444,US
Snowflake,AZ,34.5225,-110.0913,6444,US
Gurabo,PR,18.2528,-65.9785,6440,US
Gleneagle,CO,39.0453,-104.8288,6440,US
Wilton,CA,38.413,-121.2127,6433,US
Loudon,TN,35.7414,-84.3701,6432,US
Shannon,QC,46.8833,-71.5167,6432,CA
Adel,IA,41.6101,-94.0124,6430,US
Lebanon,KY,37.5691,-85.2594,6430,US
Orange City,IA,43.0023,-96.0566,6426,US
Tontitown,AR,36.1642,-94.2457,6425,US
Blue Bell,PA,40.1474,-75.2687,6424,US
Douglas,WY,42.7542,-105.3969,6420,US
Sidney,NE,41.1341,-102.9681,6419,US
Sanibel,FL,26.4534,-82.1023,6418,US
Lake Fenton,MI,42.8453,-83.7086,6417,US
Prospect Park,PA,39.8859,-75.3075,6417,US
Portland,IN,40.4376,-84.9833,6416,US
De Soto,KS,38.9688,-94.9549,6414,US
Walkersville,MD,39.4832,-77.3559,6414,US
Henderson,TN,35.4446,-88.6531,6411,US
Hebron,KY,39.0626,-84.709,6407,US
Mays Landing,NJ,39.4506,-74.7098,6406,US
Aptos,CA,36.9912,-121.8934,6404,US
Mount Vernon,IN,37.9364,-87.8958,6400,US
Huntingburg,IN,38.301,-86.9622,6396,US
Belle Mead,NJ,40.4684,-74.6559,6394,US
Wilmer,TX,32.5983,-96.6815,6391,US
Walker,LA,30.4851,-90.8654,6390,US
Johnsburg,IL,42.383,-88.2476,6386,US
Champion Heights,OH,41.3031,-80.8514,6380,US
Moores Mill,AL,34.8491,-86.5222,6378,US
Carlstadt,NJ,40.8247,-74.0613,6378,US
Saint-Honore,QC,48.5333,-71.0833,6376,CA
Beaubassin East / Beaubassin-est,NB,46.1726,-64.3122,6376,CA
Pigeon Forge,TN,35.7977,-83.5623,6375,US
El Rio,CA,34.2453,-119.1568,6368,US
Highland,NY,41.7208,-73.9625,6367,US
Sierra View,PA,41.0006,-75.4455,6365,US
Crockett,TX,31.3177,-95.4564,6364,US
Morrow,GA,33.5815,-84.3391,6364,US
Paoli,PA,40.042,-75.4912,6362,US
Pembroke Park,FL,25.9852,-80.1777,6360,US
Bonnyville,AB,54.2667,-110.75,6359,CA
Massanetta Springs,VA,38.3899,-78.834,6358,US
Inniswold,LA,30.3982,-91.071,6357,US
Village of Oak Creek,AZ,34.7813,-111.7606,6356,US
Crestwood,KY,38.3355,-85.4839,6356,US
Cramahe,ON,44.0833,-77.8833,6355,CA
Cherry Hills Village,CO,39.6375,-104.948,6354,US
Elburn,IL,41.8852,-88.4606,6354,US
Dillon,SC,34.4233,-79.3689,6354,US
Beauceville,QC,46.2,-70.7833,6354,CA
Wailea,HI,20.6873,-156.4291,6352,US
North Middlesex,ON,43.15,-81.6333,6352,CA
West Point,NY,41.3645,-74.0123,6349,US
Edgemoor,DE,39.7547,-75.5069,6349,US
Boiling Spring Lakes,NC,34.0327,-78.0685,6347,US
Glenarden,MD,38.9294,-76.8577,6344,US
Beaupre,QC,47.05,-70.9,6342,CA
Cold Spring,KY,39.013,-84.435,6341,US
Sheridan,OR,45.096,-123.3983,6339,US
North Fort Lewis,WA,47.1222,-122.5962,6337,US
Highlands,TX,29.813,-95.0577,6335,US
Chickasaw,AL,30.7715,-88.0793,6332,US
Tecumseh,OK,35.2639,-96.9337,6332,US
Clyde,OH,41.3044,-82.9781,6331,US
Bridgeport,TX,33.21,-97.7708,6331,US
Huntington Woods,MI,42.4816,-83.1685,6328,US
Warrenton,OR,46.1685,-123.9302,6327,US
Olivarez,TX,26.2285,-97.9931,6326,US
Rossford,OH,41.5812,-83.5682,6323,US
Sterling,AK,60.5405,-150.8089,6323,US
East Flat Rock,NC,35.2802,-82.4171,6323,US
Packanack Lake,NJ,40.9382,-74.2564,6321,US
Prospect Park,NJ,40.938,-74.1736,6319,US
Shrewsbury,MO,38.5866,-90.3282,6316,US
Morris Plains,NJ,40.8356,-74.4786,6315,US
Tanglewilde,WA,47.0512,-122.7809,6314,US
Wheelersburg,OH,38.7383,-82.842,6313,US
Bethel,AK,60.7928,-161.7917,6312,US
Lacombe,LA,30.3141,-89.931,6310,US
Sullivan,MO,38.2129,-91.1637,6310,US
Williamson,AZ,34.7082,-112.5343,6310,US
Twin Lakes,WI,42.519,-88.2484,6309,US
Alvarado,TX,32.4068,-97.2149,6307,US
Slinger,WI,43.3317,-88.2798,6307,US
Branford Center,CT,41.278,-72.8148,6305,US
Prosser,WA,46.2068,-119.7663,6305,US
Monticello,IL,40.0342,-88.5728,6304,US
Charlemagne,QC,45.7167,-73.4833,6302,CA
Yardville,NJ,40.1849,-74.6604,6301,US
Kent,BC,49.2833,-121.75,6300,CA
Steelton,PA,40.2258,-76.8253,6296,US
Clarenville,NL,48.1566,-53.965,6291,CA
Wrightsboro,NC,34.2895,-77.9217,6287,US
Forest Hills,PA,40.4251,-79.8544,6286,US
Waupaca,WI,44.3506,-89.0719,6283,US
Mont-Joli,QC,48.58,-68.18,6281,CA
Pointe-Calumet,QC,45.5,-73.97,6281,CA
Dysart et al,ON,45.2042,-78.4047,6280,CA
Avra Valley,AZ,32.4195,-111.3393,6277,US
Manistee,MI,44.2439,-86.3242,6275,US
Gananda,NY,43.1274,-77.3361,6273,US
Fort Washington,PA,40.1408,-75.1926,6271,US
Palmer,AK,61.5971,-149.1148,6268,US
Roseland,NJ,40.8208,-74.3086,6268,US
Countryside,IL,41.7741,-87.8752,6267,US
Cumberland,IN,39.7843,-85.9458,6267,US
Howland Center,OH,41.2482,-80.7443,6266,US
Taylor,PA,41.3958,-75.7147,6265,US
Gulf Park Estates,MS,30.3802,-88.7581,6264,US
East Moriches,NY,40.8085,-72.7573,6260,US
Thurmont,MD,39.621,-77.4076,6254,US
Talent,OR,42.2404,-122.7807,6254,US
Ville Platte,LA,30.6901,-92.2746,6253,US
Doney Park,AZ,35.2656,-111.519,6253,US
Hampstead,MD,39.6105,-76.8549,6251,US
Paulsboro,NJ,39.84,-75.2397,6248,US
East Falmouth,MA,41.5708,-70.5556,6245,US
Kennett Square,PA,39.8438,-75.7113,6243,US
Angier,NC,35.5116,-78.7402,6241,US
Princeton,KY,37.1068,-87.8853,6241,US
Carver,MN,44.7648,-93.6537,6239,US
White Oak,TX,32.5312,-94.8564,6235,US
Carbonear,NL,47.7375,-53.2294,6235,CA
Joshua Tree,CA,34.1236,-116.3128,6234,US
Jonesborough,TN,36.2959,-82.4766,6232,US
Lauderdale-by-the-Sea,FL,26.1991,-80.0971,6232,US
Jackson,OH,39.0448,-82.6458,6231,US
Gladewater,TX,32.5426,-94.9465,6227,US
Cherryville,NC,35.3844,-81.3781,6226,US
Kingston,TN,35.8713,-84.4959,6224,US
East Rochester,NY,43.1122,-77.4869,6218,US
Rockford,MI,43.1267,-85.5582,6218,US
Rochester,IN,41.0591,-86.1959,6215,US
Fairview,NY,41.7321,-73.9137,6213,US
Brookhaven,WV,39.6062,-79.8812,6212,US
Pollock Pines,CA,38.7575,-120.5921,6212,US
South Williamsport,PA,41.2294,-77.0009,6211,US
Fort Shawnee,OH,40.6814,-84.1487,6209,US
Marion,SC,34.1787,-79.3956,6206,US
Doolittle,TX,26.3597,-98.1167,6203,US
Elsmere,DE,39.7384,-75.5946,6203,US
Ramtown,NJ,40.1145,-74.1492,6203,US
Country Homes,WA,47.7479,-117.4199,6198,US
Simsbury Center,CT,41.8808,-72.8111,6198,US
Wesley Hills,NY,41.1578,-74.0768,6196,US
Oceanport,NJ,40.316,-74.0205,6195,US
West Yarmouth,MA,41.6496,-70.2487,6194,US
Tequesta,FL,26.9618,-80.1011,6193,US
Newtown Grant,PA,40.2619,-74.9481,6193,US
Laurence Harbor,NJ,40.4489,-74.2494,6191,US
Rupert,ID,42.6189,-113.674,6190,US
Willows,CA,39.5149,-122.1995,6190,US
Krum,TX,33.2655,-97.2252,6189,US
Northford,CT,41.3949,-72.7826,6186,US
Torrington,WY,42.0653,-104.1737,6182,US
Ishpeming,MI,46.4862,-87.6658,6181,US
Hope,BC,49.3858,-121.4419,6181,CA
South Lakes,AK,61.5874,-149.316,6180,US
Lemoore Station,CA,36.2633,-119.9048,6175,US
Fairfield Plantation,GA,33.6457,-84.9254,6172,US
Cheshire Village,CT,41.5041,-72.8969,6172,US
Sidney,MT,47.7152,-104.1679,6171,US
Midway,UT,40.5183,-111.4746,6171,US
Mulvane,KS,37.4789,-97.2724,6171,US
Fair Haven,NJ,40.3618,-74.0392,6170,US
Beardstown,IL,39.9993,-90.4178,6169,US
Gilbertsville,PA,40.3219,-75.609,6165,US
Battlefield,MO,37.1194,-93.3683,6165,US
Independence,IA,42.4621,-91.9027,6164,US
Willard,OH,41.0518,-82.7232,6164,US
Crystal City,TX,28.6908,-99.8258,6159,US
Pelican Bay,FL,26.2327,-81.8108,6159,US
Vauxhall,NJ,40.7174,-74.2838,6157,US
Woodcliff Lake,NJ,41.0253,-74.0604,6152,US
Hockinson,WA,45.7302,-122.4833,6150,US
Aztec,NM,36.8225,-107.971,6150,US
Three Oaks,FL,26.4724,-81.7959,6144,US
Jonesboro,GA,33.5211,-84.3548,6143,US
Pontiac,QC,45.5833,-76.1333,6142,CA
Oak View,CA,34.403,-119.299,6141,US
Martins Ferry,OH,40.1014,-80.7253,6140,US
Hempstead,TX,30.1006,-96.0777,6137,US
Tracyton,WA,47.6094,-122.6533,6137,US
Gustine,CA,37.2545,-120.9949,6133,US
Hilmar-Irwin,CA,37.4045,-120.8504,6132,US
Lakehills,TX,29.6237,-98.9448,6130,US
Edgewood,NM,35.1318,-106.2151,6124,US
Wayne,NE,42.2379,-97.0101,6121,US
Barnesville,GA,33.0508,-84.1528,6121,US
Darlington,SC,34.3015,-79.867,6120,US
Eudora,KS,38.9345,-95.0956,6119,US
Hellertown,PA,40.5812,-75.3378,6118,US
Corry,PA,41.9259,-79.6358,6116,US
Sultan,WA,47.871,-121.8043,6116,US
Glendale,MO,38.5935,-90.3826,6114,US
Bangor Base,WA,47.7226,-122.7144,6112,US
Dunlap,IN,41.6346,-85.9235,6109,US
Everman,TX,32.6296,-97.2827,6106,US
Little Silver,NJ,40.3357,-74.0346,6105,US
Dallas,NC,35.3169,-81.183,6104,US
L'Ange-Gardien,QC,45.5833,-75.45,6102,CA
Blaine,WA,48.9839,-122.7414,6100,US
Pass Christian,MS,30.327,-89.2436,6097,US
Cheverly,MD,38.9254,-76.9141,6096,US
Fruitridge Pocket,CA,38.5326,-121.4558,6095,US
Madison,SD,44.0062,-97.1085,6094,US
Campbelltown,PA,40.276,-76.5829,6092,US
Oakhurst,CA,37.3475,-119.6202,6091,US
Harriman,TN,35.9307,-84.5602,6090,US
Gardiner,ME,44.191,-69.7921,6088,US
Hindon Hill,ON,44.9333,-78.7333,6088,CA
Lewistown,MT,47.0514,-109.4524,6087,US
Orangetree,FL,26.2929,-81.5786,6084,US
Sudden Valley,WA,48.7236,-122.3442,6084,US
Churchville,PA,40.1922,-74.9982,6084,US
Rainbow Springs,FL,29.094,-82.4408,6082,US
Grayson Valley,AL,33.6467,-86.6417,6077,US
Elmwood,LA,29.9554,-90.1879,6077,US
Gas City,IN,40.4887,-85.5944,6076,US
La Broquerie,MB,49.3994,-96.5103,6076,CA
Maquoketa,IA,42.059,-90.6649,6075,US
Plaquemine,LA,30.2833,-91.243,6075,US
Offutt AFB,NE,41.1207,-95.9209,6074,US
Centerport,NY,40.8951,-73.3704,6072,US
Penn Wynne,PA,39.9867,-75.2715,6070,US
Harris Hill,NY,42.973,-78.6793,6069,US
Northville,MI,42.4355,-83.489,6069,US
Mocksville,NC,35.9007,-80.5631,6068,US
Braidwood,IL,41.2695,-88.2235,6062,US
Pauls Valley,OK,34.7231,-97.2281,6062,US
De Queen,AR,34.0426,-94.342,6058,US
Wilmore,KY,37.8786,-84.6545,6057,US
Pevely,MO,38.2867,-90.3988,6055,US
Waimanalo,HI,21.3421,-157.7303,6054,US
The Village of Indian Hill,OH,39.1916,-84.3345,6052,US
Briar Chapel,NC,35.8241,-79.1168,6049,US
Crescent City,CA,41.7728,-124.1902,6046,US
Clairton,PA,40.2976,-79.8854,6044,US
Rittman,OH,40.9736,-81.785,6044,US
Tweed,ON,44.6,-77.3333,6044,CA
Nazareth,PA,40.74,-75.3131,6043,US
Blackwell,OK,36.8013,-97.3009,6042,US
Lake Bluff,IL,42.2826,-87.851,6041,US
Santa Teresa,NM,31.8701,-106.6714,6041,US
Watford City,ND,47.8027,-103.2678,6039,US
Polk City,IA,41.7779,-93.7134,6037,US
Rushville,IN,39.6171,-85.4463,6036,US
Oliver Paipoonge,ON,48.39,-89.52,6035,CA
North Hobbs,NM,32.7731,-103.125,6034,US
Solvang,CA,34.5935,-120.1401,6034,US
Puerto Real,PR,18.0767,-67.1858,6032,US
Goddard,KS,37.6652,-97.5617,6030,US
McRae-Helena,GA,32.0636,-82.8968,6030,US
Saint-Felix-de-Valois,QC,46.17,-73.43,6029,CA
Edna,TX,28.9757,-96.6483,6027,US
Raton,NM,36.8849,-104.4396,6026,US
Pontoon Beach,IL,38.7208,-90.0609,6025,US
Fruit Heights,UT,41.0277,-111.9082,6023,US
Dickson City,PA,41.4684,-75.6358,6023,US
Hazardville,CT,41.9921,-72.5344,6022,US
Truth or Consequences,NM,33.1864,-107.2589,6019,US
Greenbrier,AR,35.2289,-92.3836,6018,US
Waterville,OH,41.5015,-83.7367,6017,US
Edgerton,WI,42.8385,-89.0699,6014,US
Alpine,TX,30.364,-103.665,6014,US
Greenwood,MO,38.8508,-94.3377,6013,US
Bellefonte,PA,40.9141,-77.7683,6009,US
Old Tappan,NJ,41.0163,-73.9855,6008,US
Cave Springs,AR,36.2701,-94.2227,6008,US
East Hampton North,NY,40.9728,-72.1892,6006,US
Sheridan,CO,39.6468,-105.0182,6005,US
Stokesdale,NC,36.2318,-79.9834,6004,US
Sharon Hill,PA,39.9075,-75.2679,6002,US
Granville,OH,40.0646,-82.5024,5999,US
Parker,TX,33.0571,-96.6244,5999,US
East Aurora,NY,42.7667,-78.6172,5993,US
Melfort,SK,52.8564,-104.61,5992,CA
Asbury,IA,42.512,-90.7802,5989,US
Erwin,TN,36.1456,-82.4115,5988,US
Salton City,CA,33.2994,-115.9609,5988,US
Lake City,SC,33.8676,-79.7534,5988,US
Milan,MI,42.0816,-83.6854,5987,US
Franklin,PA,41.3936,-79.8425,5984,US
Louisville,MS,33.1224,-89.0553,5983,US
Zephyrhills West,FL,28.2311,-82.2052,5980,US
West Modesto,CA,37.6178,-121.0346,5978,US
Cambria,CA,35.552,-121.0838,5978,US
Daniels Farm,CT,41.2778,-73.2022,5976,US
Moosic,PA,41.3584,-75.7027,5973,US
Avon,CO,39.6442,-106.513,5972,US
Mattydale,NY,43.0992,-76.1388,5971,US
Byron,GA,32.6476,-83.7539,5971,US
Port Clinton,OH,41.5094,-82.9385,5970,US
Tallulah,LA,32.4068,-91.1916,5969,US
Hilton,NY,43.29,-77.7925,5968,US
Holly,MI,42.7987,-83.622,5964,US
Canutillo,TX,31.9185,-106.6006,5962,US
Pine Brook,NJ,40.8676,-74.3438,5961,US
Hamlet,NC,34.8892,-79.7099,5961,US
Crafton,PA,40.4333,-80.0712,5961,US
Black Diamond,WA,47.313,-122.0181,5961,US
Yarmouth Port,MA,41.7091,-70.2225,5961,US
Belding,MI,43.0968,-85.2331,5960,US
Richmond,MO,39.2755,-93.9729,5959,US
Peculiar,MO,38.7306,-94.4735,5958,US
Lucerne Valley,CA,34.4427,-116.9021,5957,US
Manchester,WA,47.5519,-122.5517,5956,US
Harvest,AL,34.8558,-86.752,5955,US
Cameron Park,TX,25.9706,-97.4775,5955,US
Oreland,PA,40.115,-75.1803,5953,US
Van Alstyne,TX,33.4216,-96.5838,5952,US
Stettler,AB,52.3236,-112.7192,5952,CA
Ephraim,UT,39.3563,-111.5845,5949,US
Bensley,VA,37.447,-77.442,5949,US
Ranchettes,WY,41.2186,-104.7729,5949,US
Snyderville,UT,40.7041,-111.5434,5948,US
Niverville,MB,49.6056,-97.0417,5947,CA
Fort Myers Shores,FL,26.7135,-81.7384,5946,US
Somerset,PA,40.0049,-79.0778,5944,US
Happy Valley,CA,40.4662,-122.4207,5944,US
Osprey,FL,27.1914,-82.48,5943,US
Ocean City,FL,30.4398,-86.6071,5941,US
Cottleville,MO,38.7512,-90.6581,5937,US
McMasterville,QC,45.55,-73.2333,5936,CA
Weiser,ID,44.2547,-116.9689,5935,US
Mount Arlington,NJ,40.919,-74.639,5935,US
Douglas,NB,46.2819,-66.942,5935,CA
Norwood,PA,39.8864,-75.2964,5934,US
Saint-Calixte,QC,45.95,-73.85,5934,CA
Lac-Megantic,QC,45.5833,-70.8833,5932,CA
Steele Creek,AK,64.9295,-147.3955,5928,US
Preston,ID,42.0989,-111.8802,5928,US
Tarrant,AL,33.5945,-86.7685,5925,US
Cocoa West,FL,28.3591,-80.7713,5923,US
Manasquan,NJ,40.1186,-74.045,5922,US
Spring Ridge,MD,39.4043,-77.3405,5922,US
Hightstown,NJ,40.2686,-74.5253,5920,US
Rutgers University-Busch Campus,NJ,40.5214,-74.4654,5920,US
Mead,CO,40.2318,-104.9911,5919,US
Spring Grove,IL,42.4545,-88.2399,5917,US
Westport,NC,35.5103,-80.9783,5915,US
West Bountiful,UT,40.8984,-111.9082,5915,US
Portage Lakes,OH,41.0034,-81.5347,5913,US
Bear Valley Springs,CA,35.174,-118.6532,5912,US
Ettrick,VA,37.2435,-77.4287,5910,US
Barbecue,NC,35.336,-79.0386,5910,US
Alma,AR,35.4919,-94.2165,5906,US
Galliano,LA,29.447,-90.3096,5906,US
Montrose-Ghent,OH,41.1538,-81.6437,5903,US
Morganville,NJ,40.3756,-74.2444,5902,US
South Hooksett,NH,43.0331,-71.4254,5902,US
Holdenville,OK,35.0838,-96.4017,5902,US
Temple,GA,33.7342,-85.0289,5901,US
Groveport,OH,39.8586,-82.8978,5900,US
Chillicothe,IL,40.9158,-89.502,5900,US
Chisago City,MN,45.3473,-92.9116,5899,US
Northchase,NC,34.3049,-77.8754,5896,US
Stroudsburg,PA,40.9838,-75.1972,5894,US
Tonganoxie,KS,39.1088,-95.0811,5891,US
District Heights,MD,38.8588,-76.8885,5891,US
Oak Point,TX,33.1795,-96.9907,5887,US
Fort Wright,KY,39.0463,-84.5362,5887,US
Geneva,OH,41.8007,-80.9461,5886,US
Laurel Bay,SC,32.4599,-80.7869,5882,US
Chena Ridge,AK,64.7941,-148.0357,5881,US
Bryn Mawr,PA,40.0208,-75.3161,5880,US
Starke,FL,29.9474,-82.1129,5877,US
Margaret,AL,33.6734,-86.468,5877,US
Homer,AK,59.653,-151.5255,5877,US
West Concord,MA,42.4517,-71.4035,5876,US
Rancho Murieta,CA,38.5085,-121.0716,5875,US
Willow Park,TX,32.7548,-97.6498,5874,US
Walkertown,NC,36.1576,-80.1641,5873,US
Clearfield,PA,41.0216,-78.439,5873,US
Hidden Valley Lake,CA,38.8005,-122.5505,5872,US
Woodstock,VA,38.875,-78.516,5871,US
Media,PA,39.9199,-75.3889,5870,US
Belmar,NJ,40.1798,-74.0255,5869,US
Humboldt,SK,52.2019,-105.1231,5869,CA
Willow Springs,IL,41.7333,-87.8859,5868,US
Eaton,CO,40.5257,-104.713,5867,US
Wake Village,TX,33.4238,-94.127,5867,US
Highland Lakes,AL,33.3973,-86.6495,5866,US
Hudson,NY,42.2515,-73.7859,5865,US
Metropolis,IL,37.1565,-88.7082,5864,US
Zuni Pueblo,NM,35.0693,-108.8558,5864,US
Dundee,FL,28.0115,-81.5995,5863,US
Oakwood,GA,34.2236,-83.8851,5862,US
Salida,CO,38.5298,-105.9979,5861,US
Los Ranchos de Albuquerque,NM,35.1625,-106.6482,5857,US
Petoskey,MI,45.3649,-84.9888,5856,US
Richmond,MI,42.8094,-82.7518,5855,US
Swartz Creek,MI,42.9631,-83.8251,5853,US
Bay Harbor Islands,FL,25.8877,-80.1334,5847,US
Yoakum,TX,29.2934,-97.1468,5846,US
Salamanca,NY,42.1631,-78.7233,5846,US
Estes Park,CO,40.3699,-105.5217,5844,US
Perry,UT,41.4648,-112.0401,5843,US
Josephine,TX,33.0617,-96.3187,5842,US
Bartonville,IL,40.6397,-89.6607,5841,US
Eucalyptus Hills,CA,32.885,-116.9453,5840,US
Locust,NC,35.2688,-80.4369,5840,US
Quantico Base,VA,38.5228,-77.3186,5840,US
Estherville,IA,43.3997,-94.8342,5839,US
Chesterbrook,PA,40.0735,-75.4582,5839,US
Stafford Courthouse,VA,38.4184,-77.4202,5839,US
Millersville,TN,36.3969,-86.7111,5836,US
Rochester,WA,46.8198,-123.0636,5834,US
Childress,TX,34.4293,-100.2516,5834,US
Oelwein,IA,42.6715,-91.9131,5834,US
Camino Tassajara,CA,37.7909,-121.8851,5831,US
Strawberry,CA,37.8925,-122.5078,5830,US
St. Paul,AB,53.9928,-111.2972,5827,CA
Germantown,OH,39.6325,-84.3645,5825,US
Lakeview,NY,40.6775,-73.6493,5825,US
Aledo,TX,32.6974,-97.6069,5825,US
Peoria Heights,IL,40.7466,-89.57,5825,US
Oxford,PA,39.7858,-75.9801,5825,US
Littlefield,TX,33.9192,-102.3348,5822,US
Conley,GA,33.6399,-84.3376,5822,US
Windcrest,TX,29.515,-98.3818,5820,US
Fishhook,AK,61.7199,-149.2621,5819,US
Cidra,PR,18.1776,-66.158,5819,US
Carterville,IL,37.763,-89.0841,5818,US
Dumfries,VA,38.567,-77.3233,5816,US
Saint-Henri,QC,46.7,-71.0667,5813,CA
Pontotoc,MS,34.2531,-89.0091,5806,US
Belleview,FL,29.0608,-82.0565,5805,US
Belle Fourche,SD,44.664,-103.8564,5804,US
Hillsboro,IL,39.1752,-89.4723,5803,US
Maplewood,WA,47.3715,-122.5689,5803,US
Monroeville,AL,31.5162,-87.3279,5802,US
Fruitland,MD,38.3214,-75.6246,5801,US
Buena Vista,MI,43.4176,-83.9005,5798,US
Deschutes River Woods,OR,43.9887,-121.3608,5797,US
Vandalia,IL,38.9754,-89.1117,5796,US
Homestead Meadows North,TX,31.8483,-106.1707,5795,US
Hartford City,IN,40.4537,-85.3736,5794,US
Four Corners,MT,45.6697,-111.1785,5791,US
Peachland,BC,49.7736,-119.7369,5789,CA
Merion Station,PA,40.0035,-75.2501,5788,US
McKees Rocks,PA,40.4688,-80.063,5786,US
Barnhart,MO,38.336,-90.4046,5785,US
McSwain,CA,37.3145,-120.5868,5783,US
Evansville,WI,42.7781,-89.2967,5782,US
New Holland,PA,40.1008,-76.09,5780,US
Brookville,OH,39.8393,-84.4176,5779,US
Attalla,AL,34.005,-86.1039,5775,US
Southgate,FL,27.3066,-82.5107,5772,US
Jamesburg,NJ,40.3493,-74.4399,5770,US
Paola,KS,38.5788,-94.8617,5770,US
Medina,NY,43.2197,-78.3888,5770,US
Plymouth,PA,41.2404,-75.9507,5770,US
Bowie,TX,33.5566,-97.844,5770,US
Houghton Lake,MI,44.3019,-84.7491,5769,US
Golden Triangle,NJ,39.9288,-75.0398,5765,US
Dos Palos,CA,36.9854,-120.6338,5765,US
Poolesville,MD,39.1423,-77.4102,5764,US
McGregor,TX,31.4186,-97.4283,5761,US
Wappingers Falls,NY,41.5984,-73.9181,5761,US
Slaton,TX,33.4421,-101.6476,5761,US
Vercheres,QC,45.7833,-73.35,5759,CA
Battlement Mesa,CO,39.4506,-108.0063,5755,US
Monticello,KY,36.8412,-84.8502,5753,US
Leisure Village,NJ,40.0445,-74.1852,5751,US
Villa Park,CA,33.818,-117.8104,5748,US
Dundee,MI,41.9642,-83.6636,5744,US
Patterson,LA,29.691,-91.3096,5744,US
White City,FL,27.3721,-80.3404,5744,US
Dayton,KY,39.1127,-84.4639,5743,US
Richelieu,QC,45.45,-73.25,5742,CA
Petrolia,ON,42.8833,-82.1417,5742,CA
Jackson,GA,33.292,-83.9679,5741,US
Potomac Mills,VA,38.6554,-77.3,5741,US
Tiffin,IA,41.7064,-91.6583,5737,US
Princeton,WV,37.3689,-81.0961,5736,US
Dowagiac,MI,41.9834,-86.1126,5732,US
Crawfordville,FL,30.1996,-84.3634,5732,US
Blythewood,SC,34.2121,-80.9921,5731,US
Quebradillas,PR,18.4724,-66.935,5731,US
Walton,KY,38.8645,-84.6122,5730,US
Nashville,NC,35.9693,-77.9554,5729,US
Ranson,WV,39.325,-77.8667,5729,US
Lafayette,TN,36.5241,-86.0304,5727,US
Du Quoin,IL,38.0019,-89.2323,5726,US
Norwood,NJ,40.9933,-73.951,5724,US
Southwest Middlesex,ON,42.75,-81.7,5723,CA
Livingston,TX,30.71,-94.9381,5718,US
White Rock,NM,35.8075,-106.2067,5716,US
River Park,FL,27.3214,-80.3308,5714,US
Front of Yonge,ON,44.5333,-75.8667,5710,CA
Shady Hollow,TX,30.1645,-97.8631,5709,US
Jan Phyl Village,FL,28.0201,-81.7933,5708,US
Oliver,BC,49.1844,-119.55,5708,CA
Vegreville,AB,53.4928,-112.0522,5708,CA
Central City,KY,37.2963,-87.128,5707,US
Union Beach,NJ,40.4454,-74.1699,5707,US
Berryville,AR,36.371,-93.5704,5707,US
Washingtonville,NY,41.4297,-74.1577,5707,US
Benton Park,CA,35.3463,-119.0297,5707,US
Hidden Valley,IN,39.1672,-84.8444,5706,US
Milton,WI,42.775,-88.9429,5706,US
Sherwood Manor,CT,42.0101,-72.5667,5706,US
New Whiteland,IN,39.5617,-86.0994,5704,US
Rainsville,AL,34.4938,-85.8436,5702,US
Laie,HI,21.6442,-157.9279,5699,US
Elsa,TX,26.2978,-97.9936,5697,US
Glencoe,MN,44.7699,-94.151,5695,US
Kaser,NY,41.1214,-74.0684,5694,US
Princeville,QC,46.1667,-71.8833,5693,CA
Waterford,WI,42.7645,-88.216,5692,US
Winston,OR,43.1201,-123.4246,5690,US
Kermit,TX,31.854,-103.0924,5689,US
East Alton,IL,38.884,-90.1074,5689,US
Saint-Cesaire,QC,45.4167,-73.0,5686,CA
Moyock,NC,36.5165,-76.1728,5684,US
Fussels Corner,FL,28.0574,-81.861,5682,US
Covington,VA,37.7786,-79.9867,5680,US
Dunlap,TN,35.3675,-85.3899,5678,US
Fulton,MD,39.1516,-76.9163,5677,US
Mount Carmel,PA,40.7959,-76.4119,5677,US
Marion,VA,36.8379,-81.5156,5670,US
White City,UT,40.5666,-111.8636,5669,US
Crosspointe,VA,38.7253,-77.2638,5669,US
Muleshoe,TX,34.2292,-102.7284,5667,US
East Farmingdale,NY,40.7367,-73.4114,5666,US
Zeeland,MI,42.8139,-86.0129,5665,US
Punxsutawney,PA,40.9438,-78.9767,5665,US
Tay Valley,ON,44.8667,-76.3833,5665,CA
Saranap,CA,37.8878,-122.076,5662,US
Mount Zion,IL,39.7793,-88.8834,5660,US
Grafton,OH,41.2809,-82.038,5657,US
East Harwich,MA,41.7081,-70.0339,5654,US
Waynesboro,GA,33.0909,-82.0145,5644,US
Pelham Manor,NY,40.893,-73.8058,5644,US
International Falls,MN,48.5884,-93.4084,5642,US
Philomath,OR,44.5423,-123.3599,5642,US
Lake Holiday,IL,41.6159,-88.6683,5641,US
Adel,GA,31.1264,-83.4229,5641,US
Neshanic Station,NJ,40.5291,-74.7358,5640,US
South Bruce,ON,44.0333,-81.2,5639,CA
Verdigris,OK,36.2536,-95.66,5637,US
Bellevue,KY,39.1012,-84.4775,5636,US
Meridian,CO,39.5458,-104.8533,5634,US
Kings Point,NY,40.8161,-73.7405,5634,US
Finley,WA,46.1697,-119.0447,5634,US
Wyndmoor,PA,40.0856,-75.1941,5633,US
McKenzie,TN,36.1372,-88.5077,5631,US
Surfside,FL,25.8787,-80.125,5631,US
Ashton-Sandy Spring,MD,39.1515,-77.0065,5630,US
Anamosa,IA,42.1091,-91.2758,5629,US
Pleasant Run,OH,39.2927,-84.5757,5629,US
Cape May Court House,NJ,39.0788,-74.8205,5628,US
Semmes,AL,30.7899,-88.2389,5626,US
Palmerton,PA,40.8023,-75.616,5622,US
Creswell,OR,43.9212,-123.016,5621,US
Odessa,MO,38.9988,-93.9666,5620,US
Shippensburg,PA,40.0484,-77.5227,5620,US
Antigonish,NS,45.6167,-61.9833,5620,CA
Eldorado at Santa Fe,NM,35.5273,-105.934,5619,US
Kahaluu,HI,21.4575,-157.8453,5619,US
Calverton,NY,40.9138,-72.766,5618,US
Holtville,CA,32.8129,-115.3779,5617,US
Columbia Falls,MT,48.3708,-114.1902,5615,US
Towaco,NJ,40.9263,-74.3451,5612,US
Hickory Creek,TX,33.1109,-97.0308,5611,US
Pahokee,FL,26.8202,-80.6621,5609,US
Henryetta,OK,35.4417,-95.9864,5608,US
Sandersville,GA,32.9827,-82.8089,5601,US
Rothschild,WI,44.8761,-89.6173,5600,US
Eagleton Village,TN,35.7882,-83.9363,5598,US
Chestertown,MD,39.2182,-76.0714,5594,US
Selinsgrove,PA,40.8003,-76.8646,5593,US
Senoia,GA,33.3082,-84.5546,5589,US
Crowsnest Pass,AB,49.5955,-114.5136,5589,CA
Orchard Homes,MT,46.8559,-114.0778,5588,US
Sunset,UT,41.1392,-112.0285,5587,US
Williams,CA,39.1498,-122.1389,5585,US
St. Clair,MI,42.8262,-82.493,5585,US
Eastman,GA,32.1973,-83.1714,5584,US
Sinton,TX,28.0392,-97.5153,5584,US
Mena,AR,34.5812,-94.2369,5582,US
Somerdale,NJ,39.8455,-75.0218,5581,US
Redcliff,AB,50.0792,-110.7783,5581,CA
Bessemer City,NC,35.284,-81.2828,5580,US
New Castle,DE,39.6681,-75.5697,5579,US
Keyes,CA,37.5573,-120.9114,5577,US
Pawcatuck,CT,41.3774,-71.8492,5577,US
Rensselaer,IN,40.9375,-87.1684,5573,US
Anadarko,OK,35.065,-98.2443,5572,US
New Brighton,PA,40.7355,-80.309,5567,US
Rockwood,TN,35.8692,-84.6731,5566,US
Bigfork,MT,48.0852,-114.0551,5565,US
Shaw Heights,CO,39.8566,-105.0391,5565,US
Berlin,WI,43.9704,-88.9504,5562,US
Hollidaysburg,PA,40.4311,-78.393,5558,US
Val-David,QC,46.03,-74.22,5558,CA
Yabucoa,PR,18.0464,-65.8803,5557,US
Credit River,MN,44.6744,-93.3791,5551,US
Apple Valley,OH,40.4389,-82.3481,5548,US
Emporia,VA,36.6953,-77.5356,5547,US
DeWitt,IA,41.8227,-90.5448,5546,US
Holdrege,NE,40.4394,-99.3773,5546,US
New Carlisle,OH,39.9446,-84.0257,5544,US
West Loch Estate,HI,21.3617,-158.0246,5544,US
Carlisle,OH,39.5807,-84.3201,5543,US
Grosse Pointe,MI,42.3915,-82.9118,5541,US
Exeter,PA,41.3337,-75.8213,5541,US
Hyde Park,UT,41.8008,-111.8121,5540,US
Bright,IN,39.2254,-84.8613,5540,US
Noroton,CT,41.0595,-73.4922,5539,US
Coco,PR,18.0009,-66.2602,5538,US
Trenton,MO,40.0818,-93.603,5536,US
Lake Goodwin,WA,48.1343,-122.2785,5536,US
Luling,TX,29.6814,-97.6468,5531,US
Indian Hills,NV,39.0894,-119.7977,5527,US
Siesta Key,FL,27.2779,-82.5516,5525,US
Rockdale,TX,30.6543,-97.0089,5523,US
Osceola,IA,41.0304,-93.784,5523,US
Greenville,PA,41.4051,-80.3836,5523,US
Monaca,PA,40.6833,-80.2736,5519,US
Fernie,BC,49.5042,-115.0628,5519,CA
Spirit Lake,IA,43.4176,-95.1109,5518,US
Marlin,TX,31.3085,-96.8934,5516,US
Larose,LA,29.5669,-90.3751,5515,US
Windsor,NS,44.9803,-64.1292,5514,CA
Fort Myers Beach,FL,26.4308,-81.9146,5513,US
Las Flores,CA,33.584,-117.6237,5513,US
White Hall,AR,34.2741,-92.1006,5512,US
Red Oak,IA,41.014,-95.225,5510,US
Cicero,IN,40.1246,-86.0242,5509,US
Albion,NY,43.246,-78.1902,5506,US
Glasgow Village,MO,38.7578,-90.1984,5504,US
Old Fig Garden,CA,36.7989,-119.8052,5503,US
Naples Manor,FL,26.0892,-81.7254,5501,US
Layhill,MD,39.0871,-77.0404,5497,US
Monticello,IN,40.7455,-86.7668,5496,US
Smiths Station,AL,32.528,-85.0943,5496,US
Leesville,LA,31.1324,-93.2673,5495,US
Brookshire,TX,29.7824,-95.9514,5495,US
Wilmington,IL,41.3207,-88.164,5494,US
Shillington,PA,40.3029,-75.967,5492,US
The Meadows,FL,27.3647,-82.4716,5492,US
Genoa,IL,42.0926,-88.6964,5492,US
Prairie du Chien,WI,43.0429,-91.1372,5491,US
Pleasure Point,CA,36.9619,-121.9715,5489,US
Sylvester,GA,31.53,-83.8338,5489,US
Columbus,WI,43.3354,-89.03,5488,US
Imperial,MO,38.3673,-90.3705,5488,US
Northfield,IL,42.1025,-87.7791,5487,US
Gardnerville,NV,38.939,-119.7369,5486,US
Carlinville,IL,39.2775,-89.8762,5480,US
Walterboro,SC,32.901,-80.676,5480,US
Okeechobee,FL,27.2413,-80.8298,5479,US
East Pasadena,CA,34.1378,-118.0776,5479,US
La Habra Heights,CA,33.9603,-117.951,5478,US
Rusk,TX,31.7978,-95.1489,5477,US
Ulysses,KS,37.5774,-101.3546,5476,US
Spring Valley,IL,41.3362,-89.2038,5476,US
Douglass Hills,KY,38.2367,-85.5499,5474,US
Sheldon,IA,43.1797,-95.8437,5474,US
New Hempstead,NY,41.1488,-74.0485,5472,US
Mount Carmel,TN,36.562,-82.6618,5472,US
Williamsville,NY,42.9623,-78.7418,5469,US
Lake Mohegan,NY,41.3165,-73.8475,5468,US
Notre-Dame-du-Mont-Carmel,QC,46.4833,-72.65,5467,CA
Macon,MO,39.7426,-92.4711,5466,US
Bonadelle Ranchos,CA,36.9688,-119.8927,5465,US
Dulles Town Center,VA,39.0265,-77.4196,5464,US
Piedmont,SC,34.7074,-82.4651,5462,US
Lake of the Pines,CA,39.0357,-121.059,5461,US
Terryville,CT,41.6784,-73.0064,5461,US
Sainte-Martine,QC,45.25,-73.8,5461,CA
Creston,BC,49.09,-116.51,5459,CA
St. Paul Park,MN,44.8359,-92.9949,5457,US
Marlow Heights,MD,38.8237,-76.9484,5456,US
Otis Orchards-East Farms,WA,47.703,-117.0854,5454,US
Saint-Roch-de-l'Achigan,QC,45.85,-73.6,5453,CA
Wellston,OH,39.1172,-82.5375,5452,US
Crystal Lake,FL,28.0371,-81.9064,5451,US
Cramerton,NC,35.2343,-81.0734,5450,US
Candlewick Lake,IL,42.3525,-88.8694,5448,US
Kodiak,AK,57.7934,-152.4059,5447,US
Justin,TX,33.0882,-97.3041,5447,US
Sussex,NB,45.7167,-65.5167,5447,CA
Country Knolls,NY,42.9085,-73.807,5445,US
West Clarkston-Highland,WA,46.4017,-117.0624,5444,US
Lake Barrington,IL,42.2121,-88.1684,5442,US
Waynesville,MO,37.8201,-92.2202,5442,US
Edinboro,PA,41.8762,-80.1247,5440,US
Marlene Village,OR,45.5173,-122.8199,5439,US
Atlanta,TX,33.1136,-94.1672,5439,US
Thatcher,AZ,32.8323,-109.7595,5439,US
Manchester,MD,39.6585,-76.8881,5439,US
Saint-Pie,QC,45.5,-72.9,5438,CA
Floral City,FL,28.7065,-82.309,5437,US
Chackbay,LA,29.8809,-90.775,5436,US
Walnut Ridge,AR,36.0848,-90.9467,5434,US
Firthcliffe,NY,41.4408,-74.0353,5432,US
Suncook,NH,43.1382,-71.453,5432,US
Glendora,NJ,39.8405,-75.0677,5431,US
Wailua Homesteads,HI,22.065,-159.3771,5431,US
Sayre,PA,41.9856,-76.5207,5431,US
Polson,MT,47.6886,-114.1411,5428,US
Chelsea,MI,42.3132,-84.0188,5426,US
New Burlington,OH,39.2628,-84.5501,5426,US
Ashland City,TN,36.2607,-87.0412,5424,US
Ashfield-Colborne-Wawanosh,ON,43.8667,-81.6,5422,CA
North Windham,ME,43.8233,-70.4293,5417,US
Coraopolis,PA,40.5148,-80.1627,5417,US
Benson,AZ,31.9157,-110.3257,5417,US
Winterset,IA,41.345,-94.0138,5416,US
Cameron,TX,30.8608,-96.9763,5416,US
North Hills,NY,40.7765,-73.6778,5415,US
Stratmoor,CO,38.7731,-104.7786,5412,US
Palm Springs North,FL,25.9351,-80.3339,5410,US
Clementon,NJ,39.8046,-74.985,5410,US
Medina,TN,35.8152,-88.7901,5407,US
Pennside,PA,40.3384,-75.8764,5407,US
Blauvelt,NY,41.0689,-73.9545,5406,US
East Quogue,NY,40.8489,-72.5785,5406,US
Bliss Corner,MA,41.6053,-70.9421,5405,US
Rigby,ID,43.6734,-111.9132,5404,US
Fairport,NY,43.099,-77.4427,5403,US
Schlusser,PA,40.2433,-77.1802,5402,US
Cut Off,LA,29.5164,-90.3291,5398,US
Trent Lakes,ON,44.6667,-78.4333,5397,CA
Sandy Oaks,TX,29.1821,-98.4081,5396,US
Northern Rockies,BC,59.0,-123.75,5393,CA
North Fond du Lac,WI,43.8107,-88.486,5392,US
Sansom Park,TX,32.8027,-97.4021,5392,US
Comstock Northwest,MI,42.3219,-85.518,5391,US
Reminderville,OH,41.3338,-81.4018,5387,US
Colby,KS,39.3848,-101.0452,5387,US
Deer Park,OH,39.2039,-84.3978,5384,US
Lake Wisconsin,WI,43.3739,-89.5858,5384,US
Gananoque,ON,44.33,-76.17,5383,CA
Hollywood,SC,32.752,-80.2118,5382,US
Olyphant,PA,41.4506,-75.5753,5381,US
Todd Creek,CO,39.9797,-104.8734,5379,US
Tyrone,PA,40.6764,-78.246,5377,US
Algona,IA,43.0743,-94.2311,5377,US
Bargaintown,NJ,39.3687,-74.5924,5377,US
Ripley,MS,34.7321,-88.9444,5377,US
Ledgewood,NJ,40.8769,-74.6724,5377,US
Flagler Beach,FL,29.4716,-81.1303,5373,US
Hampton,MD,39.4237,-76.5685,5372,US
Centerville,IA,40.7292,-92.8716,5372,US
Whiskey Creek,FL,26.5733,-81.8903,5371,US
Buckley,WA,47.1615,-122.02,5371,US
Argyle,TX,33.1102,-97.1867,5371,US
West Hills,NY,40.8199,-73.4339,5369,US
Windsor,QC,45.5667,-72.0,5367,CA
Ridge Wood Heights,FL,27.2874,-82.5137,5366,US
Englewood Cliffs,NJ,40.8823,-73.9467,5362,US
Forest,MS,32.3595,-89.4761,5357,US
St. Robert,MO,37.8244,-92.1532,5356,US
Warren,AR,33.6113,-92.0678,5353,US
Clarinda,IA,40.7377,-95.0338,5353,US
Glencoe,AL,33.9447,-85.9322,5353,US
Smithers,BC,54.7819,-127.1681,5351,CA
Tracadie,NB,47.5143,-64.9189,5349,CA
Iola,KS,37.9274,-95.4006,5348,US
Suncrest,WA,47.8297,-117.6056,5345,US
Primera,TX,26.2237,-97.7529,5344,US
Meadow Lake,SK,54.1242,-108.4358,5344,CA
Durham,CA,39.6232,-121.7875,5340,US
Lanark Highlands,ON,45.088,-76.517,5338,CA
Canal Fulton,OH,40.8895,-81.5882,5337,US
Roanoke,AL,33.1453,-85.3694,5336,US
Treasure Lake,PA,41.1677,-78.7187,5336,US
Hampton Manor,NY,42.6197,-73.7288,5334,US
Deale,MD,38.791,-76.5469,5333,US
Waipio Acres,HI,21.4688,-158.0173,5332,US
Pilot Point,TX,33.3949,-96.9497,5332,US
Sackville,NB,45.9,-64.3667,5331,CA
West Salem,WI,43.8989,-91.0882,5330,US
Granite Shoals,TX,30.5894,-98.3671,5328,US
Caruthersville,MO,36.1814,-89.6664,5326,US
Grand Falls,NB,47.0344,-67.7394,5326,CA
El Cerro Mission,NM,34.7688,-106.6447,5323,US
Armstrong,BC,50.4483,-119.1961,5323,CA
Myrtletown,CA,40.7888,-124.1286,5322,US
Salem,NJ,39.5681,-75.4724,5322,US
Pendleton,IN,40.0066,-85.7711,5321,US
Cochrane,ON,49.0667,-81.0167,5321,CA
South Pasadena,FL,27.7526,-82.7394,5320,US
Central,SC,34.7235,-82.7788,5320,US
St. Helena,CA,38.5063,-122.4682,5318,US
Coal City,IL,41.2772,-88.2803,5317,US
La Ronge,SK,55.1,-105.3,5317,CA
Marystown,NL,47.1667,-55.1667,5316,CA
Montevideo,MN,44.9505,-95.7153,5315,US
University,MS,34.3655,-89.5379,5315,US
Moab,UT,38.5701,-109.5478,5312,US
Weldon Spring,MO,38.7119,-90.6513,5310,US
South Gate Ridge,FL,27.2856,-82.497,5310,US
Brush,CO,40.2598,-103.6323,5306,US
Fairview,GA,34.9295,-85.294,5302,US
Highwood,IL,42.206,-87.8128,5301,US
Vinita,OK,36.6375,-95.1725,5300,US
St. Martinville,LA,30.1263,-91.8319,5297,US
Toronto,OH,40.4581,-80.6095,5293,US
Posen,IL,41.629,-87.6859,5292,US
North Westport,MA,41.654,-71.0927,5289,US
Yosemite Lakes,CA,37.1885,-119.7723,5288,US
Smithville,TN,35.9584,-85.8211,5288,US
Grambling,LA,32.5275,-92.7124,5287,US
Johnstown,OH,40.15,-82.6881,5286,US
Lares,PR,18.2964,-66.8836,5286,US
Winchester,IN,40.1719,-84.9764,5284,US
Samoset,FL,27.4764,-82.543,5284,US
The Pinehills,MA,41.8946,-70.5966,5282,US
Pensacola Station,FL,30.3541,-87.305,5281,US
Tipton,IN,40.282,-86.0423,5280,US
Westville,IN,41.5376,-86.9049,5279,US
Reidland,KY,37.0085,-88.5261,5277,US
Pleasant View,TN,36.3893,-87.0455,5276,US
Princeton,MN,45.5688,-93.5899,5274,US
Guadalupe,AZ,33.3665,-111.9633,5272,US
Sioux Lookout,ON,50.1,-91.9167,5272,CA
Center,TX,31.793,-94.1795,5271,US
Williamsburg,KY,36.7393,-84.1647,5270,US
Springfield,MI,42.3246,-85.2371,5269,US
Miami Heights,OH,39.1676,-84.7152,5269,US
Lehighton,PA,40.8306,-75.7165,5268,US
Didsbury,AB,51.6658,-114.1311,5268,CA
Palermo,CA,39.4313,-121.5225,5266,US
Grandwood Park,IL,42.3927,-87.989,5262,US
Linton,IN,39.0354,-87.1577,5260,US
Lewisburg,PA,40.9641,-76.8901,5257,US
Three Points,AZ,32.0596,-111.2866,5254,US
Schuylkill Haven,PA,40.6283,-76.1729,5253,US
Gladstone,MI,45.8521,-87.0358,5253,US
Santa Isabel,PR,17.9691,-66.4051,5252,US
La Crescent,MN,43.83,-91.3042,5251,US
Chardon,OH,41.5798,-81.207,5249,US
Deer Lake,NL,49.1744,-57.4269,5249,CA
Collegeville,PA,40.1873,-75.4581,5247,US
Fox Chapel,PA,40.5247,-79.8898,5246,US
Combee Settlement,FL,28.0597,-81.9051,5242,US
Madisonville,TN,35.5232,-84.363,5241,US
Delhi Hills,OH,39.0871,-84.6177,5241,US
Wright City,MO,38.8341,-91.0399,5240,US
Peppermill Village,MD,38.8939,-76.8878,5238,US
Blakely,GA,31.3827,-84.9228,5238,US
Margate City,NJ,39.3307,-74.507,5234,US
Berlin,MD,38.331,-75.2148,5232,US
El Granada,CA,37.5134,-122.4657,5232,US
Hiram,GA,33.8777,-84.771,5231,US
Brady,TX,31.1322,-99.37,5230,US
Nassau Bay,TX,29.5448,-95.0865,5230,US
Mayville,WI,43.4986,-88.5474,5228,US
Woodstock,NB,46.1522,-67.5983,5228,CA
Whitfield,PA,40.3362,-76.0053,5226,US
Springdale,MD,38.9363,-76.8442,5226,US
Fort Meade,FL,27.7645,-81.8058,5225,US
Tillamook,OR,45.4562,-123.8331,5218,US
Chester,SC,34.7051,-81.2132,5218,US
Pana,IL,39.3829,-89.0642,5217,US
Porter,IN,41.6257,-87.0801,5217,US
Social Circle,GA,33.6505,-83.7116,5217,US
Headland,AL,31.3501,-85.3523,5217,US
Falmouth,VA,38.3319,-77.4655,5216,US
Westvale,NY,43.0399,-76.2176,5212,US
Dorneyville,PA,40.5762,-75.5194,5211,US
Whispering Pines,NC,35.2537,-79.3754,5211,US
Penuelas,PR,18.0595,-66.7206,5208,US
Bristol,WI,42.5377,-88.0151,5207,US
Cortez,FL,27.4668,-82.6688,5205,US
Northwest Harbor,NY,41.0086,-72.2287,5205,US
Rockmart,GA,34.0103,-85.044,5204,US
Veneta,OR,44.0471,-123.3514,5200,US
Berkeley,IL,41.8891,-87.9115,5199,US
West Ocean City,MD,38.3466,-75.1122,5198,US
Las Piedras,PR,18.1787,-65.8711,5198,US
Odenville,AL,33.6978,-86.4228,5197,US
Forked River,NJ,39.8257,-74.1819,5196,US
Northwood,OH,41.6089,-83.4837,5193,US
Silver Hill,MD,38.8392,-76.9367,5193,US
Manchester,IA,42.4854,-91.4557,5191,US
Uhrichsville,OH,40.4005,-81.3515,5189,US
Titusville,PA,41.6273,-79.6699,5189,US
Carle Place,NY,40.7499,-73.6124,5188,US
Daytona Beach Shores,FL,29.1696,-80.9796,5188,US
Lyons,NJ,40.6811,-74.5493,5187,US
Mabank,TX,32.3685,-96.1138,5187,US
Archer Lodge,NC,35.6907,-78.3749,5186,US
Brewton,AL,31.1113,-87.0737,5186,US
Elmsford,NY,41.0541,-73.8143,5186,US
Flin Flon,SK,54.7667,-101.8778,5185,CA
LaBelle,FL,26.7219,-81.4506,5184,US
Helena Valley Northwest,MT,46.7289,-112.0631,5183,US
Eaton Rapids,MI,42.5091,-84.6531,5183,US
Hugo,OK,34.0118,-95.5115,5182,US
Utica,MI,42.629,-83.0218,5180,US
Belvedere,SC,33.537,-81.9424,5180,US
Kensington,CA,37.9083,-122.2805,5179,US
Glennville,GA,31.9379,-81.9305,5179,US
Troy Hills,NJ,40.8483,-74.3993,5179,US
North Oaks,MN,45.1002,-93.0882,5179,US
Lawrenceburg,IN,39.0986,-84.8713,5179,US
West Hazleton,PA,40.9701,-76.0142,5178,US
Bridgeport,PA,40.1042,-75.3437,5174,US
Whiteland,IN,39.5505,-86.0739,5173,US
Mojave,CA,35.0139,-118.1896,5173,US
Allegan,MI,42.5299,-85.8462,5172,US
Sergeant Bluff,IA,42.3978,-96.3517,5171,US
Richlands,VA,37.0878,-81.8081,5171,US
Breckenridge,TX,32.7566,-98.9125,5170,US
Islip Terrace,NY,40.7503,-73.1869,5168,US
Sheridan,AR,34.2996,-92.4223,5165,US
Bangor,PA,40.8678,-75.2085,5163,US
Big Stone Gap,VA,36.8626,-82.7769,5162,US
Chadron,NE,42.826,-103.0025,5160,US
Crooked River Ranch,OR,44.4242,-121.2757,5160,US
Tucumcari,NM,35.17,-103.7046,5160,US
Holtville,AL,32.6314,-86.3268,5158,US
Iroquois Point,HI,21.3218,-157.9803,5158,US
Frankenmuth,MI,43.3322,-83.7391,5157,US
Alexandria,IN,40.263,-85.6737,5155,US
Cherokee,IA,42.7499,-95.5529,5154,US
Gray,LA,29.678,-90.7831,5154,US
Estacada,OR,45.2986,-122.3337,5152,US
Giddings,TX,30.1833,-96.9279,5151,US
Ayden,NC,35.4693,-77.4167,5150,US
Kahaluu-Keauhou,HI,19.5669,-155.9533,5150,US
Duquesne,PA,40.3732,-79.8502,5149,US
River Ridge,FL,28.2669,-82.6257,5149,US
Bolivar,TN,35.2645,-89.0118,5144,US
Glenwood,IA,41.0446,-95.7406,5144,US
Heeia,HI,21.4205,-157.8205,5144,US
Windsor Heights,IA,41.6045,-93.7128,5143,US
Colona,IL,41.4678,-90.3446,5139,US
Spring House,PA,40.185,-75.2267,5137,US
Guanica,PR,17.9698,-66.9309,5136,US
Goshen,CA,36.3493,-119.4206,5136,US
Tallassee,AL,32.5315,-85.8903,5134,US
New Martinsville,WV,39.6635,-80.8569,5133,US
Ellenton,FL,27.5269,-82.5258,5133,US
Wildwood,NJ,38.9881,-74.8195,5130,US
Morris,MN,45.5857,-95.9046,5128,US
Woodside,CA,37.4221,-122.2586,5126,US
Lone Grove,OK,34.1809,-97.2559,5125,US
Shanor-Northvue,PA,40.9104,-79.9157,5125,US
Kingsford,MI,45.8061,-88.0995,5124,US
Camilla,GA,31.2337,-84.2088,5124,US
Mechanicville,NY,42.9036,-73.6894,5124,US
Naples Park,FL,26.2633,-81.8094,5122,US
Brokenhead,MB,50.1428,-96.5319,5122,CA
Cresaptown,MD,39.5944,-78.8356,5121,US
Beach Haven West,NJ,39.6703,-74.2338,5120,US
Burton,NB,45.8009,-66.4066,5119,CA
Birdsboro,PA,40.2619,-75.8099,5116,US
Buckhannon,WV,38.9927,-80.2281,5116,US
Citrus Park,AZ,33.53,-112.4441,5115,US
Montreal-Ouest,QC,45.4536,-73.6472,5115,CA
Lakeport,CA,39.0392,-122.9218,5113,US
Williamston,NC,35.8465,-77.0661,5112,US
Calistoga,CA,38.5818,-122.5824,5111,US
Port Isabel,TX,26.054,-97.2505,5111,US
Kimberly,ID,42.5342,-114.3699,5111,US
Monee,IL,41.4181,-87.7502,5108,US
Spallumcheen,BC,50.4462,-119.2121,5106,CA
Hudson,TX,31.3287,-94.8014,5104,US
South Bay,FL,26.677,-80.7265,5102,US
Hamilton,MT,46.2527,-114.1598,5101,US
Westlock,AB,54.1522,-113.8511,5101,CA
South Brooksville,FL,28.5243,-82.4159,5099,US
East Freehold,NJ,40.2718,-74.2425,5096,US
Temiscouata-sur-le-Lac,QC,47.68,-68.88,5096,CA
Louisburg,KS,38.6202,-94.677,5094,US
Shelley,ID,43.3795,-112.1261,5092,US
West York,PA,39.9534,-76.761,5092,US
Cave Creek,AZ,33.8513,-111.9801,5091,US
Nellis AFB,NV,36.2466,-115.0571,5087,US
Falcon Heights,MN,44.9899,-93.177,5085,US
Osoyoos,BC,49.0325,-119.4661,5085,CA
Duryea,PA,41.3533,-75.7757,5084,US
Saint Marys,NB,46.1748,-66.4897,5084,CA
Kanab,UT,37.0262,-112.5219,5081,US
Springville,AL,33.7643,-86.4742,5081,US
East Merrimack,NH,42.8692,-71.4819,5081,US
Winona Lake,IN,41.2166,-85.8105,5080,US
Vancleave,MS,30.5483,-88.6675,5078,US
Kenmar,PA,41.2547,-76.955,5077,US
Davison,MI,43.0318,-83.5187,5076,US
Buellton,CA,34.6152,-120.1943,5074,US
Clarks Summit,PA,41.4902,-75.7065,5073,US
King City,OR,45.4012,-122.8069,5073,US
Twin Lakes,CA,36.9646,-121.9896,5073,US
Herculaneum,MO,38.2579,-90.3948,5071,US
Terrell Hills,TX,29.4771,-98.4472,5070,US
Hearst,ON,49.6869,-83.6544,5070,CA
Redwood Falls,MN,44.547,-95.1031,5068,US
Mineola,TX,32.6462,-95.4774,5068,US
Wrightwood,CA,34.3495,-117.63,5067,US
Metchosin,BC,48.3819,-123.5378,5067,CA
Orange,VA,38.2485,-78.1129,5066,US
New Freedom,PA,39.7353,-76.6967,5066,US
East Porterville,CA,36.0581,-118.9749,5066,US
Hillandale,MD,39.0249,-76.9737,5060,US
Pleasant Garden,NC,35.9595,-79.76,5060,US
Silver Springs,NV,39.3826,-119.2148,5060,US
Wolfville,NS,45.0833,-64.3667,5057,CA
Country Lake Estates,NJ,39.9486,-74.5409,5055,US
Connell,WA,46.6622,-118.8405,5054,US
Savannah,MO,39.9391,-94.8279,5053,US
Breslau,ON,43.4816,-80.408,5053,CA
Tichigan,WI,42.8087,-88.215,5052,US
West Pleasant View,CO,39.732,-105.1785,5051,US
Jackson,CA,38.3485,-120.7728,5048,US
Swoyersville,PA,41.2977,-75.8799,5048,US
Cherokee Village,AR,36.2959,-91.5696,5046,US
Stonewall,MB,50.1344,-97.3261,5046,CA
Midfield,AL,33.4553,-86.9224,5045,US
Mayfair,CA,36.7694,-119.7612,5044,US
Sawmills,NC,35.8165,-81.4781,5042,US
Dodgeville,WI,42.966,-90.1297,5042,US
Big Bear Lake,CA,34.2429,-116.8951,5041,US
Iowa Falls,IA,42.519,-93.2662,5038,US
Union Grove,WI,42.6864,-88.0496,5036,US
Omak,WA,48.4229,-119.5159,5036,US
Milan,IL,41.4415,-90.5593,5034,US
Lake City,MN,44.4453,-92.2796,5034,US
Becker,MN,45.3824,-93.8772,5034,US
Bealeton,VA,38.5822,-77.7781,5034,US
Hoopeston,IL,40.4608,-87.6635,5034,US
Sea Cliff,NY,40.8441,-73.6442,5033,US
Ampere North,NJ,40.7758,-74.1918,5029,US
Memramcook,NB,46.0,-64.55,5029,CA
Fort Pierce South,FL,27.4098,-80.3539,5028,US
Manheim,PA,40.163,-76.3964,5027,US
Ballston Spa,NY,43.0068,-73.8525,5027,US
Sainte-Anne-de-Bellevue,QC,45.4039,-73.9525,5027,CA
Kingfisher,OK,35.8444,-97.9386,5026,US
Gilmer,TX,32.7318,-94.9461,5025,US
South Barrington,IL,42.0881,-88.158,5021,US
Abingdon,MD,39.4629,-76.2754,5019,US
Pinckneyville,IL,38.0851,-89.3717,5018,US
Beckett,NJ,39.7559,-75.3569,5017,US
Carolina Shores,NC,33.9077,-78.574,5017,US
Concordia,KS,39.5669,-97.6467,5015,US
Stirling-Rawdon,ON,44.3667,-77.5917,5015,CA
Middletown,MD,39.4415,-77.5347,5014,US
Kenneth City,FL,27.8156,-82.7162,5012,US
Long View,NC,35.7217,-81.3857,5011,US
Vandergrift,PA,40.5994,-79.5746,5011,US
Ste. Genevieve,MO,37.9755,-90.0477,5010,US
Hazard,KY,37.2584,-83.1977,5008,US
Zephyrhills South,FL,28.2152,-82.1886,5008,US
Barling,AR,35.3284,-94.2791,5007,US
Turtle Creek,PA,40.4085,-79.8214,5007,US
Timber Pines,FL,28.469,-82.5999,5007,US
Eureka,IL,40.7148,-89.2775,5007,US
Mont-Orford,QC,45.3661,-72.1838,5007,CA
Doffing,TX,26.2788,-98.3856,5004,US
St. Clairsville,OH,40.0791,-80.8997,5003,US
Ste. Anne,MB,49.6186,-96.5708,5003,CA
Elko New Market,MN,44.5665,-93.338,5002,US
Munroe Falls,OH,41.1386,-81.4344,5000,US
